model,ticker,term,estimate_decimal,ols_se_decimal,ols_t,ols_p,n_months,r_squared,hac_se_lag12_decimal,hac_z_lag12,hac_p_lag12,hac_se_lag6_decimal,hac_z_lag6,hac_p_lag6
CAPM,VCB.HM,const,0.003610450087,0.007785765573,0.4637244794,0.6446111945,59,0.1903985387,0.005949571739,0.6068420125,0.543955764,0.00566782637,0.6370078847,0.5241197077
CAPM,VCB.HM,MKT_RF,0.4885125836,0.1334265214,3.661285466,0.0005506343619,59,0.1903985387,0.076345018,6.398748686,1.566554357e-10,0.08837662903,5.527621827,3.246008125e-08
CAPM,VIC.HM,const,0.02877676135,0.01943556209,1.480624086,0.1442134764,59,0.2040577731,0.02872910356,1.001658868,0.3165083788,0.02392618177,1.202731034,0.2290804203
CAPM,VIC.HM,MKT_RF,1.273242633,0.3330718627,3.822726492,0.0003290048687,59,0.2040577731,0.3497063006,3.640891316,0.0002716958183,0.3448872194,3.691765197,0.0002227030199
CAPM,HPG.HM,const,-0.00487834958,0.008633791962,-0.5650297809,0.5742707267,59,0.4938804082,0.006902196009,-0.7067822435,0.4797018108,0.006726900934,-0.7252001521,0.4683292496
CAPM,HPG.HM,MKT_RF,1.103479255,0.1479593519,7.457989241,5.485933079e-10,59,0.4938804082,0.1776075081,6.213021434,5.197535628e-10,0.1520017318,7.259649225,3.880954288e-13
CAPM,CTG.HM,const,0.004412796138,0.007192863663,0.6134964243,0.5419887136,59,0.4223982005,0.004671069886,0.9447077961,0.3448080758,0.005707925683,0.7730997885,0.4394633263
CAPM,CTG.HM,MKT_RF,0.7958420052,0.12326582,6.456307232,2.547375003e-08,59,0.4223982005,0.06190647263,12.85555405,8.005023246e-38,0.07292156925,10.91367086,9.916924525e-28
CAPM,TCB.HM,const,0.0001919586898,0.006617705766,0.02900683357,0.9769604647,59,0.6565666997,0.00639397779,0.03002179489,0.9760496712,0.006762097715,0.02838744689,0.9773531361
CAPM,TCB.HM,MKT_RF,1.183869812,0.1134092019,10.43892199,7.606686441e-15,59,0.6565666997,0.1018043748,11.62886973,2.939640687e-31,0.1244298275,9.5143571,1.828399315e-21
CAPM,VHM.HM,const,0.00870674803,0.01247550463,0.6979074828,0.4880724023,59,0.3953090211,0.01452222757,0.5995463152,0.5488086345,0.01393328544,0.6248883704,0.5320443256
CAPM,VHM.HM,MKT_RF,1.305082625,0.213795698,6.104344648,9.698477711e-08,59,0.3953090211,0.1459686733,8.940840491,3.86221518e-19,0.1514977981,8.614531969,7.022788682e-18
CAPM,NVL.HM,const,-0.02150851258,0.02032931946,-1.058004555,0.2945166157,59,0.1805101398,0.01365315862,-1.57535067,0.1151755242,0.01974615589,-1.089250622,0.2760433812
CAPM,NVL.HM,MKT_RF,1.2344688,0.3483883958,3.543369454,0.000796346268,59,0.1805101398,0.3253307362,3.794504062,0.0001479388604,0.317572341,3.887205025,0.0001014051003
CAPM,BID.HM,const,0.008008106994,0.01166339544,0.6866016878,0.4951175772,59,0.2084921023,0.008221427475,0.9740531093,0.33003017,0.009004906719,0.8893048251,0.373839279
CAPM,BID.HM,MKT_RF,0.7744982603,0.1998783892,3.874847418,0.0002779599432,59,0.2084921023,0.0681587622,11.36315032,6.3801591e-30,0.08389621357,9.231623543,2.665604391e-20
CAPM,GAS.HM,const,0.005843072503,0.01538502105,0.3797896983,0.7055129427,59,0.05009967589,0.009744930244,0.5996012651,0.5487720038,0.01080947111,0.5405511928,0.5888169666
CAPM,GAS.HM,MKT_RF,0.457145873,0.2636567748,1.733867348,0.08834780376,59,0.05009967589,0.1065695687,4.289647395,1.789570131e-05,0.1361988025,3.356460297,0.0007894705521
CAPM,VPB.HM,const,0.0007276548479,0.008907035753,0.08169438948,0.9351759327,59,0.517093059,0.005238336788,0.1389095198,0.8895216482,0.005952277404,0.1222481411,0.9027025013
CAPM,VPB.HM,MKT_RF,1.192515669,0.1526419959,7.812500499,1.408612792e-10,59,0.517093059,0.3143095942,3.794079758,0.0001481920369,0.3251490685,3.667596757,0.0002448409114
CAPM,VNM.HM,const,-0.005198204387,0.006418980679,-0.8098177338,0.4214128698,59,0.1246644752,0.003810344758,-1.36423466,0.1724937228,0.005576992202,-0.932080268,0.3512950446
CAPM,VNM.HM,MKT_RF,0.3134212341,0.1100036027,2.849190629,0.006088587613,59,0.1246644752,0.09946763004,3.150987251,0.00162719593,0.1169941513,2.678947884,0.007385388773
CAPM,GVR.HM,const,-0.0008373361566,0.01431637569,-0.05848799829,0.9535644892,59,0.3920431545,0.01062592588,-0.07880124199,0.9371907162,0.01147447557,-0.07297380619,0.9418269616
CAPM,GVR.HM,MKT_RF,1.487448424,0.2453431444,6.062726667,1.135103506e-07,59,0.3920431545,0.3471409704,4.284854139,1.828591172e-05,0.3342056001,4.450698682,8.559136492e-06
CAPM,MSN.HM,const,-0.01078972744,0.00937676378,-1.150687774,0.2546651833,59,0.3778734743,0.006253686825,-1.725338627,0.08446646464,0.006410134833,-1.683229405,0.09233069055
CAPM,MSN.HM,MKT_RF,0.9455077386,0.1606918371,5.883981137,2.226244455e-07,59,0.3778734743,0.1978865255,4.778029914,1.770210503e-06,0.1709840326,5.529801374,3.205935791e-08
CAPM,MBB.HM,const,0.006275063568,0.007445091599,0.8428457172,0.4028376679,59,0.5526836474,0.003572357239,1.756561046,0.07899265757,0.004068544148,1.542336359,0.1229918778
CAPM,MBB.HM,MKT_RF,1.070728182,0.1275883103,8.392055509,1.540309637e-11,59,0.5526836474,0.1134468889,9.438144959,3.794371761e-21,0.1509158797,7.09486758,1.294753985e-12
CAPM,SAB.HM,const,-0.00675743803,0.00755395882,-0.8945558469,0.374786463,59,0.1633840595,0.009405225628,-0.718476972,0.4724632417,0.009016786728,-0.7494286195,0.4535989066
CAPM,SAB.HM,MKT_RF,0.4319113881,0.1294539938,3.336408366,0.001498251839,59,0.1633840595,0.1749565479,2.468678042,0.01356131711,0.1750216896,2.46775922,0.01359617396
CAPM,ACB.HM,const,0.002331151166,0.005387921962,0.432662385,0.6668927201,59,0.4834977034,0.004550216733,0.5123165121,0.6084295108,0.004670815586,0.4990886759,0.6177169148
CAPM,ACB.HM,MKT_RF,0.6744669052,0.09233410361,7.304634786,9.883552754e-10,59,0.4834977034,0.09070926086,7.435480114,1.041888417e-13,0.1171420324,5.75768485,8.527536704e-09
CAPM,VRE.HM,const,-0.001415378849,0.01099197229,-0.128764776,0.8979970499,59,0.2638180932,0.0106963645,-0.1323233561,0.8947285343,0.01103612489,-0.1282496223,0.8979514313
CAPM,VRE.HM,MKT_RF,0.8513607263,0.1883720506,4.519570306,3.176301708e-05,59,0.2638180932,0.1753635742,4.854832198,1.20488727e-06,0.1736595446,4.902470109,9.463901939e-07
CAPM,MWG.HM,const,0.003055224713,0.009465036389,0.3227905935,0.748034953,59,0.4303667062,0.007660792127,0.3988131596,0.6900308798,0.009304107343,0.3283737602,0.7426290804
CAPM,MWG.HM,MKT_RF,1.064442502,0.1622045859,6.5623453,1.699734675e-08,59,0.4303667062,0.182300968,5.83892951,5.253729039e-09,0.1870329193,5.69120402,1.26146671e-08
CAPM,FPT.HM,const,0.004091956908,0.008705226389,0.4700574948,0.6401074738,59,0.2129823659,0.01292727626,0.3165366645,0.7515952004,0.0113876759,0.3593320485,0.7193467019
CAPM,FPT.HM,MKT_RF,0.5859194704,0.1491835407,3.927507469,0.0002341642308,59,0.2129823659,0.1498768793,3.909338607,9.254916307e-05,0.1630849968,3.592724542,0.0003272384607
CAPM,MCH.HM,const,0.01478053686,0.01451522266,1.018278342,0.3128484339,59,0.1164857311,0.0171642311,0.8611243214,0.3891695752,0.01720163864,0.8592516774,0.390201678
CAPM,MCH.HM,MKT_RF,0.6819170534,0.2487508324,2.741365916,0.008158645022,59,0.1164857311,0.1786301774,3.817479574,0.0001348219454,0.1867091412,3.652296021,0.0002599060291
CAPM,BSR.HM,const,0.0145393944,0.01689032906,0.8608117902,0.3929482664,59,0.2092319852,0.01179121477,1.233070102,0.2175496111,0.01381711559,1.052274211,0.2926737603
CAPM,BSR.HM,MKT_RF,1.124102386,0.2894535973,3.883532272,0.0002702309041,59,0.2092319852,0.1783208296,6.303819853,2.903980062e-10,0.2208704921,5.089418579,3.591630295e-07
CAPM,PLX.HM,const,-0.002996148565,0.01548357976,-0.1935049007,0.847251478,59,0.1347746341,0.007665981194,-0.3908369313,0.6959177747,0.0109869612,-0.2727003863,0.7850835377
CAPM,PLX.HM,MKT_RF,0.7906587894,0.265345799,2.979729818,0.00423447065,59,0.1347746341,0.1958280464,4.037515585,5.402025711e-05,0.2089592325,3.783794476,0.0001544553831
CAPM,VIB.HM,const,-0.003332408753,0.008433832712,-0.3951238858,0.6942262828,59,0.4918486585,0.005692884155,-0.5853638792,0.5583030709,0.005984197662,-0.5568680952,0.5776175545
CAPM,VIB.HM,MKT_RF,1.07355045,0.1445326025,7.427739007,6.161360755e-10,59,0.4918486585,0.1165665724,9.209762522,3.268472322e-20,0.134338111,7.99140647,1.334079101e-15
CAPM,STB.HM,const,0.01228676222,0.01020880905,1.203545111,0.2337401873,59,0.3615134536,0.006953563998,1.766973342,0.07723269289,0.008324890705,1.47590673,0.1399689326
CAPM,STB.HM,MKT_RF,0.9938931688,0.1749507953,5.680986857,4.760871816e-07,59,0.3615134536,0.1811211569,5.487449318,4.077789607e-08,0.1719624126,5.779711706,7.482873919e-09
CAPM,BCM.HM,const,0.004293097282,0.01259741743,0.3407918572,0.734513218,59,0.1378566255,0.01614942652,0.2658358968,0.7903655959,0.01398498323,0.3069790797,0.7588592959
CAPM,BCM.HM,MKT_RF,0.6517542367,0.2158849468,3.018988801,0.003789347144,59,0.1378566255,0.1322204651,4.92929923,8.252509391e-07,0.1768082152,3.686221456,0.0002276083069
CAPM,HDB.HM,const,0.01026029501,0.008694330992,1.180113228,0.2428568185,59,0.4626201317,0.004826894867,2.12565123,0.03353231056,0.005340769872,1.92112659,0.05471575013
CAPM,HDB.HM,MKT_RF,1.043724807,0.1489968237,7.005013806,3.121236645e-09,59,0.4626201317,0.1648235518,6.332376629,2.41413306e-10,0.1658003436,6.295070231,3.072607133e-10
CAPM,SHB.HM,const,-0.002345868736,0.008842679018,-0.2652893689,0.7917436484,59,0.4931361937,0.008923752669,-0.2628791746,0.7926437082,0.009384258513,-0.2499791254,0.8026034917
CAPM,SHB.HM,MKT_RF,1.128495751,0.1515390992,7.44689494,5.724583615e-10,59,0.4931361937,0.1622896499,6.953590398,3.561045801e-12,0.2087151809,5.406869525,6.413582884e-08
CAPM,VJC.HM,const,0.005936912184,0.01190131676,0.4988449854,0.6198083566,59,0.2085565443,0.0087435912,0.6790015736,0.4971368649,0.0101207571,0.5866075164,0.5574673334
CAPM,VJC.HM,MKT_RF,0.7904515358,0.2039557036,3.875603976,0.0002772782839,59,0.2085565443,0.2554962897,3.093788707,0.001976181726,0.2312213141,3.41859287,0.0006294583303
CAPM,SSB.HM,const,-0.001685979902,0.008248038502,-0.2044098002,0.8387614016,59,0.05800935722,0.006498502503,-0.2594412945,0.7952947717,0.006758668693,-0.2494544382,0.8030092801
CAPM,SSB.HM,MKT_RF,0.2648223775,0.1413486029,1.873540821,0.06612362849,59,0.05800935722,0.106500907,2.486573917,0.01289797724,0.1285267556,2.060445517,0.0393559693
CAPM,PDR.HM,const,-0.0183155934,0.016286421,-1.124592899,0.2654751634,59,0.3078555538,0.01262536505,-1.450698125,0.1468639379,0.01598816677,-1.145571826,0.2519723604
CAPM,PDR.HM,MKT_RF,1.405332379,0.2791042808,5.035151646,5.108367621e-06,59,0.3078555538,0.2391921563,5.875328024,4.22006871e-09,0.2582471081,5.441812646,5.274112919e-08
FF3,VCB.HM,const,0.002988964204,0.007431456285,0.4022043715,0.689092489,59,0.2992069687,0.007769510626,0.3847043074,0.7004565035,0.006659781757,0.4488081312,0.6535700726
FF3,VCB.HM,MKT_RF,0.460551587,0.1371690627,3.357547087,0.001432509369,59,0.2992069687,0.1058172374,4.352330473,1.346980187e-05,0.1231862103,3.738661868,0.0001850023589
FF3,VCB.HM,SMB,-0.4645622443,0.1589821076,-2.922103948,0.005036148041,59,0.2992069687,0.1089036839,-4.26580835,1.991797081e-05,0.110022076,-4.222445725,2.416656041e-05
FF3,VCB.HM,HML,0.09871460228,0.1192441446,0.8278360554,0.4113410741,59,0.2992069687,0.1274138812,0.7747554768,0.4384841627,0.1497792562,0.6590672484,0.509852586
FF3,VIC.HM,const,0.03036558158,0.01695377305,1.791081047,0.07878346731,59,0.4245688763,0.02234218566,1.359114191,0.1741104067,0.01906011157,1.593148155,0.1111269586
FF3,VIC.HM,MKT_RF,1.394253581,0.3129310151,4.455466265,4.153654165e-05,59,0.4245688763,0.381408347,3.655540294,0.0002566408926,0.3916183869,3.560235238,0.0003705227247
FF3,VIC.HM,SMB,-1.540931645,0.3626942644,-4.248569102,8.373860239e-05,59,0.4245688763,0.3878212605,-3.973303689,7.088258079e-05,0.4092745707,-3.765031486,0.0001665280969
FF3,VIC.HM,HML,-0.1389561155,0.2720379542,-0.5107967965,0.6115376348,59,0.4245688763,0.4887910506,-0.2842853104,0.7761917426,0.5330114419,-0.2607000612,0.7943238189
FF3,HPG.HM,const,-0.005325226734,0.008773654213,-0.606956532,0.5463773191,59,0.5034256303,0.006257508181,-0.8510139467,0.3947616055,0.006088428746,-0.8746471308,0.381765935
FF3,HPG.HM,MKT_RF,1.074489184,0.1619432153,6.634974992,1.492777639e-08,59,0.5034256303,0.1321065667,8.133503201,4.170590705e-16,0.1175550138,9.140309279,6.227397585e-20
FF3,HPG.HM,SMB,0.1554271675,0.1876959218,0.8280796193,0.4112043164,59,0.5034256303,0.2179497617,0.7131330004,0.4757634606,0.2371201232,0.6554786044,0.5121596573
FF3,HPG.HM,HML,0.05063684357,0.1407808714,0.3596855388,0.720459735,59,0.5034256303,0.1561855885,0.3242094488,0.745779469,0.1749962099,0.2893596587,0.7723061628
FF3,CTG.HM,const,0.004638938492,0.007143341565,0.6494073467,0.5187780692,59,0.4587461526,0.005471098136,0.8478989733,0.3964942364,0.006094442542,0.7611751954,0.4465524317
FF3,CTG.HM,MKT_RF,0.814080735,0.1318510706,6.174244406,8.403489512e-08,59,0.4587461526,0.1217901097,6.684292649,2.320426916e-11,0.1270153378,6.409310474,1.461792401e-10
FF3,CTG.HM,SMB,-0.2752329841,0.152818432,-1.801045727,0.07717894232,59,0.4587461526,0.2027982354,-1.357176425,0.1747251597,0.180670646,-1.523396247,0.1276596005
FF3,CTG.HM,HML,-0.01745448819,0.1146210947,-0.1522798944,0.8795234372,59,0.4587461526,0.1104561399,-0.1580218918,0.8744395483,0.125435566,-0.1391510299,0.8893308044
FF3,TCB.HM,const,0.00053666935,0.006707731096,0.08000758264,0.9365216375,59,0.6647629069,0.006992252184,0.07675200148,0.9388208353,0.007461206669,0.07192795667,0.9426592415
FF3,TCB.HM,MKT_RF,1.206567409,0.1238106169,9.745266104,1.394826656e-13,59,0.6647629069,0.1328758882,9.08040898,1.081676332e-19,0.138656839,8.701823995,3.265918372e-18
FF3,TCB.HM,SMB,-0.1383663311,0.1434993608,-0.9642295992,0.3391513905,59,0.6647629069,0.08408987543,-1.645457678,0.0998754636,0.1054758395,-1.311829626,0.1895776265
FF3,TCB.HM,HML,-0.03829228459,0.1076313479,-0.3557726011,0.7233718469,59,0.6647629069,0.1236160207,-0.3097679763,0.7567374057,0.122872966,-0.3116412491,0.755313182
FF3,VHM.HM,const,0.005321835396,0.01071177855,0.4968208942,0.6212954651,59,0.5764412091,0.009645421575,0.5517473088,0.5811214922,0.009680899289,0.5497253134,0.582507792
FF3,VHM.HM,MKT_RF,1.125944177,0.1977169167,5.694728582,4.981450629e-07,59,0.5764412091,0.2300579227,4.894176925,9.871800072e-07,0.2478018951,4.54372706,5.526821149e-06
FF3,VHM.HM,SMB,-1.051087471,0.2291584669,-4.586727628,2.644411162e-05,59,0.5764412091,0.2285911302,-4.598111355,4.263381197e-06,0.265959767,-3.952054415,7.748311527e-05
FF3,VHM.HM,HML,0.4761706387,0.1718797528,2.770370743,0.007621698084,59,0.5764412091,0.2791209244,1.705965397,0.08801452235,0.2915682701,1.633136001,0.1024403964
FF3,NVL.HM,const,-0.02012365073,0.02000324168,-1.006019477,0.318811814,59,0.2461725464,0.01325662455,-1.518007142,0.1290125983,0.01769990833,-1.136935309,0.2555653303
FF3,NVL.HM,MKT_RF,1.298573618,0.3692177962,3.51709379,0.0008828779252,59,0.2461725464,0.4144091764,3.133554207,0.001727030157,0.4142735883,3.134579792,0.001721004422
FF3,NVL.HM,SMB,0.9360737636,0.427931942,2.187436066,0.03297943799,59,0.2461725464,0.5011058059,1.868016201,0.06175981282,0.6036434274,1.550706462,0.1209720453
FF3,NVL.HM,HML,-0.2158471017,0.3209693163,-0.672485159,0.5040904464,59,0.2461725464,0.450181432,-0.4794669134,0.6316065008,0.4758213192,-0.4536305814,0.6500947387
FF3,BID.HM,const,0.007944277612,0.01143429482,0.6947763493,0.4901202628,59,0.2772346799,0.009933089522,0.7997791215,0.4238387817,0.009582092143,0.8290754767,0.4070616994
FF3,BID.HM,MKT_RF,0.7807067141,0.2110530484,3.699101813,0.0005012442557,59,0.2772346799,0.1645409253,4.744757043,2.08756741e-06,0.1733876626,4.502665889,6.710633723e-06
FF3,BID.HM,SMB,-0.5479437647,0.2446153512,-2.240021986,0.02915036196,59,0.2772346799,0.1947919832,-2.812968766,0.004908641884,0.2189745834,-2.502316735,0.01233834861
FF3,BID.HM,HML,0.03092926526,0.1834731515,0.1685765193,0.8667481706,59,0.2772346799,0.1510234952,0.2047977053,0.8377301799,0.1770939707,0.1746488892,0.8613555309
FF3,GAS.HM,const,0.007295346394,0.01536836862,0.4746988163,0.6368811759,59,0.09944411925,0.009305812226,0.7839558994,0.4330659877,0.009689165005,0.7529386062,0.4514868076
FF3,GAS.HM,MKT_RF,0.5502581502,0.2836677818,1.939797839,0.05753922108,59,0.09944411925,0.1293837062,4.252916897,2.110038966e-05,0.1522905076,3.613213712,0.0003024252371
FF3,GAS.HM,SMB,-0.4444862704,0.328777502,-1.351936394,0.1819292844,59,0.09944411925,0.1835441675,-2.421685617,0.01544870914,0.1907532354,-2.330163729,0.01979749918
FF3,GAS.HM,HML,-0.1670807685,0.2465987688,-0.6775409678,0.5009030871,59,0.09944411925,0.09777035926,-1.708910244,0.08746757676,0.1067932913,-1.564524948,0.1176943389
FF3,VPB.HM,const,-0.002202361414,0.008554914302,-0.257438162,0.7978012919,59,0.5767454205,0.004784725568,-0.4602900172,0.6453080657,0.005321477608,-0.4138627607,0.6789746176
FF3,VPB.HM,MKT_RF,1.024021521,0.1579057363,6.485017866,2.623265521e-08,59,0.5767454205,0.2615259123,3.915564283,9.019300843e-05,0.2542444581,4.027704394,5.632409677e-05
FF3,VPB.HM,SMB,-0.1699668111,0.1830163905,-0.9286972092,0.3571040506,59,0.5767454205,0.138753917,-1.224951445,0.2205935155,0.1434772254,-1.184625718,0.2361654641
FF3,VPB.HM,HML,0.3814277214,0.1372710003,2.778647497,0.007453854713,59,0.5767454205,0.2323963158,1.641281275,0.1007390413,0.2176728497,1.752298102,0.07972256222
FF3,VNM.HM,const,-0.004165820859,0.006387644099,-0.6521685921,0.5170088147,59,0.1764364428,0.004147673691,-1.004375264,0.3151977682,0.00532033776,-0.782999322,0.4336275102
FF3,VNM.HM,MKT_RF,0.3763652529,0.1179024838,3.192174082,0.002335623387,59,0.1764364428,0.1007881645,3.734220726,0.0001882973031,0.1195096781,3.149244974,0.001636929125
FF3,VNM.HM,SMB,-0.1370913459,0.1366516982,-1.003217287,0.3201494688,59,0.1764364428,0.1152566144,-1.189444499,0.234264799,0.1218635349,-1.124957897,0.260606876
FF3,VNM.HM,HML,-0.1262081367,0.1024952751,-1.231355656,0.2234292071,59,0.1764364428,0.0584841711,-2.157987954,0.0309287684,0.06737866159,-1.8731173,0.06105218886
FF3,GVR.HM,const,-0.0003892090936,0.01424626818,-0.02732007349,0.978303336,59,0.4280183539,0.0104172349,-0.03736203487,0.9701963433,0.01142195855,-0.0340755127,0.9728169352
FF3,GVR.HM,MKT_RF,1.503439082,0.2629561661,5.717451332,4.581304383e-07,59,0.4280183539,0.2826781492,5.318554287,1.045950134e-07,0.2861553292,5.253926551,1.48890277e-07
FF3,GVR.HM,SMB,0.5647490686,0.3047722617,1.853019909,0.06924727233,59,0.4280183539,0.1567752964,3.602283532,0.0003154340423,0.1646808244,3.429355364,0.0006050168032
FF3,GVR.HM,HML,-0.08072883385,0.2285936965,-0.3531542431,0.7253228023,59,0.4280183539,0.2114643694,-0.3817609278,0.7026387027,0.2273843919,-0.3550324329,0.722565294
FF3,MSN.HM,const,-0.0114034157,0.009591662095,-1.188888389,0.2395914249,59,0.3815084201,0.005937403071,-1.920606629,0.05478131885,0.006504633874,-1.753121838,0.07958109572
FF3,MSN.HM,MKT_RF,0.9108590599,0.1770419214,5.14487785,3.688439085e-06,59,0.3815084201,0.2197553858,4.144877072,3.399960533e-05,0.1924765499,4.732311859,2.219770198e-06
FF3,MSN.HM,SMB,-0.07097903936,0.2051956705,-0.3459090497,0.7307307621,59,0.3815084201,0.2371063907,-0.2993552353,0.764669014,0.2435737525,-0.2914067655,0.7707402409
FF3,MSN.HM,HML,0.08136002841,0.1539065155,0.5286327754,0.5991870816,59,0.3815084201,0.2054234295,0.3960601214,0.6920606764,0.2233550334,0.3642632413,0.7156614462
FF3,MBB.HM,const,0.00548801005,0.007415297946,0.7400929929,0.4623912022,59,0.578395558,0.005213071869,1.052740148,0.2924601029,0.005292211664,1.036997459,0.2997370413
FF3,MBB.HM,MKT_RF,1.029730274,0.1368708137,7.523373656,5.238049302e-10,59,0.578395558,0.1361896757,7.561001,3.999791713e-14,0.1593450336,6.462267767,1.031453699e-10
FF3,MBB.HM,SMB,-0.2804826441,0.1586364301,-1.768084695,0.08259299685,59,0.578395558,0.1535340351,-1.826843435,0.06772331315,0.1775397808,-1.579829843,0.1141458393
FF3,MBB.HM,HML,0.112218114,0.11898487,0.9431292732,0.3497393461,59,0.578395558,0.1686152422,0.6655276981,0.5057130337,0.1496736631,0.749751905,0.4534041401
FF3,SAB.HM,const,-0.004483309515,0.007316457258,-0.6127705468,0.542553601,59,0.2543210708,0.0103316222,-0.4339405206,0.6643316339,0.009420949472,-0.4758872265,0.6341547228
FF3,SAB.HM,MKT_RF,0.5617307512,0.1350464224,4.159538188,0.000112744377,59,0.2543210708,0.1533166786,3.663859381,0.0002484432163,0.1488983915,3.772577698,0.0001615696281
FF3,SAB.HM,SMB,0.1846500825,0.1565219185,1.179707508,0.2431942172,59,0.2543210708,0.1091611562,1.691536522,0.09073437858,0.1396207797,1.322511469,0.1859978929
FF3,SAB.HM,HML,-0.2982362675,0.1173988857,-2.540367106,0.01392694213,59,0.2543210708,0.0469577208,-6.351165739,2.136893224e-10,0.04904608079,-6.080735967,1.196321517e-09
FF3,ACB.HM,const,0.00213159752,0.005466275768,0.3899542597,0.6980764539,59,0.4948899369,0.005405869559,0.3943116824,0.6933509393,0.005229991614,0.4075718811,0.6835880117
FF3,ACB.HM,MKT_RF,0.6651430273,0.100895961,6.59236525,1.752318051e-08,59,0.4948899369,0.1167837788,5.695508695,1.230046165e-08,0.1411126824,4.713559517,2.434265805e-06
FF3,ACB.HM,SMB,-0.1301139082,0.116940746,-1.11264818,0.2706991316,59,0.4948899369,0.06726032047,-1.93448243,0.05305384023,0.0898030784,-1.448880267,0.1473710229
FF3,ACB.HM,HML,0.03090450288,0.08771112322,0.3523441697,0.7259267651,59,0.4948899369,0.1693171802,0.1825243183,0.8551712717,0.1607014985,0.1923099858,0.8474993969
FF3,VRE.HM,const,-0.0034656604,0.01002899985,-0.34556391,0.7309887274,59,0.4177326725,0.00883211735,-0.3923929294,0.6947679095,0.009064932496,-0.3823150809,0.7022276699
FF3,VRE.HM,MKT_RF,0.7457745468,0.1851142571,4.028725603,0.0001736650507,59,0.4177326725,0.2755753657,2.706245331,0.006804875358,0.2723209813,2.738586441,0.006170393725
FF3,VRE.HM,SMB,-0.7975254778,0.2145516937,-3.717171672,0.0004734827946,59,0.4177326725,0.1788761646,-4.45853409,8.252207401e-06,0.230293874,-3.463077258,0.0005340350345
FF3,VRE.HM,HML,0.2951083047,0.160923978,1.833836749,0.07209085575,59,0.4177326725,0.2351951935,1.254737821,0.2095739512,0.2406272992,1.226412405,0.2200435202
FF3,MWG.HM,const,0.004703011766,0.009514331833,0.49430815,0.6230571881,59,0.4531343313,0.007417305046,0.6340593703,0.526042077,0.009090471211,0.5173562137,0.6049075196
FF3,MWG.HM,MKT_RF,1.157708099,0.1756145673,6.592323844,1.752590967e-08,59,0.4531343313,0.2151000787,5.382183522,7.358768156e-08,0.2108229432,5.491376233,3.98813757e-08
FF3,MWG.HM,SMB,0.1778032768,0.2035413341,0.8735487442,0.3861622627,59,0.4531343313,0.1987489408,0.8946124497,0.3709942943,0.2110376531,0.84251921,0.3994973916
FF3,MWG.HM,HML,-0.2179250523,0.1526656845,-1.427465858,0.1590989769,59,0.4531343313,0.1214496008,-1.794366148,0.07275474641,0.1261558835,-1.727426785,0.08409104361
FF3,FPT.HM,const,0.006620596493,0.008294218164,0.7982182723,0.4281770378,59,0.3211895569,0.01160297105,0.5705949334,0.5682742537,0.01002259788,0.6605669083,0.5088900967
FF3,FPT.HM,MKT_RF,0.7270706688,0.1530938336,4.749183242,1.502259815e-05,59,0.3211895569,0.1456574879,4.991646355,5.986679382e-07,0.1477888595,4.919658162,8.66954893e-07
FF3,FPT.HM,SMB,0.3814402761,0.1774392843,2.149694627,0.03599383094,59,0.3211895569,0.1046352534,3.645427936,0.0002669472144,0.1140828854,3.343536366,0.0008271785173
FF3,FPT.HM,HML,-0.3389338225,0.1330879053,-2.54669139,0.01370376123,59,0.3211895569,0.1108498628,-3.057593524,0.002231220042,0.1070952991,-3.164787114,0.001551964576
FF3,MCH.HM,const,0.01865451553,0.01427876666,1.306451459,0.1968360857,59,0.1876917969,0.01673982652,1.114379263,0.2651165158,0.01609929611,1.15871622,0.2465718769
FF3,MCH.HM,MKT_RF,0.9069129177,0.2635560197,3.441063189,0.001113543205,59,0.1876917969,0.2900923101,3.126290791,0.001770264107,0.3026116919,2.996952669,0.002726930485
FF3,MCH.HM,SMB,0.1025337524,0.3054675059,0.3356617328,0.7384030485,59,0.1876917969,0.3048794716,0.3363091383,0.7366377595,0.3350749234,0.3060024645,0.7596027693
FF3,MCH.HM,HML,-0.4992336037,0.2291151627,-2.178963618,0.03363610296,59,0.1876917969,0.2750993171,-1.814739524,0.06956394807,0.2676410831,-1.865310056,0.06213795642
FF3,BSR.HM,const,0.01437632343,0.01732652786,0.8297290459,0.4102789166,59,0.209377375,0.01090589401,1.31821595,0.1874313676,0.01303952021,1.102519357,0.270235948
FF3,BSR.HM,MKT_RF,1.11423389,0.3198112855,3.484035557,0.0009769497833,59,0.209377375,0.2609912286,4.26923884,1.961411547e-05,0.3112621629,3.579728032,0.0003439519929
FF3,BSR.HM,SMB,0.01758447637,0.3706686565,0.04743987944,0.9623344905,59,0.209377375,0.2633143933,0.06678129574,0.946755814,0.2673368502,0.06577647772,0.9475557837
FF3,BSR.HM,HML,0.02010446162,0.2780191277,0.07231323179,0.9426149665,59,0.209377375,0.2224345403,0.09038372185,0.9279822918,0.2484166555,0.08093040937,0.9354972961
FF3,PLX.HM,const,-0.001768424142,0.01582265133,-0.1117653486,0.9114163603,59,0.1415435056,0.00739487028,-0.23914201,0.8109954674,0.01059103988,-0.1669736081,0.8673908151
FF3,PLX.HM,MKT_RF,0.8604849539,0.2920528857,2.946332654,0.004708147923,59,0.1415435056,0.1684598923,5.107951466,3.256702712e-07,0.1856377838,4.635289951,3.564375035e-06
FF3,PLX.HM,SMB,0.113948211,0.3384960309,0.3366308632,0.7376762879,59,0.1415435056,0.1919381722,0.5936714399,0.5527318888,0.2038866868,0.5588800959,0.5762435543
FF3,PLX.HM,HML,-0.1616003498,0.2538881278,-0.6365021916,0.5270894002,59,0.1415435056,0.1721004154,-0.9389887258,0.3477365328,0.1870491311,-0.8639460063,0.3876175521
FF3,VIB.HM,const,-0.004509204261,0.008431369141,-0.5348128146,0.5949349485,59,0.5174830189,0.005378898009,-0.8383137686,0.4018545051,0.005665828556,-0.7958596375,0.4261136236
FF3,VIB.HM,MKT_RF,1.001350267,0.1556253523,6.434364659,3.172756895e-08,59,0.5174830189,0.1353543016,7.397993675,1.382574343e-13,0.1449793419,6.906847927,4.955406417e-12
FF3,VIB.HM,SMB,0.1811370306,0.1803733729,1.004233761,0.3196638092,59,0.5174830189,0.1181979427,1.532488861,0.1254018443,0.125748666,1.440468805,0.1497348095
FF3,VIB.HM,HML,0.1428287773,0.1352886113,1.05573393,0.2957052819,59,0.5174830189,0.1564969287,0.9126618551,0.3614204116,0.1645340656,0.8680802773,0.3853503872
FF3,STB.HM,const,0.01117273038,0.01016607166,1.099021407,0.2765463707,59,0.3984368772,0.00548671193,2.036325311,0.04171769986,0.007009651561,1.59390667,0.1109569403
FF3,STB.HM,MKT_RF,0.9356286759,0.1876443146,4.986181852,6.505681294e-06,59,0.3984368772,0.1615641871,5.791064795,6.994158613e-09,0.1524767827,6.136204211,8.451650281e-10
FF3,STB.HM,SMB,-0.3841078764,0.2174840887,-1.766142428,0.08292165967,59,0.3984368772,0.1788637056,-2.147489203,0.03175435587,0.2071184521,-1.854532382,0.06366303178
FF3,STB.HM,HML,0.1583025293,0.1631234138,0.9704463978,0.3360725675,59,0.3984368772,0.2101326988,0.7533455299,0.4512423057,0.2148714213,0.7367314293,0.4612856899
FF3,BCM.HM,const,0.004898047423,0.01290543851,0.379533591,0.7057531737,59,0.1403230771,0.0159268654,0.3075336735,0.7584371963,0.01376740069,0.3557714003,0.7220117688
FF3,BCM.HM,MKT_RF,0.6861700288,0.2382072688,2.880558734,0.005648398291,59,0.1403230771,0.1689129587,4.062269906,4.859784057e-05,0.2102050728,3.264288629,0.001097393105
FF3,BCM.HM,SMB,0.05561924157,0.2760877189,0.2014549643,0.8410860664,59,0.1403230771,0.3784891561,0.1469506872,0.8831709436,0.3814223493,0.1458206151,0.8840630014
FF3,BCM.HM,HML,-0.07960518254,0.2070789247,-0.3844195283,0.7021499007,59,0.1403230771,0.2206023435,-0.3608537483,0.7182087807,0.230191859,-0.345821016,0.7294772301
FF3,HDB.HM,const,0.009937949409,0.008855963934,1.122175913,0.2666628517,59,0.4702706769,0.005331358789,1.864055638,0.06231389144,0.005614855504,1.769938586,0.07673737208
FF3,HDB.HM,MKT_RF,1.02789401,0.1634624797,6.288256557,5.486564589e-08,59,0.4702706769,0.1626611689,6.319234129,2.628627695e-10,0.1635539698,6.284738985,3.284049812e-10
FF3,HDB.HM,SMB,-0.1677780824,0.1894567843,-0.8855744224,0.37970243,59,0.4702706769,0.1387355816,-1.209337075,0.2265333728,0.1874449004,-0.8950794716,0.3707446068
FF3,HDB.HM,HML,0.04815884999,0.1421016021,0.3389043423,0.7359723293,59,0.4702706769,0.06931262798,0.6948062913,0.487176705,0.1014020126,0.4749299228,0.6348369227
FF3,SHB.HM,const,-0.006427924859,0.007869640046,-0.8168003646,0.4175665174,59,0.618577263,0.007248665319,-0.886773575,0.3752008172,0.006873281196,-0.9352046971,0.3496828183
FF3,SHB.HM,MKT_RF,0.8900734631,0.1452570139,6.127576487,1.000275102e-07,59,0.618577263,0.1384820285,6.427357202,1.298414701e-10,0.1524914905,5.836872995,5.318960852e-09
FF3,SHB.HM,SMB,-0.03413467,0.1683562296,-0.20275264,0.8400765701,59,0.618577263,0.1447537298,-0.235812024,0.8135785374,0.1407232118,-0.2425660242,0.808341604
FF3,SHB.HM,HML,0.5229764918,0.1262751821,4.141561969,0.0001196830862,59,0.618577263,0.2164153676,2.416540459,0.01566878477,0.1923616418,2.718715057,0.006553603757
FF3,VJC.HM,const,0.005852097366,0.01220939331,0.4793110696,0.6336177325,59,0.2086086218,0.009524469069,0.614427673,0.5389327538,0.01063134188,0.5504570761,0.5820059101
FF3,VJC.HM,MKT_RF,0.7854430218,0.2253597374,3.485285486,0.0009732257661,59,0.2086086218,0.3058125196,2.568380859,0.01021748282,0.2593499449,3.028506607,0.002457657029
FF3,VJC.HM,SMB,0.002304273122,0.2611971336,0.008821969404,0.9929931001,59,0.2086086218,0.133708866,0.01723351031,0.9862503288,0.1514686078,0.01521287583,0.9878623494
FF3,VJC.HM,HML,0.01074088218,0.1959102772,0.0548255167,0.9564761444,59,0.2086086218,0.17507057,0.06135172905,0.9510790945,0.1838360658,0.05842641448,0.953408975
FF3,SSB.HM,const,-0.00329564852,0.008278353106,-0.3981043666,0.6920944088,59,0.09841556401,0.00609214544,-0.5409668158,0.5885304556,0.0063166794,-0.5217375002,0.601853111
FF3,SSB.HM,MKT_RF,0.1717522464,0.1528009979,1.124025685,0.2658841799,59,0.09841556401,0.08805082389,1.950603513,0.05110422901,0.1002631897,1.713013988,0.08670996617
FF3,SSB.HM,SMB,-0.065599483,0.177099881,-0.3704095261,0.7125001008,59,0.09841556401,0.1877045325,-0.3494826796,0.7267269718,0.18654451,-0.3516559291,0.7250963155
FF3,SSB.HM,HML,0.208391256,0.1328333367,1.568817446,0.1224263719,59,0.09841556401,0.1086350083,1.918269803,0.05507680933,0.1281098344,1.62666088,0.1038091415
FF3,PDR.HM,const,-0.01729893548,0.01494364029,-1.157611876,0.2520250148,59,0.4463548277,0.008400957024,-2.059162478,0.03947867633,0.01178236308,-1.468205942,0.1420482908
FF3,PDR.HM,MKT_RF,1.443401651,0.2758281895,5.232973662,2.685774369e-06,59,0.4463548277,0.2342641727,6.161427223,7.209220193e-10,0.2660837512,5.424614035,5.807990125e-08
FF3,PDR.HM,SMB,1.182538811,0.3196912338,3.699002931,0.0005014003776,59,0.4463548277,0.628727582,1.880844494,0.05999307563,0.7100313199,1.665474152,0.09581819622
FF3,PDR.HM,HML,-0.179045968,0.2397836353,-0.7466980294,0.4584260003,59,0.4463548277,0.2963628983,-0.6041443413,0.5457476816,0.3209145676,-0.5579240896,0.576896221
FF5,VCB.HM,const,0.007355460409,0.005704254955,1.289469084,0.2028340454,59,0.6094415123,0.005639632452,1.304244642,0.1921501833,0.005407608541,1.360205783,0.1737648131
FF5,VCB.HM,MKT_RF,0.7070584225,0.1221660835,5.787681837,3.933412015e-07,59,0.6094415123,0.1186707211,5.958153923,2.551031902e-09,0.126068055,5.608545497,2.040340645e-08
FF5,VCB.HM,SMB_FF5,-0.5753843174,0.1205043968,-4.774799364,1.459212667e-05,59,0.6094415123,0.08239626053,-6.983136294,2.886621188e-12,0.1018827655,-5.647513736,1.627848329e-08
FF5,VCB.HM,HML,0.1703695283,0.09605048647,1.773749771,0.0818495825,59,0.6094415123,0.07505297198,2.269990433,0.02320816354,0.08926689653,1.908540959,0.05632133453
FF5,VCB.HM,RMW,0.6018223497,0.1077286007,5.586467717,8.168094314e-07,59,0.6094415123,0.06409062802,9.390177133,5.989943606e-21,0.08479208216,7.097624382,1.269195657e-12
FF5,VCB.HM,CMA,0.2903344342,0.1406064046,2.064873467,0.04384233838,59,0.6094415123,0.1624526345,1.787194373,0.07390607849,0.162974293,1.781473807,0.07483508024
FF5,VIC.HM,const,0.01917227524,0.008923366666,2.148547287,0.03625834839,59,0.8492128268,0.005968593952,3.21219292,0.001317258866,0.006785742139,2.825376333,0.00472251138
FF5,VIC.HM,MKT_RF,0.7138592768,0.1911087015,3.735357267,0.0004598193897,59,0.8492128268,0.2110892254,3.381789268,0.0007201536666,0.2011797468,3.548365519,0.000387629886
FF5,VIC.HM,SMB_FF5,-1.167745167,0.1885092666,-6.194630047,8.859599573e-08,59,0.8492128268,0.193136925,-6.046203576,1.482986933e-09,0.1992918423,-5.859472989,4.643384024e-09
FF5,VIC.HM,HML,-0.07022758002,0.1502551544,-0.4673888246,0.6421377425,59,0.8492128268,0.1387466655,-0.506156885,0.6127465194,0.1802610561,-0.3895881981,0.6968410805
FF5,VIC.HM,RMW,-1.820483368,0.1685236392,-10.80254008,5.279997705e-15,59,0.8492128268,0.145817445,-12.48467471,9.051250593e-36,0.1562801039,-11.64884923,2.325782612e-31
FF5,VIC.HM,CMA,-0.4090141594,0.2199555444,-1.859531027,0.06850640611,59,0.8492128268,0.1954209901,-2.092989905,0.03635005575,0.2229131474,-1.834858842,0.0665266074
FF5,HPG.HM,const,-0.003957853426,0.008907478434,-0.444329274,0.658613618,59,0.5158508929,0.006745318142,-0.5867556344,0.5573678371,0.006668633037,-0.5935029569,0.5528446047
FF5,HPG.HM,MKT_RF,1.054192313,0.1907684286,5.52603133,1.016256028e-06,59,0.5158508929,0.1390422302,7.581813895,3.407568419e-14,0.1334238912,7.901076065,2.765058405e-15
FF5,HPG.HM,SMB_FF5,0.08898335704,0.1881736221,0.472879015,0.6382411988,59,0.5158508929,0.2237481107,0.3976943392,0.6908555107,0.2414427176,0.3685485234,0.7124642708
FF5,HPG.HM,HML,0.06825763087,0.1499876221,0.4550884259,0.6509044215,59,0.5158508929,0.1792362595,0.3808249015,0.7033331804,0.1934011569,0.3529328985,0.7241387464
FF5,HPG.HM,RMW,0.1985479183,0.1682235795,1.180262118,0.2431661694,59,0.5158508929,0.1626385389,1.220792561,0.2221645712,0.1600537739,1.240507571,0.2147877156
FF5,HPG.HM,CMA,-0.1521164797,0.2195639092,-0.6928118571,0.4914523866,59,0.5158508929,0.3421821754,-0.4445482278,0.6566462688,0.333762688,-0.455762388,0.6485608535
FF5,CTG.HM,const,0.007176966919,0.006770580131,1.060022447,0.2939413664,59,0.5400652412,0.003842160038,1.867951061,0.06176889274,0.005480101987,1.309641123,0.19031727
FF5,CTG.HM,MKT_RF,0.9455465864,0.1450032062,6.520866752,2.659187949e-08,59,0.5400652412,0.1032172889,9.160738443,5.154338575e-20,0.1220122462,7.749603962,9.217958573e-15
FF5,CTG.HM,SMB_FF5,-0.3357685161,0.1430308921,-2.347524448,0.02266528722,59,0.5400652412,0.1554778147,-2.159591171,0.03080433248,0.1474446227,-2.277251689,0.02277120005
FF5,CTG.HM,HML,0.02540414649,0.1140056888,0.2228322705,0.824522615,59,0.5400652412,0.07533092181,0.3372339789,0.7359405246,0.08204856435,0.3096232907,0.7568474427
FF5,CTG.HM,RMW,0.3463939539,0.1278668518,2.709020743,0.009068006209,59,0.5400652412,0.08630659039,4.013528426,5.981779494e-05,0.0941004009,3.681110289,0.0002322205228
FF5,CTG.HM,CMA,0.1447167699,0.1668906697,0.8671351741,0.3897770229,59,0.5400652412,0.1927771305,0.7506946987,0.4528364142,0.1927374985,0.7508490616,0.4527434991
FF5,TCB.HM,const,0.002277309605,0.00666208329,0.3418314522,0.7338294697,59,0.6871996731,0.005673318098,0.4014070013,0.6881204955,0.006870322803,0.3314705394,0.7402890905
FF5,TCB.HM,MKT_RF,1.171255016,0.1426795664,8.208989174,5.195741164e-11,59,0.6871996731,0.1549432451,7.55925187,4.053942328e-14,0.1723844815,6.794434195,1.08738435e-11
FF5,TCB.HM,SMB_FF5,-0.209527237,0.1407388581,-1.488766073,0.1424756025,59,0.6871996731,0.07824916171,-2.677693057,0.007413111763,0.0994568831,-2.106714291,0.03514235265
FF5,TCB.HM,HML,0.01501270102,0.1121787764,0.1338283542,0.8940451918,59,0.6871996731,0.1161323285,0.1292723672,0.8971421357,0.1180620725,0.1271593891,0.8988142472
FF5,TCB.HM,RMW,0.217582171,0.1258178177,1.729343069,0.08956875262,59,0.6871996731,0.09783093832,2.224063009,0.02614420526,0.1165714914,1.866512716,0.06196966672
FF5,TCB.HM,CMA,-0.1600194653,0.1642162887,-0.9744433182,0.3342631564,59,0.6871996731,0.1384437165,-1.155844912,0.2477445987,0.1390172842,-1.151076043,0.2497009531
FF5,VHM.HM,const,0.0001989467501,0.007841464652,0.02537112121,0.9798542326,59,0.7853004119,0.004102703367,0.04849162426,0.9613244395,0.005084611558,0.03912722689,0.9687889537
FF5,VHM.HM,MKT_RF,0.7517987703,0.1679379749,4.476645445,4.060596097e-05,59,0.7853004119,0.1955430377,3.844671634,0.0001207139717,0.175210803,4.290824294,1.780111226e-05
FF5,VHM.HM,SMB_FF5,-0.9065292721,0.1656537051,-5.472435835,1.232993187e-06,59,0.7853004119,0.1261678943,-7.185102655,6.715670862e-13,0.1462789216,-6.19726521,5.745264888e-10
FF5,VHM.HM,HML,0.5599894108,0.1320376632,4.241133911,8.954985291e-05,59,0.7853004119,0.0872739818,6.416453097,1.394858974e-10,0.09647131648,5.804724464,6.447193741e-09
FF5,VHM.HM,RMW,-0.8773908324,0.1480912092,-5.924665191,2.385567027e-07,59,0.7853004119,0.08510191942,-10.309883,6.357867509e-25,0.1164946382,-7.531598414,5.012291195e-14
FF5,VHM.HM,CMA,-0.253378236,0.1932873198,-1.310889075,0.1955469974,59,0.7853004119,0.1893908627,-1.337858819,0.1809424636,0.1850672126,-1.369114671,0.170963433
FF5,NVL.HM,const,-0.0257073062,0.01959794842,-1.311734557,0.1952634675,59,0.315554755,0.01006135122,-2.555055045,0.01061710067,0.01569890046,-1.637522721,0.1015212955
FF5,NVL.HM,MKT_RF,0.9565465177,0.4197225794,2.278997044,0.02672214775,59,0.315554755,0.3688259049,2.593490601,0.009500713606,0.4016477664,2.381555675,0.01723968452
FF5,NVL.HM,SMB_FF5,1.019725268,0.4140135692,2.463023783,0.01705927257,59,0.315554755,0.533822439,1.910233053,0.05610321316,0.6497233865,1.569476009,0.1165370654
FF5,NVL.HM,HML,-0.3195702006,0.3299979567,-0.9684005434,0.3372429441,59,0.315554755,0.4688728048,-0.6815712009,0.4955101305,0.5204415342,-0.614036697,0.5391910778
FF5,NVL.HM,RMW,-0.7378405351,0.3701201254,-1.993516387,0.05136283261,59,0.315554755,0.2203274538,-3.348836119,0.0008115178104,0.3201600839,-2.304598769,0.021189055
FF5,NVL.HM,CMA,-0.4715491015,0.4830774724,-0.9761355651,0.3334318212,59,0.315554755,0.3596687694,-1.311064906,0.1898358359,0.3841666073,-1.22745989,0.2196497885
FF5,BID.HM,const,0.01336095245,0.009819819132,1.36061085,0.179395109,59,0.4957663603,0.009199508817,1.452354981,0.1464029271,0.009606452613,1.390831037,0.1642766689
FF5,BID.HM,MKT_RF,1.092257971,0.2103077183,5.193618095,3.346618951e-06,59,0.4957663603,0.173196373,6.306471388,2.854687221e-10,0.2130636164,5.126440588,2.952711749e-07
FF5,BID.HM,SMB_FF5,-0.7082665335,0.2074471409,-3.414202434,0.001233704979,59,0.4957663603,0.1841618246,-3.845892248,0.0001201145431,0.2252654746,-3.144141528,0.001665748567
FF5,BID.HM,HML,0.1230459726,0.1653499733,0.7441547777,0.4600695427,59,0.4957663603,0.08647433239,1.422919024,0.1547596307,0.1067551958,1.152599382,0.2490748572
FF5,BID.HM,RMW,0.7525306728,0.1854537327,4.057781215,0.0001637585681,59,0.4957663603,0.1843395984,4.082306132,4.459100564e-05,0.1957900756,3.843558824,0.0001212629164
FF5,BID.HM,CMA,0.3715946225,0.2420525508,1.535181601,0.1306878732,59,0.4957663603,0.3395275437,1.094446178,0.2737593406,0.3401540325,1.092430449,0.2746439455
FF5,GAS.HM,const,0.009969285761,0.01217579614,0.8187789653,0.4165789685,59,0.4653172552,0.01150043441,0.8668616683,0.3860178082,0.01251809873,0.7963897694,0.4258055228
FF5,GAS.HM,MKT_RF,1.292196662,0.2607648745,4.955409216,7.767834911e-06,59,0.4653172552,0.3358791013,3.847207692,0.0001194716866,0.3706054032,3.486718356,0.0004889860213
FF5,GAS.HM,SMB_FF5,-0.6809090018,0.2572179857,-2.647206026,0.010664169,59,0.4653172552,0.2767644047,-2.460247742,0.01388411377,0.2793471434,-2.437501216,0.01478916447
FF5,GAS.HM,HML,-0.1496076159,0.2050208399,-0.7297190665,0.4687749094,59,0.4653172552,0.1472414315,-1.0160701,0.3095960064,0.1508401497,-0.9918288747,0.3212810096
FF5,GAS.HM,RMW,0.4972207591,0.2299479055,2.162319148,0.03512699538,59,0.4653172552,0.204912579,2.426501885,0.01524517114,0.261742519,1.899656048,0.05747827181
FF5,GAS.HM,CMA,1.4447467,0.3001259466,4.813801392,1.274269692e-05,59,0.4653172552,0.5730755105,2.521040724,0.01170083096,0.5531845732,2.611690148,0.009009586986
FF5,VPB.HM,const,-0.001438162249,0.008516194383,-0.1688738166,0.8665387541,59,0.6032583689,0.004534691899,-0.3171466288,0.751132345,0.005010590778,-0.2870244872,0.7740935706
FF5,VPB.HM,MKT_RF,1.138408452,0.1823884315,6.241670277,7.45096843e-08,59,0.6032583689,0.3082281859,3.693395036,0.0002212798702,0.2997989829,3.797239206,0.0001463165819
FF5,VPB.HM,SMB_FF5,-0.2935858064,0.1799076085,-1.631869874,0.1086353084,59,0.6032583689,0.1274761218,-2.303065093,0.02127518094,0.134011349,-2.190753309,0.02846964905
FF5,VPB.HM,HML,0.4232579055,0.1433990275,2.951609316,0.004700744838,59,0.6032583689,0.2178206871,1.943148335,0.05199823833,0.2074268436,2.040516541,0.04129890521
FF5,VPB.HM,RMW,0.121665361,0.1608339233,0.7564657908,0.4527195284,59,0.6032583689,0.09480188822,1.283364322,0.1993644676,0.1165708212,1.043703387,0.2966226422
FF5,VPB.HM,CMA,0.2309569934,0.209918996,1.100219598,0.2762086392,59,0.6032583689,0.1891858196,1.220794423,0.222163866,0.21106161,1.094263393,0.2738394756
FF5,VNM.HM,const,-0.00339890293,0.006211577923,-0.5471883268,0.5865461688,59,0.263342051,0.004041460547,-0.8410085638,0.4003431369,0.005252513882,-0.6471002279,0.5175670778
FF5,VNM.HM,MKT_RF,0.5356403069,0.1330312465,4.026424775,0.0001813584411,59,0.263342051,0.09782423498,5.475537907,4.361845713e-08,0.1198707928,4.468480555,7.877717206e-06
FF5,VNM.HM,SMB_FF5,-0.1649498063,0.1312217734,-1.257030766,0.2142540143,59,0.263342051,0.1179265147,-1.398750796,0.161887726,0.1323239852,-1.246560146,0.2125588227
FF5,VNM.HM,HML,-0.1239294324,0.10459299,-1.184873216,0.2413535572,59,0.263342051,0.06149711075,-2.015207396,0.04388292292,0.06414565405,-1.932000448,0.05335945053
FF5,VNM.HM,RMW,0.1264879604,0.1173097281,1.078239311,0.2858100016,59,0.263342051,0.0986494982,1.282195679,0.1997740115,0.1169735672,1.081337976,0.2795468006
FF5,VNM.HM,CMA,0.2989194563,0.1531116063,1.952297827,0.05619407012,59,0.263342051,0.2080492441,1.436772614,0.1507826145,0.1921385839,1.555749242,0.1197677321
FF5,GVR.HM,const,0.000629200395,0.0133096525,0.04727399117,0.9624725456,59,0.5277634469,0.01305948547,0.04817957005,0.961573132,0.01329103354,0.04734021574,0.9622420765
FF5,GVR.HM,MKT_RF,2.004603194,0.2850482897,7.032503847,3.998261833e-09,59,0.5277634469,0.2903844406,6.903273434,5.081767856e-12,0.3519209167,5.696175189,1.225249798e-08
FF5,GVR.HM,SMB_FF5,0.4354744865,0.2811711012,1.54878821,0.127383811,59,0.5277634469,0.1914092403,2.275096468,0.0229001435,0.2317144551,1.879358309,0.06019558494
FF5,GVR.HM,HML,-0.169827929,0.224113159,-0.7577775877,0.4519403901,59,0.5277634469,0.2139120276,-0.7939148205,0.4272450212,0.2237551943,-0.7589898842,0.4478586081
FF5,GVR.HM,RMW,0.3102148226,0.2513615276,1.234138038,0.222595945,59,0.5277634469,0.2092353588,1.482611851,0.1381775667,0.2475968286,1.252903054,0.2102409904
FF5,GVR.HM,CMA,0.8834162278,0.3280748144,2.692727966,0.009465947466,59,0.5277634469,0.4188953193,2.108918833,0.03495158833,0.4454799613,1.983066141,0.04736004203
FF5,MSN.HM,const,-0.009153086029,0.009297819989,-0.9844335597,0.3293752164,59,0.4502634379,0.006900843451,-1.326372072,0.1847164847,0.0069776092,-1.311779689,0.1895944798
FF5,MSN.HM,MKT_RF,1.116335962,0.1991282406,5.606115728,7.607262862e-07,59,0.4502634379,0.1943303258,5.744527814,9.217784404e-09,0.1757442217,6.352049305,2.124651958e-10
FF5,MSN.HM,SMB_FF5,-0.08095857076,0.196419725,-0.4121712865,0.6818762771,59,0.4502634379,0.2331572029,-0.3472274061,0.7284204831,0.2580440029,-0.3137394004,0.7537189734
FF5,MSN.HM,HML,0.07472560812,0.1565603466,0.4772958781,0.6351138618,59,0.4502634379,0.1805143796,0.4139593106,0.6789039062,0.1976849275,0.378003569,0.7054279427
FF5,MSN.HM,RMW,0.3391000034,0.1755954361,1.931143604,0.05882125285,59,0.4502634379,0.1256769579,2.698187551,0.006971814985,0.1268766184,2.672675294,0.007524904809
FF5,MSN.HM,CMA,0.2732319702,0.2291855904,1.192186515,0.2384988128,59,0.4502634379,0.0999263404,2.734333802,0.006250664169,0.1351034207,2.022391209,0.04313595257
FF5,MBB.HM,const,0.009473061164,0.006431919924,1.472820134,0.1467137999,59,0.6999625065,0.003752339125,2.524574898,0.0115838318,0.004682530937,2.023064298,0.04306651879
FF5,MBB.HM,MKT_RF,1.129769744,0.137750236,8.201581184,5.338722494e-11,59,0.6999625065,0.09859113419,11.45914137,2.116021346e-30,0.1342429191,8.415860976,3.900196372e-17
FF5,MBB.HM,SMB_FF5,-0.4167316832,0.1358765758,-3.066986938,0.003401099415,59,0.6999625065,0.1645193714,-2.533025016,0.01130828824,0.1674933209,-2.488049559,0.01284458325
FF5,MBB.HM,HML,0.1938384386,0.1083031952,1.789775808,0.07920364353,59,0.6999625065,0.1497798407,1.294155727,0.1956116357,0.1268540519,1.528042941,0.1265018767
FF5,MBB.HM,RMW,0.5387032365,0.1214710314,4.434828865,4.678394224e-05,59,0.6999625065,0.06817622385,7.901629132,2.752814561e-15,0.08569180347,6.286520002,3.24661205e-10
FF5,MBB.HM,CMA,-0.007533459614,0.1585429022,-0.04751685197,0.9622799031,59,0.6999625065,0.1134221308,-0.0664196622,0.9470437166,0.1087774196,-0.06925573012,0.9447860633
FF5,SAB.HM,const,-0.004043589827,0.007513546965,-0.5381732284,0.5927104781,59,0.2561480486,0.01144411358,-0.3533335981,0.7238383602,0.0103893657,-0.3892046871,0.6971247365
FF5,SAB.HM,MKT_RF,0.5706786433,0.1609150736,3.546458579,0.0008260902674,59,0.2561480486,0.1387584417,4.112749007,3.909753931e-05,0.1611068125,3.542237814,0.0003967476118
FF5,SAB.HM,SMB_FF5,0.1491511664,0.1587263284,0.9396750238,0.3516473154,59,0.2561480486,0.1143416785,1.304433941,0.192085669,0.1437359122,1.037675026,0.2994213757
FF5,SAB.HM,HML,-0.3041191741,0.1265160563,-2.403799035,0.01975528431,59,0.2561480486,0.0630044703,-4.826945972,1.386427143e-06,0.06895529358,-4.410381833,1.031885039e-05
FF5,SAB.HM,RMW,0.08125636132,0.1418982684,0.572638146,0.5693111419,59,0.2561480486,0.1191374488,0.682038789,0.495214424,0.1209732621,0.6716886021,0.501781959
FF5,SAB.HM,CMA,-0.03683591477,0.1852043489,-0.1988933575,0.8431072013,59,0.2561480486,0.1430414261,-0.2575192082,0.7967779892,0.2065059017,-0.1783770559,0.858426867
FF5,ACB.HM,const,0.004853639167,0.004790910296,1.01309331,0.3156183915,59,0.6329837205,0.003218009917,1.508273527,0.1314845358,0.004243834487,1.143691909,0.2527514299
FF5,ACB.HM,MKT_RF,0.7605491347,0.1026052923,7.412377251,9.788018869e-10,59,0.6329837205,0.09851764668,7.719927955,1.163954765e-14,0.1182612872,6.431091296,1.266910339e-10
FF5,ACB.HM,SMB_FF5,-0.225018078,0.1012096689,-2.223286375,0.03048276303,59,0.6329837205,0.05756640211,-3.90884387,9.273887261e-05,0.07680138279,-2.929870138,0.003391036869
FF5,ACB.HM,HML,0.07680607009,0.08067123019,0.9520875027,0.3453745836,59,0.6329837205,0.1408204166,0.545418569,0.5854656721,0.1244030602,0.6173969514,0.5369729323
FF5,ACB.HM,RMW,0.3798738709,0.090479487,4.19845297,0.0001031612447,59,0.6329837205,0.07701321254,4.932580507,8.11503147e-07,0.08858229633,4.288372357,1.799871822e-05
FF5,ACB.HM,CMA,0.04040751363,0.118093016,0.3421668359,0.7335785211,59,0.6329837205,0.1982187547,0.2038531303,0.8384682725,0.1741347874,0.2320473366,0.8165012478
FF5,VRE.HM,const,-0.006790078866,0.008937390959,-0.759738373,0.4507772419,59,0.5626038171,0.01029941146,-0.6592686285,0.5097232839,0.009488047493,-0.7156455394,0.4742102467
FF5,VRE.HM,MKT_RF,0.5269599463,0.1914090549,2.753056518,0.008068079879,59,0.5626038171,0.3209256119,1.642000285,0.100589945,0.3006559341,1.752700967,0.07965334967
FF5,VRE.HM,SMB_FF5,-0.72961279,0.1888055347,-3.864361239,0.0003056491169,59,0.5626038171,0.2003921245,-3.640925469,0.0002716597755,0.2134479813,-3.418222958,0.0006303145037
FF5,VRE.HM,HML,0.3650794662,0.150491301,2.425917404,0.01870657704,59,0.5626038171,0.1295618122,2.81780148,0.004835369624,0.138712207,2.631920248,0.008490379064
FF5,VRE.HM,RMW,-0.5728051434,0.1687884972,-3.393626656,0.001312210948,59,0.5626038171,0.128209755,-4.467718883,7.905810285e-06,0.1444308176,-3.965948216,7.310473442e-05
FF5,VRE.HM,CMA,-0.09139347299,0.2203012347,-0.4148568351,0.6799212445,59,0.5626038171,0.1721620915,-0.5308571254,0.5955177904,0.176346521,-0.518260709,0.6042763826
FF5,MWG.HM,const,0.00637495781,0.009494394681,0.6714443653,0.5048536402,59,0.4848841204,0.006828275035,0.9336117508,0.3505042017,0.008957283036,0.7117066396,0.4766464553
FF5,MWG.HM,MKT_RF,1.283536174,0.2033382137,6.312321477,5.743166513e-08,59,0.4848841204,0.2473435949,5.189284058,2.111041558e-07,0.2646546033,4.849853952,1.23552412e-06
FF5,MWG.HM,SMB_FF5,0.1114691413,0.2005724347,0.5557550392,0.5807169259,59,0.4848841204,0.2157435002,0.5166743897,0.6053834767,0.2177841961,0.5118330131,0.6087678834
FF5,MWG.HM,HML,-0.2235882294,0.1598703485,-1.398559717,0.1677695348,59,0.4848841204,0.1803667533,-1.239631059,0.2151118873,0.1821580914,-1.227440558,0.2196570504
FF5,MWG.HM,RMW,0.2731719274,0.1793078783,1.523479782,0.1335837679,59,0.4848841204,0.1504677877,1.815484441,0.06944949495,0.1494429148,1.827934953,0.06755931457
FF5,MWG.HM,CMA,0.1212396035,0.2340310366,0.5180492521,0.6065798432,59,0.4848841204,0.2478833058,0.4890995104,0.6247712481,0.2626237132,0.461647587,0.6443340631
FF5,FPT.HM,const,0.008379512642,0.007933601392,1.056205401,0.2956651899,59,0.412531394,0.008163142915,1.026505689,0.3046532834,0.007401247707,1.132175678,0.2575605833
FF5,FPT.HM,MKT_RF,0.9303610676,0.169911236,5.475571182,1.21914141e-06,59,0.412531394,0.1531808191,6.073613349,1.250636484e-09,0.1794071286,5.185753069,2.151437177e-07
FF5,FPT.HM,SMB_FF5,0.289171576,0.1676001262,1.725366099,0.09028856368,59,0.412531394,0.09737094585,2.969793232,0.002980002528,0.1310192141,2.20709289,0.0273075704
FF5,FPT.HM,HML,-0.3686292639,0.1335890978,-2.759426255,0.007932151233,59,0.412531394,0.09408586801,-3.918008854,8.928342769e-05,0.1072679962,-3.436526055,0.0005892256759
FF5,FPT.HM,RMW,0.3232948708,0.1498312721,2.157726263,0.03550080714,59,0.412531394,0.1554965998,2.079112156,0.03760704309,0.163568065,1.976515837,0.04809638391
FF5,FPT.HM,CMA,0.2447204198,0.1955584343,1.251392817,0.2162866058,59,0.412531394,0.1282728472,1.907811553,0.05641557708,0.1461676618,1.67424461,0.09408253549
FF5,MCH.HM,const,0.01888223774,0.01437115956,1.313897996,0.1945393763,59,0.2216599592,0.01663882962,1.134829683,0.2564466866,0.01540193284,1.225965464,0.2202116716
FF5,MCH.HM,MKT_RF,1.147211599,0.3077822244,3.727348457,0.0004715247088,59,0.2216599592,0.3474117825,3.302166642,0.0009594105305,0.324806764,3.531981863,0.0004124576443
FF5,MCH.HM,SMB_FF5,0.1235108688,0.3035958119,0.4068266555,0.6857736068,59,0.2216599592,0.2856419842,0.4323974612,0.665452563,0.2978354618,0.4146949729,0.6783652129
FF5,MCH.HM,HML,-0.5523256897,0.2419872319,-2.282457985,0.0265027317,59,0.2216599592,0.2535978048,-2.17795927,0.02940906924,0.2558970935,-2.158389852,0.03089753406
FF5,MCH.HM,RMW,0.09069320023,0.2714087854,0.3341572016,0.7395796154,59,0.2216599592,0.2186701808,0.4147488236,0.6783257869,0.2210216234,0.4103363229,0.6815592504
FF5,MCH.HM,CMA,0.454202272,0.3542403157,1.282186843,0.205357246,59,0.2216599592,0.3710920722,1.22396113,0.2209668912,0.3659662044,1.241104415,0.2145671789
FF5,BSR.HM,const,0.01645309656,0.01519504028,1.082793876,0.2838016664,59,0.4248300725,0.01381420462,1.191027425,0.2336428186,0.01511563896,1.088481711,0.276382506
FF5,BSR.HM,MKT_RF,1.831656932,0.3254269969,5.628472591,7.015368055e-07,59,0.4248300725,0.1932362066,9.478849563,2.571018698e-21,0.2307818919,7.936744593,2.075568388e-15
FF5,BSR.HM,SMB_FF5,-0.2028784293,0.3210005826,-0.632018882,0.5300915274,59,0.4248300725,0.2502201354,-0.8107997743,0.4174806641,0.2340134732,-0.8669519174,0.3859683554
FF5,BSR.HM,HML,-0.01358848096,0.2558600592,-0.05310903548,0.9578447111,59,0.4248300725,0.1302756573,-0.1043056028,0.9169268318,0.1678791034,-0.08094206302,0.9354880282
FF5,BSR.HM,RMW,0.4546782418,0.2869683138,1.584419672,0.1190476385,59,0.4248300725,0.2034864741,2.23443963,0.02545416062,0.2368819624,1.919429564,0.05492999249
FF5,BSR.HM,CMA,1.357851383,0.3745484728,3.625302147,0.0006480592273,59,0.4248300725,0.4636943714,2.928332683,0.003407851944,0.4377318816,3.102016188,0.001922074475
FF5,PLX.HM,const,0.003005746892,0.0135657459,0.2215688628,0.8255010155,59,0.4031111937,0.01241722099,0.2420627687,0.8087315266,0.012675394,0.237132423,0.8125540597
FF5,PLX.HM,MKT_RF,1.462883443,0.2905329546,5.035172155,5.866694041e-06,59,0.4031111937,0.3417092446,4.281076577,1.859913376e-05,0.3902899519,3.748196529,0.000178110672
FF5,PLX.HM,SMB_FF5,-0.1478175084,0.2865811644,-0.5157963145,0.6081418061,59,0.4031111937,0.2813700064,-0.5253492022,0.5993404595,0.3117308768,-0.4741830836,0.6353693554
FF5,PLX.HM,HML,-0.155076916,0.2284253602,-0.678895355,0.5001581481,59,0.4031111937,0.2168752172,-0.7150513461,0.4745773163,0.2188757815,-0.7085156472,0.4786250988
FF5,PLX.HM,RMW,0.8021024354,0.2561980195,3.130790928,0.002835407398,59,0.4031111937,0.180295154,4.448829698,8.633943851e-06,0.2169928498,3.696446386,0.0002186384059
FF5,PLX.HM,CMA,0.9221104409,0.3343873603,2.757611532,0.007970660567,59,0.4031111937,0.5565108874,1.656949508,0.09752968386,0.5453669619,1.690807301,0.09087361232
FF5,VIB.HM,const,-0.0008091868737,0.007704537221,-0.1050273171,0.9167506101,59,0.6188852007,0.004040613558,-0.2002633665,0.8412746115,0.005207109113,-0.1554004067,0.8765056636
FF5,VIB.HM,MKT_RF,0.9343048163,0.1650054468,5.662266516,6.206176517e-07,59,0.6188852007,0.1506630352,6.20128763,5.600305382e-10,0.1628930791,5.735693753,9.711400062e-09
FF5,VIB.HM,SMB_FF5,0.1013258527,0.1627610649,0.6225435595,0.5362539377,59,0.6188852007,0.1057717441,0.9579671164,0.3380793405,0.1174359991,0.862817649,0.3882377339
FF5,VIB.HM,HML,0.1857927945,0.1297320253,1.43212745,0.1579789501,59,0.6188852007,0.1063380676,1.747189871,0.08060440821,0.1084392612,1.713335119,0.08665090506
FF5,VIB.HM,RMW,0.5030550646,0.1455052448,3.457298501,0.001083488559,59,0.6188852007,0.178274896,2.821794184,0.004775581476,0.1613389458,3.118001437,0.001820819161
FF5,VIB.HM,CMA,-0.415854088,0.1899121422,-2.189718273,0.03296799267,59,0.6188852007,0.4249617237,-0.9785683386,0.3277933096,0.3719736113,-1.117966639,0.2635812419
FF5,STB.HM,const,0.01476766939,0.009857419102,1.498127373,0.140032899,59,0.4650075917,0.007758015981,1.903536861,0.05697052862,0.008203583364,1.800148634,0.071837172
FF5,STB.HM,MKT_RF,0.7985179797,0.211112984,3.782420032,0.0003964692111,59,0.4650075917,0.1003341733,7.958584337,1.740187661e-15,0.1296484316,6.159102502,7.315836478e-10
FF5,STB.HM,SMB_FF5,-0.4285618218,0.2082414536,-2.058004372,0.04452216804,59,0.4650075917,0.1647581392,-2.601157211,0.009290986572,0.2082799237,-2.05762425,0.03962621695
FF5,STB.HM,HML,0.2571153409,0.1659830964,1.549045334,0.1273220236,59,0.4650075917,0.1932810763,1.3302665,0.1834304805,0.2065015537,1.245101242,0.2130945377
FF5,STB.HM,RMW,0.4169774097,0.1861638328,2.23984113,0.02931918996,59,0.4650075917,0.1744893214,2.389701594,0.01686206696,0.1713899248,2.432916697,0.01497774632
FF5,STB.HM,CMA,-0.464966171,0.2429793671,-1.913603515,0.06107845196,59,0.4650075917,0.2700141476,-1.722006699,0.08506830495,0.2610023037,-1.781463858,0.07483670406
FF5,BCM.HM,const,0.006369625637,0.0125027828,0.5094566335,0.6125469719,59,0.2367805765,0.01648084477,0.3864865986,0.6991363258,0.01415677587,0.449934766,0.6527574785
FF5,BCM.HM,MKT_RF,1.024067372,0.2677678365,3.82445997,0.0003470423723,59,0.2367805765,0.1878302548,5.452089563,4.978137119e-08,0.2382442879,4.29839213,1.720415945e-05
FF5,BCM.HM,SMB_FF5,0.004524477729,0.2641256943,0.01713001736,0.9863972165,59,0.2367805765,0.319811719,0.01414731688,0.9887124508,0.3503516646,0.0129141037,0.9896963224
FF5,BCM.HM,HML,-0.1127846376,0.2105267699,-0.5357258728,0.5943891796,59,0.2367805765,0.2074596059,-0.5436462538,0.5866849241,0.1960697817,-0.5752270268,0.5651377666
FF5,BCM.HM,RMW,0.2797903783,0.2361232635,1.184933556,0.2413299027,59,0.2367805765,0.2956306869,0.9464185913,0.3439351266,0.2813091227,0.9946011547,0.3199302857
FF5,BCM.HM,CMA,0.5864778619,0.3081859685,1.902999882,0.0624784834,59,0.2367805765,0.2728485206,2.149463228,0.03159769801,0.2952371105,1.9864639,0.04698183747
FF5,HDB.HM,const,0.0123307356,0.008853790634,1.392706933,0.1695236029,59,0.4991736899,0.004253824536,2.898741003,0.003746642433,0.005082776866,2.425984049,0.01526694126
FF5,HDB.HM,MKT_RF,1.027063889,0.1896186153,5.416471836,1.50811326e-06,59,0.4991736899,0.2081838113,4.933447433,8.079079289e-07,0.1913955106,5.366185895,8.041905868e-08
FF5,HDB.HM,SMB_FF5,-0.1927005578,0.1870394484,-1.030266927,0.3075635488,59,0.4991736899,0.1608667963,-1.197888951,0.2309602518,0.1865734419,-1.032840236,0.3016786707
FF5,HDB.HM,HML,0.08942302524,0.1490836059,0.599817966,0.5511834953,59,0.4991736899,0.07329280133,1.220079239,0.2224348381,0.1086799346,0.8228108119,0.4106155873
FF5,HDB.HM,RMW,0.3052049703,0.1672096502,1.825283229,0.07359544938,59,0.4991736899,0.117406128,2.59956593,0.009334174619,0.1227848766,2.485688619,0.01293010462
FF5,HDB.HM,CMA,-0.1399691059,0.2182405377,-0.6413524608,0.5240576758,59,0.4991736899,0.2924855454,-0.4785505065,0.6322584355,0.3174821719,-0.4408723333,0.659305424
FF5,SHB.HM,const,-0.006330245015,0.008050582866,-0.7863089071,0.4351882216,59,0.6224297261,0.006728784267,-0.9407709868,0.346822232,0.006466639835,-0.9789079301,0.3276254735
FF5,SHB.HM,MKT_RF,0.8611266905,0.1724165884,4.994453831,6.771692713e-06,59,0.6224297261,0.1653444017,5.208078904,1.908057901e-07,0.1807675881,4.763722853,1.900534971e-06
FF5,SHB.HM,SMB_FF5,-0.1218678353,0.1700714011,-0.7165686557,0.4767861485,59,0.6224297261,0.147268416,-0.8275218721,0.4079413303,0.1466558543,-0.8309783188,0.4059858776
FF5,SHB.HM,HML,0.5583862232,0.1355588779,4.119141675,0.0001339741542,59,0.6224297261,0.2123467298,2.629596527,0.008548625903,0.1859851654,3.002315922,0.002679339601
FF5,SHB.HM,RMW,0.01121756445,0.152040544,0.07378008624,0.9414631302,59,0.6224297261,0.1343763034,0.08347873968,0.9334708817,0.1455141309,0.07708917602,0.9385526037
FF5,SHB.HM,CMA,-0.04384595569,0.1984419562,-0.2209510354,0.8259795713,59,0.6224297261,0.1621070054,-0.2704753911,0.7867945467,0.1718010042,-0.255213617,0.7985581144
FF5,VJC.HM,const,0.003337030847,0.01229564121,0.2713994976,0.787138121,59,0.2408076662,0.007126099773,0.4682829252,0.6395822773,0.00941792677,0.3543275424,0.7230934291
FF5,VJC.HM,MKT_RF,0.811622972,0.2633315556,3.08213336,0.003257962136,59,0.2408076662,0.2617544907,3.100703143,0.001930617351,0.262469595,3.092255208,0.001986419912
FF5,VJC.HM,SMB_FF5,0.09377281455,0.2597497551,0.3610121384,0.7195254339,59,0.2408076662,0.1142890503,0.8204881769,0.4119378665,0.1241801042,0.7551355761,0.4501676389
FF5,VJC.HM,HML,-0.03921376118,0.2070388384,-0.1894029231,0.8505005232,59,0.2408076662,0.153347937,-0.2557175658,0.7981689305,0.1566516378,-0.2503246166,0.8023363211
FF5,VJC.HM,RMW,-0.3375630477,0.2322112584,-1.453689412,0.1519286221,59,0.2408076662,0.1330880147,-2.536389535,0.01120020723,0.1417905115,-2.380716765,0.01727899174
FF5,VJC.HM,CMA,0.2152199169,0.3030800546,0.7101091399,0.4807493625,59,0.2408076662,0.2718374974,0.791722698,0.4285223844,0.2780585768,0.7740092728,0.4389253077
FF5,SSB.HM,const,-0.002275286455,0.008457443509,-0.2690276858,0.7889529204,59,0.1098913375,0.006707108727,-0.3392350635,0.7344326568,0.006836169695,-0.3328305991,0.7392621591
FF5,SSB.HM,MKT_RF,0.2146795147,0.1811301841,1.185222197,0.2412167729,59,0.1098913375,0.09727539537,2.206925131,0.02731929036,0.1110976863,1.932349105,0.05331643128
FF5,SSB.HM,SMB_FF5,-0.02164776459,0.1786664756,-0.1211629911,0.9040201379,59,0.1098913375,0.1863554695,-0.1161638274,0.9075227042,0.18040848,-0.1199930546,0.9044886498
FF5,SSB.HM,HML,0.2019013347,0.1424097572,1.417749307,0.1621166996,59,0.1098913375,0.1041306305,1.938923577,0.05251064455,0.123151201,1.639458917,0.10111772
FF5,SSB.HM,RMW,0.1353395776,0.1597243745,0.8473320247,0.400620279,59,0.1098913375,0.08125983633,1.665516247,0.09580980505,0.1072412667,1.262010248,0.2069450987
FF5,SSB.HM,CMA,0.01745989457,0.2084708229,0.08375222169,0.9335689792,59,0.1098913375,0.1846247355,0.09456963892,0.9246566664,0.2197801581,0.07944254259,0.9366806315
FF5,PDR.HM,const,-0.01662266054,0.01555254811,-1.068806244,0.2900008708,59,0.4327583415,0.008892589889,-1.869271016,0.06158511842,0.01332711831,-1.247280931,0.212294507
FF5,PDR.HM,MKT_RF,1.490953488,0.3330836203,4.476213771,4.06654735e-05,59,0.4327583415,0.1617239294,9.219127271,2.995281043e-20,0.2617011586,5.697160441,1.218192795e-08
FF5,PDR.HM,SMB_FF5,1.019540358,0.3285530616,3.103122379,0.003068920479,59,0.4327583415,0.6358015036,1.603551348,0.1088129822,0.7064761252,1.443134908,0.1489824714
FF5,PDR.HM,HML,-0.2498428304,0.2618799166,-0.9540358559,0.3443966715,59,0.4327583415,0.3777219985,-0.661446332,0.5083261214,0.4145014908,-0.6027549621,0.5466717121
FF5,PDR.HM,RMW,0.227203677,0.293720084,0.7735381042,0.4426406274,59,0.4327583415,0.1736612639,1.308315233,0.1907664105,0.1996709477,1.137890512,0.2551662035
FF5,PDR.HM,CMA,-0.1154021396,0.3833608228,-0.3010274725,0.7645713776,59,0.4327583415,0.3322071002,-0.3473801117,0.7283057727,0.3624680513,-0.3183787899,0.7501976251
