date,return
2017-01-31,-0.010854028540929844
2017-02-28,-0.020585217062680617
2017-03-31,0.05333282600556557
2017-04-30,-0.02358709158295587
2017-05-31,-0.01711152982032128
2017-06-30,0.04583893914727794
2017-07-31,-0.01684435751903786
2017-08-31,-0.04023773587261595
2017-09-30,0.02295551245436674
2017-10-31,0.004448230254143974
2017-11-30,0.003530143402115044
2017-12-31,-0.008664523789700701
2018-01-31,-0.02937536451949495
2018-02-28,-0.062677574330645
2018-03-31,0.044664729007169425
2018-04-30,-0.014513087375268012
2018-05-31,0.008641234123891452
2018-06-30,0.019419969252619972
2018-07-31,-0.012620909743697062
2018-08-31,-0.0510012496294449
2018-09-30,-0.07206282526205475
2018-10-31,0.06358032478735466
2018-11-30,-0.004553451927181157
2018-12-31,-0.03717829818658239
2019-01-31,0.007708110840807568
2019-02-28,-0.028503802306039158
2019-03-31,-0.00892140402909393
2019-04-30,-0.0011329786889830206
2019-05-31,-0.008002934873029131
2019-06-30,-0.00732528553724304
2019-07-31,0.023174650788229917
2019-08-31,0.02469823723732238
2019-09-30,0.03967782139961589
2019-10-31,-0.036992106345539455
2019-11-30,-0.033084911154796046
2019-12-31,0.003171151180608228
2020-01-31,0.013948586384082359
2020-02-29,0.02278518666420561
2020-03-31,-0.002205864503092937
2020-04-30,0.016594982525790683
2020-05-31,-0.026268158867995304
2020-06-30,-0.03992174190594155
2020-07-31,-0.038345653416649216
2020-08-31,-0.024821449096926525
2020-09-30,-0.03260796999265795
2020-10-31,-0.011297419485382883
2020-11-30,-0.0031689170350927215
2020-12-31,0.017285423455224824
2021-01-31,0.03284652864794231
2021-02-28,-0.008877593815855785
2021-03-31,0.04789256819638917
2021-04-30,-0.040068076315366206
2021-05-31,0.0010760344188230995
2021-06-30,0.020791465182879852
2021-07-31,-0.04223176793200966
2021-08-31,0.019079110811462695
2021-09-30,0.04347324183212025
2021-10-31,0.05861665284072699
2021-11-30,-0.018645333469267035
2021-12-31,0.010435796181202973
2022-01-31,0.027625101112554954
2022-02-28,0.06548652604013207
2022-03-31,-0.049631165157845186
2022-04-30,0.017221442174445704
2022-05-31,-0.03353779530370976
2022-06-30,-0.01921882876920262
2022-07-31,0.0026591319087941566
2022-08-31,0.018423193112464122
2022-09-30,0.10362739999019847
2022-10-31,-0.00034141247955423414
2022-11-30,0.049425904304296955
2022-12-31,-0.02029521830021786
2023-01-31,-0.0089445608373915
2023-02-28,0.030655293488992406
2023-03-31,-0.014282983717607809
2023-04-30,0.041398206460318866
2023-05-31,-0.015196476561378881
2023-06-30,0.04001270486626689
2023-07-31,0.009506694578246194
2023-08-31,0.03512677583052788
2023-09-30,0.06923956870540902
2023-10-31,-0.04518670115594898
2023-11-30,0.04146318708915942
2023-12-31,0.012356115926394469
