date,ticker,return
2017-01-31,SIM_A,0.00692312786483832
2017-02-28,SIM_A,0.011946546209357502
2017-03-31,SIM_A,0.09053992264357602
2017-04-30,SIM_A,0.023981986015496323
2017-05-31,SIM_A,-0.04055720312876715
2017-06-30,SIM_A,0.04174289633692555
2017-07-31,SIM_A,0.004395798615602423
2017-08-31,SIM_A,-0.04220704846294949
2017-09-30,SIM_A,0.03188325654690606
2017-10-31,SIM_A,-0.021646929183517655
2017-11-30,SIM_A,-0.019353418427040144
2017-12-31,SIM_A,-0.04606632465060822
2018-01-31,SIM_A,-0.03301657392756637
2018-02-28,SIM_A,-0.09456951833704305
2018-03-31,SIM_A,0.03596906559882865
2018-04-30,SIM_A,0.024810585392500868
2018-05-31,SIM_A,-0.022197283714676476
2018-06-30,SIM_A,0.024793597829565486
2018-07-31,SIM_A,-0.0038884421816180754
2018-08-31,SIM_A,0.0012209218844627806
2018-09-30,SIM_A,-0.06020822537462459
2018-10-31,SIM_A,0.05904483140660255
2018-11-30,SIM_A,0.020857257233035296
2018-12-31,SIM_A,-0.0227437250728798
2019-01-31,SIM_A,-0.0006228070311974348
2019-02-28,SIM_A,-0.039076894978440135
2019-03-31,SIM_A,-0.00779955467389883
2019-04-30,SIM_A,-0.022729551529736363
2019-05-31,SIM_A,-0.022301683381360238
2019-06-30,SIM_A,0.012484196022679219
2019-07-31,SIM_A,0.028673824756315046
2019-08-31,SIM_A,0.03873219758318568
2019-09-30,SIM_A,0.005697046395632385
2019-10-31,SIM_A,-0.049901142259921705
2019-11-30,SIM_A,-0.010049518725380152
2019-12-31,SIM_A,-0.005379678326601196
2020-01-31,SIM_A,0.022934458511835416
2020-02-29,SIM_A,0.03627723534444153
2020-03-31,SIM_A,0.014956235031951905
2020-04-30,SIM_A,0.056488996079564396
2020-05-31,SIM_A,-0.0712413055617752
2020-06-30,SIM_A,-0.057863340910621584
2020-07-31,SIM_A,-0.05141186414148504
2020-08-31,SIM_A,-0.039545783826795765
2020-09-30,SIM_A,-0.06479741610284734
2020-10-31,SIM_A,-0.005479375606207584
2020-11-30,SIM_A,-0.005813198165265069
2020-12-31,SIM_A,0.0006345500249023209
2021-01-31,SIM_A,0.0409272962106738
2021-02-28,SIM_A,-0.015136112121902223
2021-03-31,SIM_A,0.007612467711830093
2021-04-30,SIM_A,-0.03857265757801594
2021-05-31,SIM_A,0.006458289997156129
2021-06-30,SIM_A,0.023431384533091803
2021-07-31,SIM_A,-0.08699997395234148
2021-08-31,SIM_A,0.02446932325250549
2021-09-30,SIM_A,0.05461520879445656
2021-10-31,SIM_A,0.04189035553031745
2021-11-30,SIM_A,-0.01708120937775694
2021-12-31,SIM_A,0.05830792819784909
2022-01-31,SIM_A,0.05644199897628352
2022-02-28,SIM_A,0.055672125786357246
2022-03-31,SIM_A,-0.015391466334303834
2022-04-30,SIM_A,-0.01464867403004294
2022-05-31,SIM_A,-0.006749426605076214
2022-06-30,SIM_A,0.0036942191534190885
2022-07-31,SIM_A,0.01675428371154354
2022-08-31,SIM_A,-0.014289451848920501
2022-09-30,SIM_A,0.10032882375180266
2022-10-31,SIM_A,-0.03694202173525622
2022-11-30,SIM_A,0.06198101695319638
2022-12-31,SIM_A,-0.012086708020157532
2023-01-31,SIM_A,-0.05867646419588187
2023-02-28,SIM_A,0.033628737959506
2023-03-31,SIM_A,-0.053827844759494856
2023-04-30,SIM_A,0.059078246528227976
2023-05-31,SIM_A,-0.03396399011621598
2023-06-30,SIM_A,0.04855539813765461
2023-07-31,SIM_A,0.00450273308891294
2023-08-31,SIM_A,-0.014242763289332161
2023-09-30,SIM_A,0.0920702316880676
2023-10-31,SIM_A,-0.035494309547796324
2023-11-30,SIM_A,0.015609008131355386
2023-12-31,SIM_A,0.015436744853631144
2017-01-31,SIM_B,-0.0165899501123317
2017-02-28,SIM_B,0.008704511494763669
2017-03-31,SIM_B,0.054110396557898094
2017-04-30,SIM_B,0.03683907693818367
2017-05-31,SIM_B,-0.08105890863999729
2017-06-30,SIM_B,0.04343295791329768
2017-07-31,SIM_B,-0.0007359958416469116
2017-08-31,SIM_B,-0.041885169764154295
2017-09-30,SIM_B,-0.01966374212492451
2017-10-31,SIM_B,-0.042629666378515875
2017-11-30,SIM_B,0.0031801582478706712
2017-12-31,SIM_B,-0.07477707704234707
2018-01-31,SIM_B,-0.05865019316773236
2018-02-28,SIM_B,-0.1118367850387991
2018-03-31,SIM_B,0.04587878072869431
2018-04-30,SIM_B,0.004100116983736191
2018-05-31,SIM_B,0.0259214092038113
2018-06-30,SIM_B,-0.011524022492381016
2018-07-31,SIM_B,-0.008534865561458781
2018-08-31,SIM_B,-0.04779404912062376
2018-09-30,SIM_B,-0.061297542094374845
2018-10-31,SIM_B,0.04076467886414033
2018-11-30,SIM_B,0.004800758651382786
2018-12-31,SIM_B,-0.02016035636361542
2019-01-31,SIM_B,-0.010672490545722375
2019-02-28,SIM_B,-0.03885921400453006
2019-03-31,SIM_B,0.03377654147015203
2019-04-30,SIM_B,-0.03655846632139867
2019-05-31,SIM_B,-0.010029006049003348
2019-06-30,SIM_B,-0.02232095324366836
2019-07-31,SIM_B,-0.0007757041535993089
2019-08-31,SIM_B,0.03067270457133517
2019-09-30,SIM_B,0.0406432126221654
2019-10-31,SIM_B,-0.05360559627464717
2019-11-30,SIM_B,-0.02504525426469964
2019-12-31,SIM_B,0.010993214763220733
2020-01-31,SIM_B,0.023153804941252985
2020-02-29,SIM_B,0.025143108720827798
2020-03-31,SIM_B,-0.01915184297236093
2020-04-30,SIM_B,-0.018214897589695467
2020-05-31,SIM_B,-0.032319531646861015
2020-06-30,SIM_B,-0.05572637470387197
2020-07-31,SIM_B,-0.08886617097425645
2020-08-31,SIM_B,-0.030291960944204426
2020-09-30,SIM_B,-0.031075476870443267
2020-10-31,SIM_B,-0.016079904555184495
2020-11-30,SIM_B,-0.045407083206505876
2020-12-31,SIM_B,-0.07665948477720372
2021-01-31,SIM_B,0.033266553141652645
2021-02-28,SIM_B,-0.054456516068068936
2021-03-31,SIM_B,0.052500738117063794
2021-04-30,SIM_B,-0.015932239748796373
2021-05-31,SIM_B,0.016282238219378485
2021-06-30,SIM_B,0.03411126703182583
2021-07-31,SIM_B,-0.024400738057799277
2021-08-31,SIM_B,0.003147847690956409
2021-09-30,SIM_B,0.005303489698302237
2021-10-31,SIM_B,0.047194455857424066
2021-11-30,SIM_B,-0.0035408088447609082
2021-12-31,SIM_B,0.040624530984403835
2022-01-31,SIM_B,0.061396240680846065
2022-02-28,SIM_B,0.029642546692974663
2022-03-31,SIM_B,-0.05109195441578162
2022-04-30,SIM_B,-0.0173705034975662
2022-05-31,SIM_B,-0.030804095402389008
2022-06-30,SIM_B,-0.02232805284650581
2022-07-31,SIM_B,-0.02592754725887188
2022-08-31,SIM_B,-0.0011074323958799766
2022-09-30,SIM_B,0.14526317922340878
2022-10-31,SIM_B,0.0005171544780055472
2022-11-30,SIM_B,0.02797788560197243
2022-12-31,SIM_B,-0.046202875802350434
2023-01-31,SIM_B,-0.011941819806769696
2023-02-28,SIM_B,0.05461704555881315
2023-03-31,SIM_B,-0.018518487861761825
2023-04-30,SIM_B,0.009739905233136857
2023-05-31,SIM_B,-0.03391318041208733
2023-06-30,SIM_B,0.07487824555073716
2023-07-31,SIM_B,-0.0259111430745286
2023-08-31,SIM_B,0.03476283791646448
2023-09-30,SIM_B,0.07317830222828117
2023-10-31,SIM_B,-0.03579903538538982
2023-11-30,SIM_B,0.00021140772631866173
2023-12-31,SIM_B,-0.01646217770826177
2017-01-31,SIM_C,0.014612745946172012
2017-02-28,SIM_C,-0.02600933723743381
2017-03-31,SIM_C,0.051843003036676605
2017-04-30,SIM_C,-0.08219167948535931
2017-05-31,SIM_C,-0.018761983664926672
2017-06-30,SIM_C,0.039906678725802336
2017-07-31,SIM_C,-0.010512482516082416
2017-08-31,SIM_C,-0.03985685033434416
2017-09-30,SIM_C,-0.016120635799545608
2017-10-31,SIM_C,0.029593259092610284
2017-11-30,SIM_C,0.05010432588535441
2017-12-31,SIM_C,0.005588889716993837
2018-01-31,SIM_C,-0.04455407050306753
2018-02-28,SIM_C,-0.06957612849858058
2018-03-31,SIM_C,0.0907881802478484
2018-04-30,SIM_C,-0.020925295193935545
2018-05-31,SIM_C,0.018904417090853713
2018-06-30,SIM_C,0.00661872296548959
2018-07-31,SIM_C,0.005828273091725962
2018-08-31,SIM_C,-0.004935580720451804
2018-09-30,SIM_C,-0.047713354377033876
2018-10-31,SIM_C,0.0727685273193923
2018-11-30,SIM_C,0.027125942746941557
2018-12-31,SIM_C,-0.06808743565845626
2019-01-31,SIM_C,0.015780055761640214
2019-02-28,SIM_C,-0.011845974056972033
2019-03-31,SIM_C,-0.003408452919108929
2019-04-30,SIM_C,0.013448808499776164
2019-05-31,SIM_C,-0.0031392688737702035
2019-06-30,SIM_C,0.0006456785921375155
2019-07-31,SIM_C,0.030980032659765167
2019-08-31,SIM_C,0.07022550810014071
2019-09-30,SIM_C,0.020235422433781826
2019-10-31,SIM_C,0.0038661370531132486
2019-11-30,SIM_C,-0.034603990994418174
2019-12-31,SIM_C,0.03903846979090814
2020-01-31,SIM_C,-0.012686219326413877
2020-02-29,SIM_C,0.0838284113561611
2020-03-31,SIM_C,0.013501144310312956
2020-04-30,SIM_C,0.049802268329534674
2020-05-31,SIM_C,-0.04825787753477816
2020-06-30,SIM_C,-0.015182920003425908
2020-07-31,SIM_C,-0.03688852033254093
2020-08-31,SIM_C,-0.06371064394363132
2020-09-30,SIM_C,-0.0395814418109812
2020-10-31,SIM_C,-0.03236820514762906
2020-11-30,SIM_C,-0.03192605007454251
2020-12-31,SIM_C,0.05304862199950658
2021-01-31,SIM_C,0.046847979636257586
2021-02-28,SIM_C,0.02367388501433969
2021-03-31,SIM_C,0.014461037985199585
2021-04-30,SIM_C,-0.06658954452789545
2021-05-31,SIM_C,0.015145264106678373
2021-06-30,SIM_C,0.010604765891442406
2021-07-31,SIM_C,-0.02682406591376901
2021-08-31,SIM_C,0.023856485131884153
2021-09-30,SIM_C,0.04598409788785404
2021-10-31,SIM_C,0.09964795377161081
2021-11-30,SIM_C,-0.001407078090276008
2021-12-31,SIM_C,0.01652296294964214
2022-01-31,SIM_C,0.06508745816924272
2022-02-28,SIM_C,0.07499038713922715
2022-03-31,SIM_C,-0.08147872558989319
2022-04-30,SIM_C,-0.005568066773431905
2022-05-31,SIM_C,-0.012257975168713103
2022-06-30,SIM_C,0.0009976959967318427
2022-07-31,SIM_C,0.010479214595004815
2022-08-31,SIM_C,0.030036194415607544
2022-09-30,SIM_C,0.08732336270549215
2022-10-31,SIM_C,0.0011909969347092975
2022-11-30,SIM_C,0.06981680482960297
2022-12-31,SIM_C,0.01897710232350875
2023-01-31,SIM_C,0.010031707285902282
2023-02-28,SIM_C,0.025254582419507225
2023-03-31,SIM_C,-0.012457824069942476
2023-04-30,SIM_C,0.06172245065979861
2023-05-31,SIM_C,-0.04195174501310972
2023-06-30,SIM_C,0.022453868617596066
2023-07-31,SIM_C,0.02474841665538257
2023-08-31,SIM_C,0.05015646728778194
2023-09-30,SIM_C,0.07866227403124468
2023-10-31,SIM_C,-0.03314273022266931
2023-11-30,SIM_C,0.05064303084179325
2023-12-31,SIM_C,0.041529911961417317
2017-01-31,SIM_D,-0.0175610365432916
2017-02-28,SIM_D,-0.005082268777466391
2017-03-31,SIM_D,0.06996488376243945
2017-04-30,SIM_D,-0.006341379758461017
2017-05-31,SIM_D,-0.01746273219709832
2017-06-30,SIM_D,0.03973089624855742
2017-07-31,SIM_D,-0.034870892412441554
2017-08-31,SIM_D,-0.049741606410229754
2017-09-30,SIM_D,0.06552707348763111
2017-10-31,SIM_D,-0.030190739621456963
2017-11-30,SIM_D,0.026955855147437556
2017-12-31,SIM_D,0.0323637291626258
2018-01-31,SIM_D,0.013337232429752117
2018-02-28,SIM_D,-0.07277765381234585
2018-03-31,SIM_D,0.04044050053237674
2018-04-30,SIM_D,-0.03740075126085753
2018-05-31,SIM_D,0.06641168385649934
2018-06-30,SIM_D,-0.01569746525966666
2018-07-31,SIM_D,0.0024903138571491703
2018-08-31,SIM_D,-0.045290118959005296
2018-09-30,SIM_D,-0.0604431001301928
2018-10-31,SIM_D,0.09145286564229606
2018-11-30,SIM_D,-0.001380823766477279
2018-12-31,SIM_D,-0.024555182016591615
2019-01-31,SIM_D,-0.008408124062395333
2019-02-28,SIM_D,-0.009989891099698004
2019-03-31,SIM_D,-0.0009772824947919014
2019-04-30,SIM_D,0.002226175963451312
2019-05-31,SIM_D,-0.007264035716970545
2019-06-30,SIM_D,0.0075528828311228905
2019-07-31,SIM_D,0.06779143210079502
2019-08-31,SIM_D,0.01871454015088279
2019-09-30,SIM_D,0.04731018822315814
2019-10-31,SIM_D,-0.007801074230601897
2019-11-30,SIM_D,-0.013288090038552983
2019-12-31,SIM_D,0.0017701195645100378
2020-01-31,SIM_D,0.047389972485501294
2020-02-29,SIM_D,0.05819744026684846
2020-03-31,SIM_D,-0.03180813133509874
2020-04-30,SIM_D,0.008681413538854786
2020-05-31,SIM_D,-0.042353238022801304
2020-06-30,SIM_D,-0.03958741743301555
2020-07-31,SIM_D,0.00030084485443486464
2020-08-31,SIM_D,-0.01585866100981569
2020-09-30,SIM_D,-0.043604386213186117
2020-10-31,SIM_D,-0.0038247202353181237
2020-11-30,SIM_D,0.005975069648445974
2020-12-31,SIM_D,0.01807705014455269
2021-01-31,SIM_D,0.013285073970479254
2021-02-28,SIM_D,-0.0034726134703978815
2021-03-31,SIM_D,0.039204280135212884
2021-04-30,SIM_D,-0.0458929247785329
2021-05-31,SIM_D,0.01561278705907727
2021-06-30,SIM_D,0.031088256339183364
2021-07-31,SIM_D,-0.01751915770102732
2021-08-31,SIM_D,0.07087361371391618
2021-09-30,SIM_D,0.02247807757363806
2021-10-31,SIM_D,0.05407359403926634
2021-11-30,SIM_D,-0.010973289066597261
2021-12-31,SIM_D,-0.00622695079019886
2022-01-31,SIM_D,0.028834063785706666
2022-02-28,SIM_D,0.05159018756831337
2022-03-31,SIM_D,0.0038659064726351486
2022-04-30,SIM_D,0.04178460579787903
2022-05-31,SIM_D,-0.03467237636569221
2022-06-30,SIM_D,-0.02651504412576802
2022-07-31,SIM_D,0.005473005068335809
2022-08-31,SIM_D,0.049667522510901854
2022-09-30,SIM_D,0.0890198886534138
2022-10-31,SIM_D,-0.024583309890323368
2022-11-30,SIM_D,0.03920497796801009
2022-12-31,SIM_D,-0.005189608222953262
2023-01-31,SIM_D,0.04738931491634431
2023-02-28,SIM_D,0.06367081523877029
2023-03-31,SIM_D,-0.02150962318785795
2023-04-30,SIM_D,0.037927965223519274
2023-05-31,SIM_D,-0.025827139782847723
2023-06-30,SIM_D,0.01753204661291006
2023-07-31,SIM_D,-0.012361607309207174
2023-08-31,SIM_D,0.04631936394801671
2023-09-30,SIM_D,0.07449115026709774
2023-10-31,SIM_D,-0.10461846769800676
2023-11-30,SIM_D,0.04632539104363438
2023-12-31,SIM_D,-0.024405351758406454
