period,sort,portfolio,ticker_count
2018,BM,BH,5
2018,BM,BL,20
2018,BM,BN,13
2018,BM,SH,18
2018,BM,SL,3
2018,BM,SN,18
2019,BM,BH,5
2019,BM,BL,20
2019,BM,BN,15
2019,BM,SH,19
2019,BM,SL,4
2019,BM,SN,17
2020,BM,BH,6
2020,BM,BL,17
2020,BM,BN,16
2020,BM,SH,18
2020,BM,SL,7
2020,BM,SN,15
2020,OP,BN,13
2020,OP,BR,16
2020,OP,BW,7
2020,OP,SN,15
2020,OP,SR,6
2020,OP,SW,15
2021,BM,BH,4
2021,BM,BL,15
2021,BM,BN,17
2021,BM,SH,18
2021,BM,SL,7
2021,BM,SN,12
2021,OP,BN,12
2021,OP,BR,12
2021,OP,BW,12
2021,OP,SN,16
2021,OP,SR,10
2021,OP,SW,10
2021,INV,BA,14
2021,INV,BC,9
2021,INV,BN,10
2021,INV,SA,6
2021,INV,SC,11
2021,INV,SN,17
2022,BM,BH,9
2022,BM,BL,13
2022,BM,BN,13
2022,BM,SH,12
2022,BM,SL,9
2022,BM,SN,15
2022,OP,BN,14
2022,OP,BR,9
2022,OP,BW,11
2022,OP,SN,13
2022,OP,SR,12
2022,OP,SW,10
2022,INV,BA,10
2022,INV,BC,11
2022,INV,BN,13
2022,INV,SA,11
2022,INV,SC,10
2022,INV,SN,14
2023,BM,BH,9
2023,BM,BL,12
2023,BM,BN,13
2023,BM,SH,12
2023,BM,SL,9
2023,BM,SN,14
2023,OP,BN,14
2023,OP,BR,12
2023,OP,BW,8
2023,OP,SN,12
2023,OP,SR,9
2023,OP,SW,13
2023,INV,BA,10
2023,INV,BC,9
2023,INV,BN,15
2023,INV,SA,11
2023,INV,SC,12
2023,INV,SN,11
2024,BM,BH,11
2024,BM,BL,11
2024,BM,BN,12
2024,BM,SH,10
2024,BM,SL,10
2024,BM,SN,15
2024,OP,BN,13
2024,OP,BR,10
2024,OP,BW,11
2024,OP,SN,13
2024,OP,SR,11
2024,OP,SW,10
2024,INV,BA,11
2024,INV,BC,11
2024,INV,BN,11
2024,INV,SA,9
2024,INV,SC,9
2024,INV,SN,16
2025,BM,BH,9
2025,BM,BL,11
2025,BM,BN,14
2025,BM,SH,12
2025,BM,SL,10
2025,BM,SN,13
2025,OP,BN,14
2025,OP,BR,10
2025,OP,BW,10
2025,OP,SN,12
2025,OP,SR,11
2025,OP,SW,11
2025,INV,BA,9
2025,INV,BC,10
2025,INV,BN,14
2025,INV,SA,11
2025,INV,SC,10
2025,INV,SN,13
