selection_rank,ticker,formation_date,formation_market_cap,book_to_market,information_date,eligible_bm,eligible_op,eligible_inv,is_financial,sector,selection_rule
1,VIC.HM,2021-06-30,405806279469779,0.34443640246924573,2021-05-04,True,True,True,False,Real Estate,Top 30 non-financial VN100 members by formation market capitalization at 2021-06-30; financials excluded from LHS; sample starts 2021-07
2,HPG.HM,2021-06-30,202337516490627,0.32728265873457835,2021-04-26,True,True,True,False,Materials,Top 30 non-financial VN100 members by formation market capitalization at 2021-06-30; financials excluded from LHS; sample starts 2021-07
3,VHM.HM,2021-06-30,179632934665674,0.5266555221406065,2021-04-29,True,True,True,False,Real Estate,Top 30 non-financial VN100 members by formation market capitalization at 2021-06-30; financials excluded from LHS; sample starts 2021-07
4,NVL.HM,2021-06-30,178306331248516,0.21176432885840255,2021-04-29,True,True,True,False,Real Estate,Top 30 non-financial VN100 members by formation market capitalization at 2021-06-30; financials excluded from LHS; sample starts 2021-07
5,GAS.HM,2021-06-30,150860386614033,0.3418828499792162,2021-04-28,True,True,True,False,Utilities,Top 30 non-financial VN100 members by formation market capitalization at 2021-06-30; financials excluded from LHS; sample starts 2021-07
6,VNM.HM,2021-06-30,140940189938342,0.24098123208352012,2021-04-29,True,True,True,False,Consumer Staples,Top 30 non-financial VN100 members by formation market capitalization at 2021-06-30; financials excluded from LHS; sample starts 2021-07
7,GVR.HM,2021-06-30,130850673960000,0.39844775036652014,2021-04-27,True,True,True,False,Materials,Top 30 non-financial VN100 members by formation market capitalization at 2021-06-30; financials excluded from LHS; sample starts 2021-07
8,MSN.HM,2021-06-30,129437352664435,0.19627333591921076,2021-04-29,True,True,True,False,Consumer Staples,Top 30 non-financial VN100 members by formation market capitalization at 2021-06-30; financials excluded from LHS; sample starts 2021-07
9,SAB.HM,2021-06-30,88369415767850,0.23968722172577658,2021-04-29,True,True,True,False,Consumer Staples,Top 30 non-financial VN100 members by formation market capitalization at 2021-06-30; financials excluded from LHS; sample starts 2021-07
10,VRE.HM,2021-06-30,72146109517500,0.4174438954701325,2021-04-28,True,True,True,False,Real Estate,Top 30 non-financial VN100 members by formation market capitalization at 2021-06-30; financials excluded from LHS; sample starts 2021-07
11,MWG.HM,2021-06-30,69395823708707,0.24430179438956445,2021-05-04,True,True,True,False,Consumer Discretionary,Top 30 non-financial VN100 members by formation market capitalization at 2021-06-30; financials excluded from LHS; sample starts 2021-07
12,FPT.HM,2021-06-30,66397239674646,0.2971554318297373,2021-04-23,True,True,True,False,Information Technology,Top 30 non-financial VN100 members by formation market capitalization at 2021-06-30; financials excluded from LHS; sample starts 2021-07
13,MCH.HM,2021-06-30,64446682729168,0.23550997049087283,2021-05-04,True,True,True,False,Consumer Staples,Top 30 non-financial VN100 members by formation market capitalization at 2021-06-30; financials excluded from LHS; sample starts 2021-07
14,BSR.HM,2021-06-30,60178349709447,0.5468883043179322,2021-05-05,True,True,True,False,Energy,Top 30 non-financial VN100 members by formation market capitalization at 2021-06-30; financials excluded from LHS; sample starts 2021-07
15,PLX.HM,2021-06-30,59826904228320,0.4425703768388605,2021-05-05,True,True,True,False,Energy,Top 30 non-financial VN100 members by formation market capitalization at 2021-06-30; financials excluded from LHS; sample starts 2021-07
16,BCM.HM,2021-06-30,52418421139410,0.3249395332573291,2021-04-29,True,True,True,False,Real Estate,Top 30 non-financial VN100 members by formation market capitalization at 2021-06-30; financials excluded from LHS; sample starts 2021-07
17,VJC.HM,2021-06-30,50619843709795,0.28900851407812944,2021-05-05,True,True,True,False,Industrials,Top 30 non-financial VN100 members by formation market capitalization at 2021-06-30; financials excluded from LHS; sample starts 2021-07
18,PDR.HM,2021-06-30,45464506308501,0.15105473543879402,2021-04-20,True,True,True,False,Real Estate,Top 30 non-financial VN100 members by formation market capitalization at 2021-06-30; financials excluded from LHS; sample starts 2021-07
19,HVN.HM,2021-06-30,39144860101266,0.026322168224626664,2021-04-29,True,True,True,False,Industrials,Top 30 non-financial VN100 members by formation market capitalization at 2021-06-30; financials excluded from LHS; sample starts 2021-07
20,POW.HM,2021-06-30,27756960293362,1.1364178782825345,2021-04-29,True,True,False,False,Utilities,Top 30 non-financial VN100 members by formation market capitalization at 2021-06-30; financials excluded from LHS; sample starts 2021-07
21,KDH.HM,2021-06-30,23396904673006,0.3574783136441877,2021-04-29,True,True,True,False,Real Estate,Top 30 non-financial VN100 members by formation market capitalization at 2021-06-30; financials excluded from LHS; sample starts 2021-07
22,VCG.HM,2021-06-30,19733423255524,0.38985485788232116,2021-04-29,True,True,True,False,Industrials,Top 30 non-financial VN100 members by formation market capitalization at 2021-06-30; financials excluded from LHS; sample starts 2021-07
23,KBC.HM,2021-06-30,18038791267200,0.6301715846823743,2021-04-29,True,True,True,False,Real Estate,Top 30 non-financial VN100 members by formation market capitalization at 2021-06-30; financials excluded from LHS; sample starts 2021-07
24,REE.HM,2021-06-30,16597344361208,0.7608135608406414,2021-04-29,True,True,True,False,Industrials,Top 30 non-financial VN100 members by formation market capitalization at 2021-06-30; financials excluded from LHS; sample starts 2021-07
25,GEX.HM,2021-06-30,16221973747692,0.5289573249568865,2021-05-04,True,True,True,False,Industrials,Top 30 non-financial VN100 members by formation market capitalization at 2021-06-30; financials excluded from LHS; sample starts 2021-07
26,PGV.HM,2021-06-30,15182390597963,1.0376654837353958,2021-05-04,True,True,False,False,Utilities,Top 30 non-financial VN100 members by formation market capitalization at 2021-06-30; financials excluded from LHS; sample starts 2021-07
27,HSG.HM,2021-06-30,14922953803177,0.5457957682034107,2021-05-18,True,True,True,False,Materials,Top 30 non-financial VN100 members by formation market capitalization at 2021-06-30; financials excluded from LHS; sample starts 2021-07
28,PNJ.HM,2021-06-30,13688551415972,0.42027451254669473,2021-04-22,True,True,True,False,Consumer Discretionary,Top 30 non-financial VN100 members by formation market capitalization at 2021-06-30; financials excluded from LHS; sample starts 2021-07
29,BHN.HM,2021-06-30,13250106480594,0.3862983801665674,2021-04-29,True,True,True,False,Consumer Staples,Top 30 non-financial VN100 members by formation market capitalization at 2021-06-30; financials excluded from LHS; sample starts 2021-07
30,SBT.HM,2021-06-30,12226711741536,0.6706784439170754,2021-05-04,True,True,True,False,Consumer Staples,Top 30 non-financial VN100 members by formation market capitalization at 2021-06-30; financials excluded from LHS; sample starts 2021-07
