selection_rank,ticker,formation_date,formation_market_cap,book_to_market,information_date,eligible_bm,eligible_op,eligible_inv,selection_rule
1,VCB.HM,2021-06-30,423384856636704,0.2385717803,2021-05-04,True,True,True,Top 30 VN100 members by June 2021 formation market cap; sample starts July 2021
2,VIC.HM,2021-06-30,405806279469779,0.3444364025,2021-05-04,True,True,True,Top 30 VN100 members by June 2021 formation market cap; sample starts July 2021
3,HPG.HM,2021-06-30,202337516490627,0.3272826587,2021-04-26,True,True,True,Top 30 VN100 members by June 2021 formation market cap; sample starts July 2021
4,CTG.HM,2021-06-30,189998190231221,0.4833577882,2021-04-29,True,True,True,Top 30 VN100 members by June 2021 formation market cap; sample starts July 2021
5,TCB.HM,2021-06-30,179941969264968,0.4395459565,2021-04-26,True,True,True,Top 30 VN100 members by June 2021 formation market cap; sample starts July 2021
6,VHM.HM,2021-06-30,179632934665674,0.5266555221,2021-04-29,True,True,True,Top 30 VN100 members by June 2021 formation market cap; sample starts July 2021
7,NVL.HM,2021-06-30,178306331248516,0.2117643289,2021-04-29,True,True,True,Top 30 VN100 members by June 2021 formation market cap; sample starts July 2021
8,BID.HM,2021-06-30,173093812285973,0.4752526558,2021-04-29,True,True,True,Top 30 VN100 members by June 2021 formation market cap; sample starts July 2021
9,GAS.HM,2021-06-30,150860386614033,0.34188285,2021-04-28,True,True,True,Top 30 VN100 members by June 2021 formation market cap; sample starts July 2021
10,VPB.HM,2021-06-30,143868251352469,0.389212432,2021-04-20,True,True,True,Top 30 VN100 members by June 2021 formation market cap; sample starts July 2021
11,VNM.HM,2021-06-30,140940189938342,0.2409812321,2021-04-29,True,True,True,Top 30 VN100 members by June 2021 formation market cap; sample starts July 2021
12,GVR.HM,2021-06-30,130850673960000,0.3984477504,2021-04-27,True,True,True,Top 30 VN100 members by June 2021 formation market cap; sample starts July 2021
13,MSN.HM,2021-06-30,129437352664435,0.1962733359,2021-04-29,True,True,True,Top 30 VN100 members by June 2021 formation market cap; sample starts July 2021
14,MBB.HM,2021-06-30,92089361997746,0.5833873081,2021-04-27,True,True,True,Top 30 VN100 members by June 2021 formation market cap; sample starts July 2021
15,SAB.HM,2021-06-30,88369415767850,0.2396872217,2021-04-29,True,True,True,Top 30 VN100 members by June 2021 formation market cap; sample starts July 2021
16,ACB.HM,2021-06-30,87415890525933,0.4338951965,2021-04-23,True,True,True,Top 30 VN100 members by June 2021 formation market cap; sample starts July 2021
17,VRE.HM,2021-06-30,72146109517500,0.4174438955,2021-04-28,True,True,True,Top 30 VN100 members by June 2021 formation market cap; sample starts July 2021
18,MWG.HM,2021-06-30,69395823708707,0.2443017944,2021-05-04,True,True,True,Top 30 VN100 members by June 2021 formation market cap; sample starts July 2021
19,FPT.HM,2021-06-30,66397239674646,0.2971554318,2021-04-23,True,True,True,Top 30 VN100 members by June 2021 formation market cap; sample starts July 2021
20,MCH.HM,2021-06-30,64446682729168,0.2355099705,2021-05-04,True,True,True,Top 30 VN100 members by June 2021 formation market cap; sample starts July 2021
21,BSR.HM,2021-06-30,60178349709447,0.5468883043,2021-05-05,True,True,True,Top 30 VN100 members by June 2021 formation market cap; sample starts July 2021
22,PLX.HM,2021-06-30,59826904228320,0.4425703768,2021-05-05,True,True,True,Top 30 VN100 members by June 2021 formation market cap; sample starts July 2021
23,VIB.HM,2021-06-30,56460419980532,0.3422882261,2021-04-29,True,True,True,Top 30 VN100 members by June 2021 formation market cap; sample starts July 2021
24,STB.HM,2021-06-30,55191794927400,0.5387371445,2021-05-04,True,True,True,Top 30 VN100 members by June 2021 formation market cap; sample starts July 2021
25,BCM.HM,2021-06-30,52418421139410,0.3249395333,2021-04-29,True,True,True,Top 30 VN100 members by June 2021 formation market cap; sample starts July 2021
26,HDB.HM,2021-06-30,51555687088701,0.5122901758,2021-04-23,True,True,True,Top 30 VN100 members by June 2021 formation market cap; sample starts July 2021
27,SHB.HM,2021-06-30,51012974371368,0.5020751939,2021-05-05,True,True,True,Top 30 VN100 members by June 2021 formation market cap; sample starts July 2021
28,VJC.HM,2021-06-30,50619843709795,0.2890085141,2021-05-05,True,True,True,Top 30 VN100 members by June 2021 formation market cap; sample starts July 2021
29,SSB.HM,2021-06-30,49739861031231,0.2859967781,2021-04-20,True,False,False,Top 30 VN100 members by June 2021 formation market cap; sample starts July 2021
30,PDR.HM,2021-06-30,45464506308501,0.1510547354,2021-04-20,True,True,True,Top 30 VN100 members by June 2021 formation market cap; sample starts July 2021
