model,ticker,n_months,alpha_pct_per_month,alpha_t_ols,alpha_p_ols,alpha_z_hac12,alpha_p_hac12,alpha_z_hac6,alpha_p_hac6,r_squared,beta_MKT_RF,beta_SMB,beta_HML,beta_SMB_FF5,beta_RMW,beta_CMA
CAPM,VCB.HM,60,0.09484718933,0.1255398347,0.9005303366,0.1377807504,0.8904136982,0.1482094769,0.8821774529,0.2845368443,0.6557433805,,,,,
CAPM,VIC.HM,60,2.766424688,1.489962361,0.1416524547,1.013406216,0.3108661715,1.215216714,0.2242834475,0.2536999727,1.489918179,,,,,
CAPM,HPG.HM,60,-0.4663965957,-0.5411276971,0.5904920159,-0.6046694114,0.5453986764,-0.6558443481,0.5119242787,0.4830802916,1.146750945,,,,,
CAPM,CTG.HM,60,0.2429300111,0.3429533938,0.732873441,0.3809528231,0.7032382553,0.3686494561,0.7123890273,0.4668722838,0.9123151029,,,,,
CAPM,TCB.HM,60,0.1278777723,0.1949165134,0.8461394874,0.1723989334,0.8631239106,0.1733003493,0.8624153492,0.6503983221,1.231586057,,,,,
CAPM,VHM.HM,60,0.866263938,0.7242175312,0.4718434745,0.6381784701,0.5233575106,0.655088879,0.5124105318,0.4287544591,1.426229775,,,,,
CAPM,NVL.HM,60,-2.169906777,-1.075772089,0.2864838739,-1.632385622,0.102598276,-1.104212306,0.2695010525,0.1694324341,1.253854027,,,,,
CAPM,BID.HM,60,0.591974607,0.5444865135,0.5881940912,0.6931104314,0.4882402518,0.6641966203,0.5065644763,0.3095770089,1.001977714,,,,,
CAPM,GAS.HM,60,0.4614485581,0.3175945414,0.7519330923,0.5135258294,0.6075835476,0.4599553167,0.6455482936,0.121763453,0.7445920112,,,,,
CAPM,VPB.HM,60,0.0972574639,0.1030260751,0.918297675,0.1948891467,0.845479731,0.1510260658,0.8799551542,0.4476857183,1.169727371,,,,,
CAPM,VNM.HM,60,-0.5842861237,-0.9610599952,0.3405116054,-1.548589116,0.121480524,-1.090007508,0.2757098367,0.1940597745,0.4105885189,,,,,
CAPM,GVR.HM,60,-0.01328004443,-0.0101814023,0.9919114968,-0.01166473413,0.9906930998,-0.01156256675,0.9907746121,0.4765210915,1.712768958,,,,,
CAPM,MSN.HM,60,-0.5404039593,-0.5215817096,0.6039477147,-0.6297709629,0.5288444462,-0.6416167395,0.5211220614,0.2820531768,0.8937805739,,,,,
CAPM,MBB.HM,60,0.5919603519,0.7867877183,0.4346092881,1.265757097,0.2056000597,1.233720079,0.2173072293,0.5392795941,1.12031126,,,,,
CAPM,SAB.HM,60,-0.7317080217,-1.006978388,0.3181278384,-0.8288721258,0.4071767697,-0.8517844427,0.3943337426,0.2062702595,0.5098178426,,,,,
CAPM,ACB.HM,60,0.3600496601,0.6429316021,0.5228021999,0.8665576932,0.3861844025,0.8486459306,0.3960783411,0.4202577917,0.656226014,,,,,
CAPM,VRE.HM,60,-0.2777471828,-0.2616159996,0.7945443377,-0.2848817206,0.7757347608,-0.2670212013,0.7894528373,0.3083710365,0.9756655038,,,,,
CAPM,MWG.HM,60,0.6213558079,0.6218925439,0.5364495603,0.6957623577,0.4865776665,0.6055942389,0.5447842289,0.3463906744,1.001069827,,,,,
CAPM,FPT.HM,60,0.6100378676,0.6981519004,0.4878719327,0.4588305815,0.646355832,0.5257665068,0.5990504483,0.1850832249,0.5731247368,,,,,
CAPM,MCH.HM,60,1.740785701,1.200051239,0.2349983417,0.996309425,0.3190998258,0.9985038476,0.3180350997,0.08980975529,0.6271285508,,,,,
CAPM,BSR.HM,60,1.390095749,0.8519381111,0.397752533,1.354687495,0.1755171438,1.100035602,0.27131661,0.2408918619,1.265060491,,,,,
CAPM,PLX.HM,60,-0.3889557271,-0.2683415051,0.7893885842,-0.5442958343,0.5862379131,-0.3954665919,0.6924985723,0.215670437,1.046101246,,,,,
CAPM,VIB.HM,60,-0.444995704,-0.5069850442,0.6140875033,-0.6870730865,0.4920366731,-0.6703188819,0.5026545329,0.4580832102,1.110662062,,,,,
CAPM,STB.HM,60,1.314455152,1.290126826,0.2021266993,2.022584574,0.04311599597,1.667388353,0.0954372082,0.3411623297,1.009067166,,,,,
CAPM,BCM.HM,60,0.04777276755,0.03891721178,0.9690900425,0.03126104393,0.9750613577,0.03502304949,0.9720613613,0.2170055979,0.8894267918,,,,,
CAPM,HDB.HM,60,1.099575904,1.203697649,0.2335962879,1.99397323,0.04615498011,1.857845178,0.06319100335,0.3893549783,1.00392586,,,,,
CAPM,SHB.HM,60,-0.103273682,-0.1127235399,0.9106389857,-0.1083790942,0.9136949838,-0.1032996319,0.9177251678,0.4359860845,1.108617757,,,,,
CAPM,VJC.HM,60,0.6024415136,0.5018943744,0.6176418345,0.6881381474,0.4913657899,0.5788542947,0.5626874921,0.1723210956,0.7538001635,,,,,
CAPM,SSB.HM,60,-0.1672280037,-0.204988346,0.8382989378,-0.2791199454,0.7801527769,-0.2633261232,0.7922992266,0.0458129008,0.2460210929,,,,,
CAPM,PDR.HM,60,-1.53745651,-0.9083202106,0.3674678981,-1.084122256,0.2783105961,-0.8909331772,0.3729650202,0.2231016421,1.248384959,,,,,
FF3,VCB.HM,60,0.07069079014,0.09598252923,0.9238771121,0.08257345329,0.9341907104,0.09501496233,0.9243029425,0.3582785046,0.5988528589,-0.4011494117,0.04462780939,,,
FF3,VIC.HM,60,3.02724658,1.844019843,0.07047292588,1.455810095,0.1454451242,1.697439037,0.08961368744,0.4493259503,1.434644106,-1.409223959,-0.2073361238,,,
FF3,HPG.HM,60,-0.5512504678,-0.6353598727,0.5277815439,-0.7924668055,0.4280885396,-0.8697355011,0.3844449666,0.5056049684,1.138920174,0.2371461361,0.07803706817,,,
FF3,CTG.HM,60,0.2471002282,0.3469603882,0.7299215765,0.3567271516,0.7212960771,0.3561786924,0.721706748,0.4913377816,0.885476714,-0.2450644438,0.007326789666,,,
FF3,TCB.HM,60,0.1459992216,0.2162628761,0.8295687034,0.1837648497,0.8541979324,0.1823742775,0.8552890109,0.6506010211,1.239582184,0.003574470521,-0.01925850575,,,
FF3,VHM.HM,60,0.4949129134,0.4758135849,0.6360581854,0.5660435102,0.571364203,0.5400864288,0.5891374294,0.5922930045,1.150906656,-1.028929595,0.4403539941,,,
FF3,NVL.HM,60,-1.936872322,-0.978661643,0.3319562815,-1.575045397,0.1152459663,-1.118391566,0.2633997947,0.2453005069,1.469852824,1.016292032,-0.2940589212,,,
FF3,BID.HM,60,0.60112462,0.5558069428,0.5805567733,0.6097719221,0.5420129036,0.6364699086,0.5244701881,0.3551357712,0.9532648535,-0.4504718415,0.01190438165,,,
FF3,GAS.HM,60,0.6172626435,0.4220012557,0.6746398291,0.6801855875,0.4963869569,0.6573947164,0.5109271481,0.1599070738,0.7647516742,-0.3859030288,-0.1456666576,,,
FF3,VPB.HM,60,-0.3108261789,-0.3450337572,0.7313615958,-0.8125712974,0.4164638935,-0.6347007565,0.5256236002,0.5252657623,0.9806095986,-0.1580890372,0.4374001063,,,
FF3,VNM.HM,60,-0.4762898591,-0.7796317077,0.4388903043,-1.138748196,0.2548081945,-0.8952977273,0.3706279549,0.2318956632,0.4425969955,-0.1128373393,-0.1083578918,,,
FF3,GVR.HM,60,0.02406212109,0.01909795654,0.9848308453,0.02382929878,0.9809887696,0.02221243094,0.9822785016,0.5389869804,1.815090992,0.7433910296,-0.07488304584,,,
FF3,MSN.HM,60,-0.6487691036,-0.6131148166,0.5422826292,-0.797712017,0.4250376287,-0.7550148303,0.4502400839,0.2931935836,0.860813246,0.1059390357,0.1090763247,,,
FF3,MBB.HM,60,0.4649938139,0.6113011925,0.5434738294,0.7754938914,0.4380478737,0.8024267375,0.4223061517,0.5555170931,1.045241384,-0.1883398571,0.1427422683,,,
FF3,SAB.HM,60,-0.5799904718,-0.7898512939,0.4329464854,-0.6088281485,0.5426383537,-0.6447468841,0.5190912281,0.234945775,0.587475412,0.1217692384,-0.1656293431,,,
FF3,ACB.HM,60,0.3235854922,0.5625546287,0.575983395,0.637321908,0.5239151835,0.6592179651,0.5097558122,0.4227124616,0.636048067,-0.04224324685,0.04042833791,,,
FF3,VRE.HM,60,-0.5306057261,-0.548656467,0.5854221313,-0.7191751667,0.4720329983,-0.6506751904,0.5152561816,0.4583120751,0.7756058008,-0.8085423243,0.3050050114,,,
FF3,MWG.HM,60,0.8083068099,0.8159307302,0.4179968993,0.9681599163,0.3329645101,0.8087628545,0.4186515662,0.3935179414,1.127422038,0.4129255112,-0.2166647323,,,
FF3,FPT.HM,60,0.8977286636,1.096028484,0.2777575125,0.7859233015,0.4319124224,0.8946103795,0.3709954014,0.3241507016,0.7546639762,0.5248408101,-0.328127281,,,
FF3,MCH.HM,60,2.174587322,1.512616024,0.1360006482,1.307738088,0.1909621599,1.314441496,0.1886976739,0.1561965606,0.8471425621,0.3307658846,-0.4727468603,,,
FF3,BSR.HM,60,1.102547279,0.6644960775,0.5090999595,1.195795503,0.2317763712,0.9150833087,0.3601478968,0.2591270179,1.141210256,-0.03073067289,0.3043483058,,,
FF3,PLX.HM,60,-0.3100124367,-0.208459289,0.8356267271,-0.4538348346,0.6499477093,-0.3215681834,0.7477798505,0.2207200137,1.100166999,0.1804639678,-0.09178209104,,,
FF3,VIB.HM,60,-0.6079372669,-0.6963032286,0.4891190554,-0.9686959897,0.3326968941,-0.9672716907,0.3334082318,0.4939005924,1.069221138,0.2289985107,0.1606775278,,,
FF3,STB.HM,60,1.157514798,1.127660322,0.2642718482,2.130707091,0.03311328052,1.669193437,0.09507905031,0.3688217272,0.907005469,-0.3122791114,0.1802410505,,,
FF3,BCM.HM,60,0.1112093521,0.08814850026,0.9300731223,0.07003516626,0.9441656697,0.07793741508,0.937877837,0.2193831843,0.9260174116,0.08624083573,-0.07094278011,,,
FF3,HDB.HM,60,1.02705625,1.096681533,0.2774743163,1.692094717,0.09062791561,1.645416623,0.0998839238,0.3942346009,0.9607533823,-0.1101011712,0.08165113626,,,
FF3,SHB.HM,60,-0.6039515081,-0.7330684123,0.466574371,-0.7362115567,0.4616019602,-0.7852687389,0.4322960205,0.5695143205,0.8981297499,-0.009272288092,0.5278141887,,,
FF3,VJC.HM,60,0.4761884155,0.3877051189,0.6997040529,0.5218151461,0.601799043,0.4453161896,0.6560912698,0.182071787,0.6824385602,-0.1591038461,0.140592684,,,
FF3,SSB.HM,60,-0.3479176228,-0.4224793756,0.6742929366,-0.6331261385,0.5266512743,-0.5816537357,0.5607999399,0.08226023759,0.1687526905,-0.01453854242,0.1910180912,,,
FF3,PDR.HM,60,-1.414101578,-0.9304345537,0.3561399068,-1.637473813,0.1015315063,-1.169075326,0.2423732841,0.4088061888,1.460549486,1.37672875,-0.1957685903,,,
FF5,VCB.HM,60,0.2596831207,0.4628016923,0.6453661687,0.4350463988,0.663528749,0.4472012481,0.6547297603,0.6418798701,0.9013096294,,0.03019615604,-0.4641303908,0.6406883963,0.3923173558
FF5,VIC.HM,60,2.837619318,2.461628101,0.01705567592,2.943550793,0.003244705751,2.792679431,0.005227346726,0.7389525525,0.6576823331,,0.1252993311,-1.252274258,-1.534632891,-0.8739767619
FF5,HPG.HM,60,-0.5926039319,-0.6696990913,0.5059032763,-0.9915923148,0.3213964397,-1.052602246,0.2925233276,0.5055626939,1.13952654,,0.05763640636,0.1635833403,0.1253056981,-0.09911525654
FF5,CTG.HM,60,0.3257872894,0.4745926442,0.6369910807,0.5544470074,0.5792729629,0.5139926091,0.6072571581,0.5456452029,1.008950683,,0.009217069308,-0.2897530841,0.3329023939,0.1083927071
FF5,TCB.HM,60,0.07642140147,0.122378776,0.9030533608,0.1330254687,0.8941732384,0.1123652111,0.9105338381,0.7125726063,1.205154144,,-0.01891431597,-0.1356717303,0.3786389473,-0.4013430834
FF5,VHM.HM,60,0.4058961402,0.4657099338,0.6432960962,0.9395453552,0.3474508172,0.7223389567,0.4700861072,0.724774304,0.7341938881,,0.6464353833,-0.9901805945,-0.6454929539,-0.5917533909
FF5,NVL.HM,60,-2.236070523,-1.139707495,0.2594384381,-2.225225698,0.02606609051,-1.440789042,0.1496442902,0.2869052087,1.117958897,,-0.3244087607,0.9751823854,-0.6089022316,-0.5719338191
FF5,BID.HM,60,0.8232542507,0.9161552489,0.3636588829,1.133870956,0.2568486817,1.092908244,0.2744340883,0.5720008777,1.324689755,,-0.007246900987,-0.5574525058,0.8369081052,0.4467795768
FF5,GAS.HM,60,1.092600378,1.003504465,0.3200932099,1.110983858,0.2665752976,1.065603087,0.2866031033,0.5524673008,1.466779484,,-0.1849252163,-0.4323884058,0.7173891373,1.575134311
FF5,VPB.HM,60,-0.2767361557,-0.3058785282,0.7608732732,-0.6792540875,0.4969768819,-0.5433778184,0.5868696949,0.5396392956,0.9918771208,,0.4939755281,-0.282502028,0.04866543414,0.08824032291
FF5,VNM.HM,60,-0.3616246172,-0.62170154,0.5367541541,-0.9547488346,0.3397047275,-0.69530506,0.4868641439,0.3305247984,0.6004384177,,-0.1174603241,-0.09524915901,0.112963853,0.3868050094
FF5,GVR.HM,60,0.2038968402,0.1820584101,0.8562186102,0.1573653788,0.8749568972,0.1592022314,0.8735095459,0.6497770931,2.278629078,,-0.2263151787,0.6905921409,0.5300514198,0.897668185
FF5,MSN.HM,60,-0.6311022846,-0.598872851,0.5517618211,-0.6769567587,0.4984333904,-0.6731243289,0.5008681972,0.3259999727,0.9698577854,,0.04932035169,0.1122097377,0.3328747114,-0.008106092421
FF5,MBB.HM,60,0.513368851,0.7946023654,0.4303233376,1.49763275,0.1342286931,1.155697557,0.2478048877,0.6917121611,1.188107924,,0.1325428606,-0.3366423499,0.6515720864,-0.08992680385
FF5,SAB.HM,60,-0.5820940114,-0.7821590571,0.4375374607,-0.5498048178,0.5824532538,-0.5947573737,0.5520056646,0.2444501119,0.627954028,,-0.1861447379,0.08374058685,0.13834815,0.001593600428
FF5,ACB.HM,60,0.3276383322,0.650045141,0.5184190616,1.142902671,0.2530790035,0.8479977607,0.3964392179,0.5738409101,0.7111823452,,0.02623432072,-0.1592443333,0.4621650858,-0.1483073673
FF5,VRE.HM,60,-0.5690977822,-0.6200176186,0.5378539222,-0.6297598002,0.5288517507,-0.6306221772,0.5282875947,0.530864938,0.5291229418,,0.4543055071,-0.8306824077,-0.2759859366,-0.4071090743
FF5,MWG.HM,60,0.7254730025,0.7367348762,0.4644724644,0.7454059527,0.4560263464,0.6694817306,0.503188231,0.4238733202,1.142473393,,-0.2837887269,0.3365750756,0.32441991,-0.2726428425
FF5,FPT.HM,60,0.8910169259,1.133745976,0.2619094219,1.113305237,0.265577358,1.147544965,0.2511564604,0.4017680161,0.9083703158,,-0.428500186,0.4663278537,0.4061899544,0.06223646988
FF5,MCH.HM,60,2.09405424,1.45561967,0.1512871894,1.370697804,0.1704691797,1.333971488,0.1822132008,0.1876356135,0.8636687644,,-0.5516300988,0.3094254585,0.3488274054,-0.322872066
FF5,BSR.HM,60,1.431867222,0.9547286696,0.3439694713,1.097468524,0.272436633,0.9916704888,0.3213582915,0.4180233019,1.686412977,,0.2419340313,-0.09202749069,0.6098574987,1.159810339
FF5,PLX.HM,60,-0.01728929927,-0.0139106773,0.9889525113,-0.01406718687,0.9887763789,-0.01444283031,0.9884766893,0.4766865489,1.689989623,,-0.2050396637,0.06990337705,0.9285174123,0.9887809607
FF5,VIB.HM,60,-0.7244554912,-0.9246058578,0.3592844696,-1.863109237,0.06244689897,-1.398133527,0.1620729736,0.6081217843,1.04918195,,0.1102574068,0.08141669556,0.5753254569,-0.5736863724
FF5,STB.HM,60,1.065830797,1.099757773,0.2763164279,1.648519336,0.09924614621,1.463490387,0.143333242,0.4590416135,0.7999909666,,0.211072541,-0.4350824826,0.4185915064,-0.6535333451
FF5,BCM.HM,60,0.3139846419,0.2618409237,0.7944403033,0.238338606,0.8116184806,0.2547172171,0.7989415174,0.3219639704,1.255703959,,-0.1210217217,0.100539176,0.2216036942,0.8059455697
FF5,HDB.HM,60,0.9524385277,1.043749568,0.3012514384,2.233056052,0.02554524823,1.730336181,0.08357022877,0.4470520795,0.8988759041,,0.07714123523,-0.1698839985,0.3175194914,-0.4700346053
FF5,SHB.HM,60,-0.6994512337,-0.8729241244,0.3865696468,-1.068281244,0.2853936664,-1.074108583,0.2827740183,0.6085003818,0.7931220503,,0.5549796073,-0.1576834279,0.2151721736,-0.4513791171
FF5,VJC.HM,60,0.4751504976,0.3933565244,0.6956049612,0.7269003461,0.4672870052,0.4971588841,0.6190770132,0.2393652888,0.566494222,,0.1837383719,-0.02686741033,-0.5255879902,0.09270399732
FF5,SSB.HM,60,-0.3313931411,-0.3957470723,0.6938508912,-0.6823656666,0.49500776,-0.5870187714,0.5571910997,0.08766318257,0.177636305,,0.1859612137,0.03690942613,-0.08724993682,0.08345386429
FF5,PDR.HM,60,-1.632672937,-1.036571399,0.3045552807,-2.174677693,0.0296542777,-1.369670523,0.1707897743,0.389527446,1.423659892,,-0.3311163215,1.184804611,0.2255306126,-0.3533639366
