model,ticker,term,estimate_decimal,ols_se_decimal,ols_t,ols_p,n_months,r_squared,hac_se_lag12_decimal,hac_z_lag12,hac_p_lag12,hac_se_lag6_decimal,hac_z_lag6,hac_p_lag6
CAPM,VCB.HM,const,0.0009484718933,0.007555146902,0.1255398347,0.9005303366,60,0.2845368443,0.006883921672,0.1377807504,0.8904136982,0.006399536069,0.1482094769,0.8821774529
CAPM,VCB.HM,MKT_RF,0.6557433805,0.136535096,4.802745958,1.142004519e-05,60,0.2845368443,0.07710629758,8.504407566,1.825252522e-17,0.09267976443,7.075367363,1.490533663e-12
CAPM,VIC.HM,const,0.02766424688,0.01856707766,1.489962361,0.1416524547,60,0.2536999727,0.02729828023,1.013406216,0.3108661715,0.02276486702,1.215216714,0.2242834475
CAPM,VIC.HM,MKT_RF,1.489918179,0.335540495,4.440352807,4.087573612e-05,60,0.2536999727,0.3715917368,4.009556811,6.083281639e-05,0.3499173879,4.257914098,2.063432028e-05
CAPM,HPG.HM,const,-0.004663965957,0.008618974749,-0.5411276971,0.5904920159,60,0.4830802916,0.00771324937,-0.6046694114,0.5453986764,0.007111391553,-0.6558443481,0.5119242787
CAPM,HPG.HM,MKT_RF,1.146750945,0.155760379,7.362276286,7.214004473e-10,60,0.4830802916,0.199206269,5.756600687,8.582460052e-09,0.1708571219,6.711753845,1.922989002e-11
CAPM,CTG.HM,const,0.002429300111,0.007083470101,0.3429533938,0.732873441,60,0.4668722838,0.00637690539,0.3809528231,0.7032382553,0.006589729269,0.3686494561,0.7123890273
CAPM,CTG.HM,MKT_RF,0.9123151029,0.1280110477,7.126846623,1.794505581e-09,60,0.4668722838,0.07784439822,11.71972709,1.00996823e-31,0.08823080017,10.3400978,4.640636778e-25
CAPM,TCB.HM,const,0.001278777723,0.006560643331,0.1949165134,0.8461394874,60,0.6503983221,0.007417550085,0.1723989334,0.8631239106,0.007378967951,0.1733003493,0.8624153492
CAPM,TCB.HM,MKT_RF,1.231586057,0.1185626274,10.3876414,7.440224546e-15,60,0.6503983221,0.1030083322,11.95617899,6.027204456e-33,0.1174602092,10.48513421,1.011020171e-25
CAPM,VHM.HM,const,0.00866263938,0.01196137763,0.7242175312,0.4718434745,60,0.4287544591,0.01357400756,0.6381784701,0.5233575106,0.01322360928,0.655088879,0.5124105318
CAPM,VHM.HM,MKT_RF,1.426229775,0.216163612,6.597917946,1.383364179e-08,60,0.4287544591,0.1418963604,10.05120759,9.074846582e-24,0.1497972439,9.521068199,1.714079563e-21
CAPM,NVL.HM,const,-0.02169906777,0.02017069229,-1.075772089,0.2864838739,60,0.1694324341,0.01329285646,-1.632385622,0.102598276,0.01965117364,-1.104212306,0.2695010525
CAPM,NVL.HM,MKT_RF,1.253854027,0.3645206961,3.439733436,0.001085061329,60,0.1694324341,0.3180537383,3.942270992,8.071370528e-05,0.3156711403,3.972026157,7.126389237e-05
CAPM,BID.HM,const,0.00591974607,0.0108721629,0.5444865135,0.5881940912,60,0.3095770089,0.008540841115,0.6931104314,0.4882402518,0.00891264106,0.6641966203,0.5065644763
CAPM,BID.HM,MKT_RF,1.001977714,0.1964795423,5.099654153,3.912108078e-06,60,0.3095770089,0.04735562547,21.15857839,2.300545764e-99,0.07020078837,14.27302651,3.22282608e-46
CAPM,GAS.HM,const,0.004614485581,0.01452948643,0.3175945414,0.7519330923,60,0.121763453,0.008985887986,0.5135258294,0.6075835476,0.01003246492,0.4599553167,0.6455482936
CAPM,GAS.HM,MKT_RF,0.7445920112,0.262573958,2.83574204,0.006284910098,60,0.121763453,0.1723493083,4.320249489,1.558528938e-05,0.1916644798,3.88487221,0.000102383727
CAPM,VPB.HM,const,0.000972574639,0.009440082403,0.1030260751,0.918297675,60,0.4476857183,0.004990399187,0.1948891467,0.845479731,0.006439780005,0.1510260658,0.8799551542
CAPM,VPB.HM,MKT_RF,1.169727371,0.1705992715,6.856578937,5.102041343e-09,60,0.4476857183,0.2955837164,3.957347129,7.5786758e-05,0.3268529309,3.57875748,0.0003452316412
CAPM,VNM.HM,const,-0.005842861237,0.006079600926,-0.9610599952,0.3405116054,60,0.1940597745,0.00377302228,-1.548589116,0.121480524,0.005360386229,-1.090007508,0.2757098367
CAPM,VNM.HM,MKT_RF,0.4105885189,0.1098693258,3.737062333,0.0004275477529,60,0.1940597745,0.0912007693,4.502029117,6.730775786e-06,0.1045931178,3.925578734,8.652146315e-05
CAPM,GVR.HM,const,-0.0001328004443,0.01304343354,-0.0101814023,0.9919114968,60,0.4765210915,0.01138478107,-0.01166473413,0.9906930998,0.01148537753,-0.01156256675,0.9907746121
CAPM,GVR.HM,MKT_RF,1.712768958,0.2357183088,7.26616853,1.046553816e-09,60,0.4765210915,0.2506638451,6.832931798,8.319651608e-12,0.2504295701,6.839323953,7.95677714e-12
CAPM,MSN.HM,const,-0.005404039593,0.01036086867,-0.5215817096,0.6039477147,60,0.2820531768,0.008580960241,-0.6297709629,0.5288444462,0.008422535231,-0.6416167395,0.5211220614
CAPM,MSN.HM,MKT_RF,0.8937805739,0.1872395358,4.773460745,1.267734507e-05,60,0.2820531768,0.2609622897,3.424941492,0.0006149318316,0.22792634,3.921357109,8.805165684e-05
CAPM,MBB.HM,const,0.005919603519,0.007523761976,0.7867877183,0.4346092881,60,0.5392795941,0.004676729473,1.265757097,0.2056000597,0.00479817393,1.233720079,0.2173072293
CAPM,MBB.HM,MKT_RF,1.12031126,0.135967914,8.239526719,2.433034645e-11,60,0.5392795941,0.1289148901,8.69031699,3.614295986e-18,0.175400505,6.387160972,1.689937237e-10
CAPM,SAB.HM,const,-0.007317080217,0.007266372646,-1.006978388,0.3181278384,60,0.2062702595,0.008827755198,-0.8288721258,0.4071767697,0.008590295679,-0.8517844427,0.3943337426
CAPM,SAB.HM,MKT_RF,0.5098178426,0.1313164257,3.882361554,0.0002674055697,60,0.2062702595,0.1693998235,3.009553564,0.002616319406,0.1676304349,3.041320289,0.002355431264
CAPM,ACB.HM,const,0.003600496601,0.005600123853,0.6429316021,0.5228021999,60,0.4202577917,0.004154941592,0.8665576932,0.3861844025,0.004242636972,0.8486459306,0.3960783411
CAPM,ACB.HM,MKT_RF,0.656226014,0.1012043125,6.484170465,2.142519055e-08,60,0.4202577917,0.1084835068,6.049085553,1.456702919e-09,0.1361814358,4.81876263,1.444512876e-06
CAPM,VRE.HM,const,-0.002777471828,0.01061659773,-0.2616159996,0.7945443377,60,0.3083710365,0.009749561404,-0.2848817206,0.7757347608,0.01040169026,-0.2670212013,0.7894528373
CAPM,VRE.HM,MKT_RF,0.9756655038,0.19186102,5.085272161,4.122493845e-06,60,0.3083710365,0.1748844558,5.578914944,2.420235413e-08,0.1766675374,5.522607708,3.340049194e-08
CAPM,MWG.HM,const,0.006213558079,0.009991369313,0.6218925439,0.5364495603,60,0.3463906744,0.008930575232,0.6957623577,0.4865776665,0.01026026616,0.6055942389,0.5447842289
CAPM,MWG.HM,MKT_RF,1.001069827,0.1805620177,5.544188306,7.586642083e-07,60,0.3463906744,0.2215415173,4.518655642,6.223351687e-06,0.2168085114,4.617299479,3.887660325e-06
CAPM,FPT.HM,const,0.006100378676,0.008737895969,0.6981519004,0.4878719327,60,0.1850832249,0.01329549276,0.4588305815,0.646355832,0.01160282863,0.5257665068,0.5990504483
CAPM,FPT.HM,MKT_RF,0.5731247368,0.1579094994,3.62945066,0.0006017121701,60,0.1850832249,0.1460224893,3.924907317,8.67631368e-05,0.1512434829,3.789417736,0.0001510008051
CAPM,MCH.HM,const,0.01740785701,0.01450592812,1.200051239,0.2349983417,60,0.08980975529,0.01747233999,0.996309425,0.3190998258,0.01743394084,0.9985038476,0.3180350997
CAPM,MCH.HM,MKT_RF,0.6271285508,0.2621482169,2.392267086,0.02000546188,60,0.08980975529,0.2117438383,2.961732232,0.003059136981,0.2172226745,2.887030796,0.003888961644
CAPM,BSR.HM,const,0.01390095749,0.01631686305,0.8519381111,0.397752533,60,0.2408918619,0.01026137581,1.354687495,0.1755171438,0.01263682508,1.100035602,0.27131661
CAPM,BSR.HM,MKT_RF,1.265060491,0.2948750689,4.29015751,6.851599294e-05,60,0.2408918619,0.1726188127,7.32863627,2.325064718e-13,0.2279063805,5.550790147,2.843812944e-08
CAPM,PLX.HM,const,-0.003889557271,0.01449480306,-0.2683415051,0.7893885842,60,0.215670437,0.007146035346,-0.5442958343,0.5862379131,0.009835362457,-0.3954665919,0.6924985723
CAPM,PLX.HM,MKT_RF,1.046101246,0.2619471671,3.993558159,0.0001856296122,60,0.215670437,0.1269898811,8.237674035,1.755907969e-16,0.174992606,5.977973986,2.259298007e-09
CAPM,VIB.HM,const,-0.00444995704,0.008777294499,-0.5069850442,0.6140875033,60,0.4580832102,0.006476686581,-0.6870730865,0.4920366731,0.006638567345,-0.6703188819,0.5026545329
CAPM,VIB.HM,MKT_RF,1.110662062,0.1586215017,7.001964112,2.908959995e-09,60,0.4580832102,0.1600119506,6.94111945,3.890049046e-12,0.1818332053,6.108136632,1.008010452e-09
CAPM,STB.HM,const,0.01314455152,0.01018857313,1.290126826,0.2021266993,60,0.3411623297,0.006498888445,2.022584574,0.04311599597,0.007883317337,1.667388353,0.0954372082
CAPM,STB.HM,MKT_RF,1.009067166,0.1841258454,5.480312467,9.625376022e-07,60,0.3411623297,0.1963365356,5.139477292,2.755037825e-07,0.1849178357,5.456840669,4.846808998e-08
CAPM,BCM.HM,const,0.0004777276755,0.01227548567,0.03891721178,0.9690900425,60,0.2170055979,0.01528188491,0.03126104393,0.9750613577,0.01364037919,0.03502304949,0.9720613613
CAPM,BCM.HM,MKT_RF,0.8894267918,0.2218401093,4.009314612,0.000176202672,60,0.2170055979,0.1745097328,5.096717402,3.455936342e-07,0.2049902352,4.338873952,1.4321463e-05
CAPM,HDB.HM,const,0.01099575904,0.009134984228,1.203697649,0.2335962879,60,0.3893549783,0.005514496822,1.99397323,0.04615498011,0.005918555092,1.857845178,0.06319100335
CAPM,HDB.HM,MKT_RF,1.00392586,0.1650855986,6.081244325,1.000793662e-07,60,0.3893549783,0.1546957942,6.489677789,8.602014264e-11,0.172048192,5.835143326,5.374434786e-09
CAPM,SHB.HM,const,-0.00103273682,0.009161678395,-0.1127235399,0.9106389857,60,0.4359860845,0.009528930164,-0.1083790942,0.9136949838,0.009997487908,-0.1032996319,0.9177251678
CAPM,SHB.HM,MKT_RF,1.108617757,0.1655680102,6.695845146,9.486406774e-09,60,0.4359860845,0.2119909993,5.229551071,1.699221569e-07,0.2590266023,4.279937843,1.869455166e-05
CAPM,VJC.HM,const,0.006024415136,0.01200335258,0.5018943744,0.6176418345,60,0.1723210956,0.008754659451,0.6881381474,0.4913657899,0.01040748111,0.5788542947,0.5626874921
CAPM,VJC.HM,MKT_RF,0.7538001635,0.2169221749,3.474979743,0.0009737238199,60,0.1723210956,0.2142053314,3.519054164,0.0004330882787,0.2081031971,3.622242109,0.0002920605748
CAPM,SSB.HM,const,-0.001672280037,0.008157927365,-0.204988346,0.8382989378,60,0.0458129008,0.005991259546,-0.2791199454,0.7801527769,0.006350604404,-0.2633261232,0.7922992266
CAPM,SSB.HM,MKT_RF,0.2460210929,0.1474284234,1.668749399,0.1005571228,60,0.0458129008,0.1096269892,2.244165371,0.02482176321,0.1336096389,1.841342397,0.06557139838
CAPM,PDR.HM,const,-0.0153745651,0.01692637125,-0.9083202106,0.3674678981,60,0.2231016421,0.0141815787,-1.084122256,0.2783105961,0.01725669836,-0.8909331772,0.3729650202
CAPM,PDR.HM,MKT_RF,1.248384959,0.3058899785,4.081156777,0.0001387653891,60,0.2231016421,0.2855202444,4.372316792,1.229349684e-05,0.315413824,3.957927218,7.560298552e-05
FF3,VCB.HM,const,0.0007069079014,0.007364964301,0.09598252923,0.9238771121,60,0.3582785046,0.008560958433,0.08257345329,0.9341907104,0.007439964023,0.09501496233,0.9243029425
FF3,VCB.HM,MKT_RF,0.5988528589,0.1421655569,4.212362488,9.269116033e-05,60,0.3582785046,0.1065279874,5.621554239,1.892470616e-08,0.1154776549,5.185876516,2.150012381e-07
FF3,VCB.HM,SMB,-0.4011494117,0.1601074088,-2.505501868,0.01516207036,60,0.3582785046,0.1350271686,-2.970879238,0.00296948522,0.1322495222,-3.033276831,0.002419135677
FF3,VCB.HM,HML,0.04462780939,0.1182866168,0.377285365,0.707387618,60,0.3582785046,0.1368629775,0.3260765637,0.7443664283,0.1452686347,0.3072088444,0.758684414
FF3,VIC.HM,const,0.0302724658,0.01641656185,1.844019843,0.07047292588,60,0.4493259503,0.02079424088,1.455810095,0.1454451242,0.01783419913,1.697439037,0.08961368744
FF3,VIC.HM,MKT_RF,1.434644106,0.3168881154,4.527289086,3.167243982e-05,60,0.4493259503,0.2609701413,5.497349617,3.855418527e-08,0.2789539942,5.142941618,2.704696925e-07
FF3,VIC.HM,SMB,-1.409223959,0.3568806407,-3.948726263,0.0002218941826,60,0.4493259503,0.4687515275,-3.006334649,0.002644178182,0.465583202,-3.026792962,0.002471631837
FF3,VIC.HM,HML,-0.2073361238,0.263661775,-0.7863715692,0.4349649401,60,0.4493259503,0.4094218377,-0.5064119807,0.6125674658,0.4529004131,-0.4577962788,0.6470988095
FF3,HPG.HM,const,-0.005512504678,0.008676192682,-0.6353598727,0.5277815439,60,0.5056049684,0.006956133229,-0.7924668055,0.4280885396,0.006338139206,-0.8697355011,0.3844449666
FF3,HPG.HM,MKT_RF,1.138920174,0.1674761362,6.800492295,7.389675872e-09,60,0.5056049684,0.1343791011,8.475426348,2.342201611e-17,0.125597888,9.067988262,1.21234617e-19
FF3,HPG.HM,SMB,0.2371461361,0.1886122826,1.257320747,0.2138559729,60,0.5056049684,0.1862832469,1.273040599,0.2030036357,0.2187614909,1.084039678,0.2783472068
FF3,HPG.HM,HML,0.07803706817,0.1393458864,0.5600241971,0.5776963977,60,0.5056049684,0.1444864162,0.5400996869,0.5891282866,0.1709394553,0.4565187599,0.6480169838
FF3,CTG.HM,const,0.002471002282,0.007121857036,0.3469603882,0.7299215765,60,0.4913377816,0.006926869095,0.3567271516,0.7212960771,0.006937535384,0.3561786924,0.721706748
FF3,CTG.HM,MKT_RF,0.885476714,0.1374728689,6.441101588,2.8872587e-08,60,0.4913377816,0.1424769362,6.214877561,5.136468557e-10,0.145605938,6.081322826,1.191950286e-09
FF3,CTG.HM,SMB,-0.2450644438,0.1548224851,-1.582873726,0.1190821246,60,0.4913377816,0.2201595006,-1.113122273,0.2656559188,0.1871020398,-1.309790337,0.190266773
FF3,CTG.HM,HML,0.007326789666,0.1143821395,0.06405536474,0.9491542504,60,0.4913377816,0.1257608436,0.05825970514,0.9535417636,0.1340124303,0.0546724632,0.9563994077
FF3,TCB.HM,const,0.001459992216,0.00675100712,0.2162628761,0.8295687034,60,0.6506010211,0.007944893809,0.1837648497,0.8541979324,0.008005472243,0.1823742775,0.8552890109
FF3,TCB.HM,MKT_RF,1.239582184,0.1303143705,9.512244726,2.711662936e-13,60,0.6506010211,0.1037502732,11.94774862,6.670792467e-33,0.118503682,10.46028413,1.31460861e-25
FF3,TCB.HM,SMB,0.003574470521,0.1467605561,0.02435579842,0.9806553882,60,0.6506010211,0.09703763781,0.03683591854,0.9706158346,0.1114295838,0.03207829015,0.9744096165
FF3,TCB.HM,HML,-0.01925850575,0.1084260235,-0.1776188514,0.8596632427,60,0.6506010211,0.1513950189,-0.1272069973,0.8987765673,0.1480727816,-0.130061079,0.8965181029
FF3,VHM.HM,const,0.004949129134,0.0104014036,0.4758135849,0.6360581854,60,0.5922930045,0.008743372275,0.5660435102,0.571364203,0.009163587289,0.5400864288,0.5891374294
FF3,VHM.HM,MKT_RF,1.150906656,0.2007778008,5.732240574,4.127156149e-07,60,0.5922930045,0.1576357171,7.301052561,2.855251719e-13,0.1748197076,6.583391952,4.598347934e-11
FF3,VHM.HM,SMB,-1.028929595,0.2261167481,-4.550435133,2.923339841e-05,60,0.5922930045,0.2243657897,-4.585946887,4.519334902e-06,0.2494923432,-4.124092874,3.721987012e-05
FF3,VHM.HM,HML,0.4403539941,0.1670540129,2.635997702,0.01083372379,60,0.5922930045,0.2438365687,1.805939103,0.07092785224,0.2541497165,1.732655854,0.08315685538
FF3,NVL.HM,const,-0.01936872322,0.01979103131,-0.978661643,0.3319562815,60,0.2453005069,0.01229724759,-1.575045397,0.1152459663,0.01731837382,-1.118391566,0.2633997947
FF3,NVL.HM,MKT_RF,1.469852824,0.3820253395,3.84752704,0.0003080682979,60,0.2453005069,0.3991147548,3.682782472,0.0002307020103,0.4194914442,3.503892258,0.0004585108269
FF3,NVL.HM,SMB,1.016292032,0.4302384384,2.362160006,0.02166983222,60,0.2453005069,0.511773564,1.985823621,0.04705291197,0.5950778619,1.707830348,0.08766782616
FF3,NVL.HM,HML,-0.2940589212,0.3178581784,-0.9251261763,0.3588698743,60,0.2453005069,0.4309069441,-0.6824186178,0.4949742866,0.4619064041,-0.6366201433,0.5243723012
FF3,BID.HM,const,0.0060112462,0.01081534925,0.5558069428,0.5805567733,60,0.3551357712,0.009858187925,0.6097719221,0.5420129036,0.009444666776,0.6364699086,0.5244701881
FF3,BID.HM,MKT_RF,0.9532648535,0.208768174,4.566140687,2.768381069e-05,60,0.3551357712,0.1271372995,7.497916485,6.484018867e-14,0.1333590219,7.148109217,8.798130238e-13
FF3,BID.HM,SMB,-0.4504718415,0.2351155379,-1.915959471,0.06048044696,60,0.3551357712,0.2327167835,-1.935708438,0.05290342042,0.2301583989,-1.957225301,0.05032098541
FF3,BID.HM,HML,0.01190438165,0.1737022774,0.06853325026,0.9456052781,60,0.3551357712,0.144847753,0.08218547684,0.9344992222,0.1588364939,0.07494739627,0.9402565658
FF3,GAS.HM,const,0.006172626435,0.01462703334,0.4220012557,0.6746398291,60,0.1599070738,0.009074915064,0.6801855875,0.4963869569,0.009389528514,0.6573947164,0.5109271481
FF3,GAS.HM,MKT_RF,0.7647516742,0.2823449314,2.70857235,0.0089468823,60,0.1599070738,0.1423842425,5.371041493,7.828319235e-08,0.1669187162,4.581581333,4.614730603e-06
FF3,GAS.HM,SMB,-0.3859030288,0.3179779711,-1.213615608,0.2299884418,60,0.1599070738,0.2051737315,-1.880859825,0.05999098949,0.205913741,-1.874100422,0.06091658525
FF3,GAS.HM,HML,-0.1456666576,0.2349206617,-0.6200674584,0.5377285103,60,0.1599070738,0.1187355575,-1.226815797,0.2198918319,0.1341810126,-1.08559814,0.2776568231
FF3,VPB.HM,const,-0.003108261789,0.009008573,-0.3450337572,0.7313615958,60,0.5252657623,0.003825217306,-0.8125712974,0.4164638935,0.004897208262,-0.6347007565,0.5256236002
FF3,VPB.HM,MKT_RF,0.9806095986,0.1738920577,5.639185662,5.827233613e-07,60,0.5252657623,0.2388897675,4.104862291,4.045557989e-05,0.2451968309,3.999275174,6.353677242e-05
FF3,VPB.HM,SMB,-0.1580890372,0.1958379187,-0.8072442676,0.4229412584,60,0.5252657623,0.159144975,-0.9933649317,0.3205321449,0.177252372,-0.8918867231,0.3724536517
FF3,VPB.HM,HML,0.4374001063,0.1446841531,3.023137621,0.003769522242,60,0.5252657623,0.2916103398,1.499947178,0.1336280858,0.2698607754,1.620836172,0.1050527785
FF3,VNM.HM,const,-0.004762898591,0.006109164808,-0.7796317077,0.4388903043,60,0.2318956632,0.004182573996,-1.138748196,0.2548081945,0.005319904704,-0.8952977273,0.3706279549
FF3,VNM.HM,MKT_RF,0.4425969955,0.1179249188,3.753210094,0.0004167234465,60,0.2318956632,0.08740035193,5.064018458,4.105098749e-07,0.1022196392,4.329862627,1.49202388e-05
FF3,VNM.HM,SMB,-0.1128373393,0.1328075069,-0.8496307323,0.3991482194,60,0.2318956632,0.1081345766,-1.043489907,0.2967214527,0.1151286921,-0.9800974652,0.3270380103
FF3,VNM.HM,HML,-0.1083578918,0.09811757492,-1.104367815,0.2741563163,60,0.2318956632,0.05502182529,-1.969361999,0.0489115363,0.06438873883,-1.682870231,0.09240021548
FF3,GVR.HM,const,0.0002406212109,0.01259931712,0.01909795654,0.9848308453,60,0.5389869804,0.01009770422,0.02382929878,0.9809887696,0.01083272748,0.02221243094,0.9822785016
FF3,GVR.HM,MKT_RF,1.815090992,0.2432040214,7.463244158,5.936675973e-10,60,0.5389869804,0.1659769824,10.93579944,7.771793637e-28,0.1923697924,9.435426267,3.894076397e-21
FF3,GVR.HM,SMB,0.7433910296,0.2738973245,2.714123006,0.008815766832,60,0.5389869804,0.2124237821,3.499565926,0.0004660163517,0.1940989717,3.829958619,0.00012816481
FF3,GVR.HM,HML,-0.07488304584,0.2023540829,-0.3700594758,0.7127341024,60,0.5389869804,0.2242028246,-0.3339968887,0.7383819065,0.2231244558,-0.3356111081,0.7371641464
FF3,MSN.HM,const,-0.006487691036,0.01058152708,-0.6131148166,0.5422826292,60,0.2931935836,0.008132873641,-0.797712017,0.4250376287,0.008592799474,-0.7550148303,0.4502400839
FF3,MSN.HM,MKT_RF,0.860813246,0.2042547158,4.214410632,9.205573734e-05,60,0.2931935836,0.249250028,3.453613438,0.0005531296171,0.213172886,4.038099132,5.388608202e-05
FF3,MSN.HM,SMB,0.1059390357,0.2300324635,0.4605395,0.6469124783,60,0.2931935836,0.2713806911,0.3903705724,0.696262545,0.2547483168,0.4158576476,0.6775141724
FF3,MSN.HM,HML,0.1090763247,0.1699469255,0.6418258197,0.5236049186,60,0.2931935836,0.2043112543,0.5338733058,0.5934291919,0.2121077289,0.514249647,0.607077461
FF3,MBB.HM,const,0.004649938139,0.0076066237,0.6113011925,0.5434738294,60,0.5555170931,0.00599609899,0.7754938914,0.4380478737,0.005794844466,0.8024267375,0.4223061517
FF3,MBB.HM,MKT_RF,1.045241384,0.1468302968,7.118703743,2.203012834e-09,60,0.5555170931,0.1562685134,6.688752333,2.250812812e-11,0.1769163361,5.908111183,3.460524449e-09
FF3,MBB.HM,SMB,-0.1883398571,0.1653608572,-1.138962753,0.2595675239,60,0.5555170931,0.1783680729,-1.055905656,0.2910113197,0.2085826707,-0.9029506453,0.3665520897
FF3,MBB.HM,HML,0.1427422683,0.1221678403,1.168411162,0.24759108,60,0.5555170931,0.191062113,0.7470987634,0.4550039466,0.1657831457,0.8610179744,0.3892281435
FF3,SAB.HM,const,-0.005799904718,0.007343033762,-0.7898512939,0.4329464854,60,0.234945775,0.009526341271,-0.6088281485,0.5426383537,0.008995630473,-0.6447468841,0.5190912281
FF3,SAB.HM,MKT_RF,0.587475412,0.1417422327,4.14467446,0.0001162554969,60,0.234945775,0.1666946782,3.524260153,0.0004246670825,0.1680941433,3.49491898,0.0004742056796
FF3,SAB.HM,SMB,0.1217692384,0.1596306595,0.7628186141,0.448773042,60,0.234945775,0.1037022445,1.174219893,0.2403069599,0.128748249,0.9457933556,0.3442539952
FF3,SAB.HM,HML,-0.1656293431,0.1179343966,-1.404419303,0.1657163564,60,0.234945775,0.0553791365,-2.990825672,0.002782242765,0.0677893031,-2.443296148,0.01455378908
FF3,ACB.HM,const,0.003235854922,0.005752072345,0.5625546287,0.575983395,60,0.4227124616,0.005077269244,0.637321908,0.5239151835,0.004908626727,0.6592179651,0.5097558122
FF3,ACB.HM,MKT_RF,0.636048067,0.1110319799,5.72851234,4.184688352e-07,60,0.4227124616,0.1166985912,5.450349146,5.027102891e-08,0.1374628639,4.627053803,3.70904185e-06
FF3,ACB.HM,SMB,-0.04224324685,0.125044652,-0.3378252982,0.7367579935,60,0.4227124616,0.08010665608,-0.5273375387,0.5979592104,0.1084537757,-0.3895046216,0.6969028925
FF3,ACB.HM,HML,0.04042833791,0.09238241347,0.4376194168,0.6633454234,60,0.4227124616,0.183203245,0.2206747916,0.825345661,0.171620321,0.2355684786,0.8137675356
FF3,VRE.HM,const,-0.005306057261,0.009671001036,-0.548656467,0.5854221313,60,0.4583120751,0.007377976196,-0.7191751667,0.4720329983,0.008154694291,-0.6506751904,0.5152561816
FF3,VRE.HM,MKT_RF,0.7756058008,0.1866788747,4.154759353,0.0001124088946,60,0.4583120751,0.2689381214,2.883956342,0.003927131931,0.2518458849,3.079684232,0.002072201652
FF3,VRE.HM,SMB,-0.8085423243,0.2102384822,-3.845834101,0.0003097532473,60,0.4583120751,0.162837565,-4.965330476,6.858417977e-07,0.2280936243,-3.54478266,0.0003929369421
FF3,VRE.HM,HML,0.3050050114,0.1553232232,1.963679386,0.05453938377,60,0.4583120751,0.2168215327,1.406709969,0.1595134085,0.2213152895,1.378147041,0.1681578942
FF3,MWG.HM,const,0.008083068099,0.009906561672,0.8159307302,0.4179968993,60,0.3935179414,0.008348897701,0.9681599163,0.3329645101,0.009994361207,0.8087628545,0.4186515662
FF3,MWG.HM,MKT_RF,1.127422038,0.1912258905,5.895760429,2.244856944e-07,60,0.3935179414,0.2488684897,4.53019199,5.893011019e-06,0.2449682117,4.602319747,4.178111155e-06
FF3,MWG.HM,SMB,0.4129255112,0.2153593493,1.917379081,0.06029605963,60,0.3935179414,0.2315752557,1.78311586,0.07456744522,0.2322174896,1.778184373,0.07537357862
FF3,MWG.HM,HML,-0.2166647323,0.1591064962,-1.361759183,0.1787273022,60,0.3935179414,0.1315919559,-1.646489185,0.09966308487,0.1218138494,-1.778654342,0.07529644893
FF3,FPT.HM,const,0.008977286636,0.008190742087,1.096028484,0.2777575125,60,0.3241507016,0.0114225989,0.7859233015,0.4319124224,0.01003485634,0.8946103795,0.3709954014
FF3,FPT.HM,MKT_RF,0.7546639762,0.1581055064,4.773166941,1.341625071e-05,60,0.3241507016,0.1412156969,5.344051639,9.089165602e-08,0.1420082399,5.314226673,1.071112212e-07
FF3,FPT.HM,SMB,0.5248408101,0.1780590425,2.947566171,0.004662904927,60,0.3241507016,0.1091252129,4.809528394,1.512868059e-06,0.1202876258,4.363215307,1.281646941e-05
FF3,FPT.HM,HML,-0.328127281,0.1315492012,-2.494331231,0.01559714076,60,0.3241507016,0.09379912411,-3.498191312,0.000468424991,0.09264255049,-3.541863639,0.0003973108063
FF3,MCH.HM,const,0.02174587322,0.01437633403,1.512616024,0.1360006482,60,0.1561965606,0.01662861503,1.307738088,0.1909621599,0.01654381217,1.314441496,0.1886976739
FF3,MCH.HM,MKT_RF,0.8471425621,0.2775056945,3.052703346,0.003465645754,60,0.1561965606,0.2617577363,3.236361126,0.001210641185,0.2700282892,3.137236341,0.001705485891
FF3,MCH.HM,SMB,0.3307658846,0.3125280035,1.05835599,0.2944371644,60,0.1561965606,0.2593670521,1.275281043,0.2022097851,0.3023169782,1.094102907,0.2739098477
FF3,MCH.HM,HML,-0.4727468603,0.2308942508,-2.047460509,0.04531472886,60,0.1561965606,0.2063932197,-2.290515458,0.02199145351,0.1998150886,-2.365921731,0.01798524623
FF3,BSR.HM,const,0.01102547279,0.01659223156,0.6644960775,0.5090999595,60,0.2591270179,0.009220199238,1.195795503,0.2317763712,0.01204860004,0.9150833087,0.3601478968
FF3,BSR.HM,MKT_RF,1.141210256,0.3202790595,3.563174744,0.0007572464629,60,0.2591270179,0.2541976566,4.489460174,7.140389539e-06,0.3184891809,3.583199444,0.0003394112534
FF3,BSR.HM,SMB,-0.03073067289,0.3606995352,-0.08519742857,0.932408304,60,0.2591270179,0.3670712025,-0.08371856109,0.9332801993,0.3842581387,-0.07997403254,0.9362579088
FF3,BSR.HM,HML,0.3043483058,0.2664831567,1.142092092,0.2582756127,60,0.2591270179,0.2869629537,1.06058396,0.2888790152,0.3349839915,0.9085458217,0.363589916
FF3,PLX.HM,const,-0.003100124367,0.01487160578,-0.208459289,0.8356267271,60,0.2207200137,0.006830952873,-0.4538348346,0.6499477093,0.009640643968,-0.3215681834,0.7477798505
FF3,PLX.HM,MKT_RF,1.100166999,0.2870659016,3.832454473,0.000323384931,60,0.2207200137,0.09921439744,11.08878376,1.422080522e-28,0.134601919,8.173486729,2.996023313e-16
FF3,PLX.HM,SMB,0.1804639678,0.3232947464,0.5582025995,0.5789310703,60,0.2207200137,0.2236756567,0.8068109443,0.4197754128,0.21109874,0.8548794173,0.3926179064
FF3,PLX.HM,HML,-0.09178209104,0.2388486709,-0.3842687954,0.7022345703,60,0.2207200137,0.2148844263,-0.4271230477,0.6692897067,0.2132653746,-0.4303656476,0.6669296801
FF3,VIB.HM,const,-0.006079372669,0.008730927015,-0.6963032286,0.4891190554,60,0.4939005924,0.006275831358,-0.9686959897,0.3326968941,0.006285072464,-0.9672716907,0.3334082318
FF3,VIB.HM,MKT_RF,1.069221138,0.1685326704,6.344295945,4.162762629e-08,60,0.4939005924,0.1446117863,7.39373439,1.427614496e-13,0.1600923903,6.678775522,2.409468937e-11
FF3,VIB.HM,SMB,0.2289985107,0.1898021556,1.206511643,0.232692555,60,0.4939005924,0.1173221562,1.951877787,0.05095271614,0.12506222,1.831076648,0.06708910346
FF3,VIB.HM,HML,0.1606775278,0.1402249591,1.145855408,0.2567280427,60,0.4939005924,0.1616823668,0.993785105,0.3203274992,0.1631103758,0.9850846521,0.3245824916
FF3,STB.HM,const,0.01157514798,0.01026474706,1.127660322,0.2642718482,60,0.3688217272,0.005432538349,2.130707091,0.03311328052,0.006934575542,1.669193437,0.09507905031
FF3,STB.HM,MKT_RF,0.907005469,0.1981399262,4.577600722,2.660399495e-05,60,0.3688217272,0.1594707043,5.687599317,1.288376765e-08,0.1586878647,5.715657404,1.092807109e-08
FF3,STB.HM,SMB,-0.3122791114,0.2231459634,-1.399438765,0.1671965685,60,0.3688217272,0.1805980436,-1.72913895,0.08378422958,0.199936628,-1.561890458,0.1183137968
FF3,STB.HM,HML,0.1802410505,0.1648592109,1.093302883,0.2789416581,60,0.3688217272,0.2289960671,0.7870923407,0.4312278128,0.2323701825,0.7756634201,0.4379477436
FF3,BCM.HM,const,0.001112093521,0.0126161366,0.08814850026,0.9300731223,60,0.2193831843,0.01587907304,0.07003516626,0.9441656697,0.01426905831,0.07793741508,0.937877837
FF3,BCM.HM,MKT_RF,0.9260174116,0.243528687,3.802498272,0.0003560265674,60,0.2193831843,0.1842413392,5.026110946,5.005263883e-07,0.216050542,4.286114735,1.818251054e-05
FF3,BCM.HM,SMB,0.08624083573,0.2742629642,0.3144457947,0.7543510311,60,0.2193831843,0.3904027387,0.2209022304,0.8251685607,0.3771764655,0.2286485071,0.8191421199
FF3,BCM.HM,HML,-0.07094278011,0.2026242158,-0.350119949,0.727562148,60,0.2193831843,0.2260055741,-0.3138983646,0.7535982325,0.2450690716,-0.289480756,0.7722135043
FF3,HDB.HM,const,0.0102705625,0.009365127609,1.096681533,0.2774743163,60,0.3942346009,0.006069732623,1.692094717,0.09062791561,0.006241922173,1.645416623,0.0998839238
FF3,HDB.HM,MKT_RF,0.9607533823,0.1807746144,5.314647664,1.920351513e-06,60,0.3942346009,0.1364192833,7.042650857,1.886164422e-12,0.1482751203,6.479531969,9.200757159e-11
FF3,HDB.HM,SMB,-0.1101011712,0.2035890811,-0.5408009633,0.5907895217,60,0.3942346009,0.1562271322,-0.7047506384,0.480965432,0.2069663393,-0.5319762216,0.5947424645
FF3,HDB.HM,HML,0.08165113626,0.1504106762,0.5428546584,0.5893840605,60,0.3942346009,0.09248442592,0.882863633,0.3773099547,0.1188979473,0.6867329344,0.4922510389
FF3,SHB.HM,const,-0.006039515081,0.008238678656,-0.7330684123,0.466574371,60,0.5695143205,0.008203504857,-0.7362115567,0.4616019602,0.007691016823,-0.7852687389,0.4322960205
FF3,SHB.HM,MKT_RF,0.8981297499,0.1590308237,5.647519953,5.650236136e-07,60,0.5695143205,0.1749097508,5.134818075,2.824170779e-07,0.1867940592,4.80812802,1.523501945e-06
FF3,SHB.HM,SMB,-0.009272288092,0.1791011385,-0.05177124037,0.9588952046,60,0.5695143205,0.1791631133,-0.05175333204,0.9587252413,0.1774616429,-0.0522495337,0.9583298646
FF3,SHB.HM,HML,0.5278141887,0.1323190969,3.988949449,0.000194547701,60,0.5695143205,0.2383422975,2.214521696,0.02679291195,0.2091888905,2.523146365,0.01163099792
FF3,VJC.HM,const,0.004761884155,0.01228223184,0.3877051189,0.6997040529,60,0.182071787,0.00912561506,0.5218151461,0.601799043,0.0106932653,0.4453161896,0.6560912698
FF3,VJC.HM,MKT_RF,0.6824385602,0.2370833392,2.878475403,0.005648255632,60,0.182071787,0.2187925667,3.119112182,0.001813968828,0.1937333654,3.522565971,0.0004273906579
FF3,VJC.HM,SMB,-0.1591038461,0.2670041881,-0.5958852079,0.553652848,60,0.182071787,0.1512832979,-1.051694723,0.2929396328,0.1574693632,-1.010379688,0.3123134154
FF3,VJC.HM,HML,0.140592684,0.1972614655,0.7127224959,0.4789768376,60,0.182071787,0.1543841214,0.9106680319,0.3624703128,0.1669092663,0.8423300104,0.3996032573
FF3,SSB.HM,const,-0.003479176228,0.008235138634,-0.4224793756,0.6742929366,60,0.08226023759,0.005495233914,-0.6331261385,0.5266512743,0.00598152477,-0.5816537357,0.5607999399
FF3,SSB.HM,MKT_RF,0.1687526905,0.1589624908,1.061588112,0.2929796361,60,0.08226023759,0.1037198417,1.627004899,0.1037360574,0.117351698,1.438008086,0.15043176
FF3,SSB.HM,SMB,-0.01453854242,0.1790241817,-0.08120993645,0.9355645502,60,0.08226023759,0.1896574693,-0.07665684076,0.9388965395,0.1871907415,-0.0776669952,0.9380929488
FF3,SSB.HM,HML,0.1910180912,0.1322622416,1.444237516,0.1542441116,60,0.08226023759,0.0903376526,2.114490312,0.03447341134,0.1092697057,1.748134033,0.08044082107
FF3,PDR.HM,const,-0.01414101578,0.01519829172,-0.9304345537,0.3561399068,60,0.4088061888,0.00863587293,-1.637473813,0.1015315063,0.0120958979,-1.169075326,0.2423732841
FF3,PDR.HM,MKT_RF,1.460549486,0.2933719049,4.978491332,6.469333512e-06,60,0.4088061888,0.2463666004,5.928358321,3.059782471e-09,0.2701563893,5.406311098,6.433601217e-08
FF3,PDR.HM,SMB,1.37672875,0.330396592,4.166897552,0.0001079423835,60,0.4088061888,0.600343926,2.293233413,0.02183457045,0.6779843925,2.030620123,0.04229354483
FF3,PDR.HM,HML,-0.1957685903,0.2440954817,-0.8020164439,0.4259338321,60,0.4088061888,0.2767826537,-0.7073007922,0.4793795733,0.2964834,-0.6603020279,0.509060029
FF5,VCB.HM,const,0.002596831207,0.005611110006,0.4628016923,0.6453661687,60,0.6418798701,0.005969090225,0.4350463988,0.663528749,0.005806851429,0.4472012481,0.6547297603
FF5,VCB.HM,MKT_RF,0.9013096294,0.121541408,7.415658944,8.708407997e-10,60,0.6418798701,0.1100715962,8.188394288,2.647343134e-16,0.1123395971,8.023080488,1.031257291e-15
FF5,VCB.HM,SMB_FF5,-0.4641303908,0.121824851,-3.809817019,0.0003580404562,60,0.6418798701,0.08060753792,-5.757903079,8.516522683e-09,0.09896410424,-4.689886241,2.73356981e-06
FF5,VCB.HM,HML,0.03019615604,0.09592662716,0.3147838815,0.7541388774,60,0.6418798701,0.06830710853,0.4420646209,0.6584424449,0.1035836971,0.2915145616,0.7706578087
FF5,VCB.HM,RMW,0.6406883963,0.1188883765,5.388991046,1.592777328e-06,60,0.6418798701,0.08659018343,7.399088106,1.371228537e-13,0.1048504083,6.110499774,9.931961867e-10
FF5,VCB.HM,CMA,0.3923173558,0.1522647441,2.576547566,0.01274601045,60,0.6418798701,0.1807521238,2.170471624,0.02997113598,0.1973295774,1.988132549,0.04679703237
FF5,VIC.HM,const,0.02837619318,0.01152740869,2.461628101,0.01705567592,60,0.7389525525,0.009640123502,2.943550793,0.003244705751,0.01016092032,2.792679431,0.005227346726
FF5,VIC.HM,MKT_RF,0.6576823331,0.2496934621,2.633958966,0.01098734487,60,0.7389525525,0.3339724481,1.969271228,0.04892195332,0.3145074562,2.09115021,0.03651460095
FF5,VIC.HM,SMB_FF5,-1.252274258,0.2502757646,-5.003577794,6.329208784e-06,60,0.7389525525,0.3961909992,-3.160784219,0.001573450139,0.3920333808,-3.194305177,0.001401678575
FF5,VIC.HM,HML,0.1252993311,0.1970707106,0.6358089985,0.5275864737,60,0.7389525525,0.3288117497,0.3810670733,0.7031534791,0.3712306303,0.3375242259,0.7357217529
FF5,VIC.HM,RMW,-1.534632891,0.2442431004,-6.283219006,5.973542719e-08,60,0.7389525525,0.121079945,-12.67454235,8.183491191e-37,0.1647275636,-9.316187633,1.205957129e-20
FF5,VIC.HM,CMA,-0.8739767619,0.3128111787,-2.793943508,0.007191294783,60,0.7389525525,0.3312133344,-2.638712489,0.008322152748,0.3371408253,-2.592319578,0.00953311701
FF5,HPG.HM,const,-0.005926039319,0.008848808958,-0.6696990913,0.5059032763,60,0.5055626939,0.005976286051,-0.9915923148,0.3213964397,0.00562989424,-1.052602246,0.2925233276
FF5,HPG.HM,MKT_RF,1.13952654,0.191672717,5.945168191,2.087751137e-07,60,0.5055626939,0.1151907676,9.892516251,4.486077166e-23,0.1179315333,9.662611079,4.346419999e-22
FF5,HPG.HM,SMB_FF5,0.1635833403,0.1921197111,0.8514656794,0.3982709723,60,0.5055626939,0.2077915655,0.7872472587,0.4311371373,0.2303093823,0.7102764928,0.4775326942
FF5,HPG.HM,HML,0.05763640636,0.1512778037,0.3809971124,0.7047002496,60,0.5055626939,0.159184847,0.3620721912,0.717298084,0.1953875843,0.294984999,0.7680053392
FF5,HPG.HM,RMW,0.1253056981,0.1874888444,0.66833682,0.5067654791,60,0.5055626939,0.1014412714,1.235253624,0.2167361277,0.1153670198,1.086148349,0.2774133645
FF5,HPG.HM,CMA,-0.09911525654,0.2401239024,-0.4127671405,0.6814115658,60,0.5055626939,0.3245012859,-0.3054387174,0.7600320375,0.3222613185,-0.3075617545,0.7584158258
FF5,CTG.HM,const,0.003257872894,0.006864566768,0.4745926442,0.6369910807,60,0.5456452029,0.005875895893,0.5544470074,0.5792729629,0.006338365254,0.5139926091,0.6072571581
FF5,CTG.HM,MKT_RF,1.008950683,0.148692346,6.785491724,9.186905184e-09,60,0.5456452029,0.1344556443,7.503966741,6.191502e-14,0.1374008198,7.343119822,2.086715531e-13
FF5,CTG.HM,SMB_FF5,-0.2897530841,0.1490391069,-1.944141307,0.05709590444,60,0.5456452029,0.1904131285,-1.521707492,0.1280823896,0.168145563,-1.723227654,0.08484736466
FF5,CTG.HM,HML,0.009217069308,0.1173555208,0.07853971628,0.9376890562,60,0.5456452029,0.1163964422,0.0791868646,0.9368839923,0.1165931267,0.07905328188,0.9369902428
FF5,CTG.HM,RMW,0.3329023939,0.1454466581,2.288828072,0.02602702687,60,0.5456452029,0.1443518603,2.306187072,0.02110018167,0.1519150742,2.191371696,0.02842490557
FF5,CTG.HM,CMA,0.1083927071,0.1862789182,0.5818839194,0.5630663496,60,0.5456452029,0.284024701,0.381631269,0.7027348873,0.272493289,0.3977811984,0.6907914776
FF5,TCB.HM,const,0.0007642140147,0.006244661365,0.122378776,0.9030533608,60,0.7125726063,0.005744869929,0.1330254687,0.8941732384,0.006801162096,0.1123652111,0.9105338381
FF5,TCB.HM,MKT_RF,1.205154144,0.1352646685,8.909600396,3.454519255e-12,60,0.7125726063,0.1169654638,10.30350417,6.794038015e-25,0.1343377337,8.971076935,2.936292696e-19
FF5,TCB.HM,SMB_FF5,-0.1356717303,0.1355801151,-1.000675727,0.3214467402,60,0.7125726063,0.06699486889,-2.025106289,0.0428564513,0.07997464873,-1.696434213,0.08980367902
FF5,TCB.HM,HML,-0.01891431597,0.1067577185,-0.1771704775,0.8600373606,60,0.7125726063,0.1170011017,-0.161659298,0.8715741584,0.1253023211,-0.1509494461,0.880015595
FF5,TCB.HM,RMW,0.3786389473,0.1323120827,2.861711035,0.005983119792,60,0.7125726063,0.1039061198,3.644048571,0.0002683827382,0.1227863698,3.083721328,0.00204428986
FF5,TCB.HM,CMA,-0.4013430834,0.1694569815,-2.368406895,0.0214733863,60,0.7125726063,0.1534010406,-2.616299615,0.008888852156,0.1482896091,-2.706481498,0.006800037154
FF5,VHM.HM,const,0.004058961402,0.008715642737,0.4657099338,0.6432960962,60,0.724774304,0.00432013354,0.9395453552,0.3474508172,0.005619192159,0.7223389567,0.4700861072
FF5,VHM.HM,MKT_RF,0.7341938881,0.1887882235,3.888981391,0.0002779604039,60,0.724774304,0.2467085532,2.97595636,0.002920764213,0.2182961514,3.363292863,0.0007701861038
FF5,VHM.HM,SMB_FF5,-0.9901805945,0.1892284908,-5.232724683,2.796044692e-06,60,0.724774304,0.1777338813,-5.571141458,2.530757363e-08,0.2003007911,-4.943468215,7.674486748e-07
FF5,VHM.HM,HML,0.6464353833,0.1490012155,4.338457113,6.324564575e-05,60,0.724774304,0.1486065555,4.349978917,1.361506216e-05,0.170310298,3.795632977,0.0001472672326
FF5,VHM.HM,RMW,-0.6454929539,0.1846673143,-3.49543695,0.0009541054904,60,0.724774304,0.1108282242,-5.824265061,5.736447176e-09,0.1360836434,-4.743354439,2.102080043e-06
FF5,VHM.HM,CMA,-0.5917533909,0.2365102643,-2.502019913,0.01541007077,60,0.724774304,0.3163801936,-1.870386968,0.06143010039,0.2886268272,-2.050236967,0.04034131219
FF5,NVL.HM,const,-0.02236070523,0.01961968781,-1.139707495,0.2594384381,60,0.2869052087,0.01004873584,-2.225225698,0.02606609051,0.01551976354,-1.440789042,0.1496442902
FF5,NVL.HM,MKT_RF,1.117958897,0.4249791001,2.630620887,0.01108319748,60,0.2869052087,0.3851310699,2.90280111,0.003698414327,0.4299678241,2.600098972,0.009319687738
FF5,NVL.HM,SMB_FF5,0.9751823854,0.4259701809,2.289320777,0.02599637489,60,0.2869052087,0.5645606426,1.727329735,0.08410846181,0.6589308821,1.479946398,0.138887552
FF5,NVL.HM,HML,-0.3244087607,0.3354150026,-0.9671861965,0.3377628928,60,0.2869052087,0.5116624122,-0.6340289084,0.5260619563,0.5408752903,-0.5997847683,0.5486496857
FF5,NVL.HM,RMW,-0.6089022316,0.4157025665,-1.464754564,0.1487860216,60,0.2869052087,0.2054030912,-2.964425843,0.003032483224,0.2655939851,-2.292605502,0.02187072734
FF5,NVL.HM,CMA,-0.5719338191,0.532405663,-1.074244432,0.2874899765,60,0.2869052087,0.3026571071,-1.889708867,0.0587969075,0.3580261862,-1.597463652,0.1101623936
FF5,BID.HM,const,0.008232542507,0.008985968827,0.9161552489,0.3636588829,60,0.5720008777,0.007260563879,1.133870956,0.2568486817,0.007532693208,1.092908244,0.2744340883
FF5,BID.HM,MKT_RF,1.324689755,0.1946437162,6.805715495,8.518226778e-09,60,0.5720008777,0.2185876201,6.060223147,1.359328321e-09,0.2144624535,6.176791011,6.54175737e-10
FF5,BID.HM,SMB_FF5,-0.5574525058,0.1950976389,-2.857300114,0.006055649265,60,0.5720008777,0.2206968986,-2.525873763,0.01154109433,0.2380962277,-2.341290793,0.01921719274
FF5,BID.HM,HML,-0.007246900987,0.1536226665,-0.04717338366,0.9625490748,60,0.5720008777,0.1323979028,-0.05473576871,0.9563489728,0.1413530472,-0.05126809172,0.9591118938
FF5,BID.HM,RMW,0.8369081052,0.190394992,4.395641378,5.213743873e-05,60,0.5720008777,0.2287247726,3.659018197,0.0002531833637,0.2224979293,3.761419747,0.0001689516306
FF5,BID.HM,CMA,0.4467795768,0.2438459132,1.832220893,0.0724353066,60,0.5720008777,0.40027664,1.116176994,0.2643463802,0.3803379807,1.174690931,0.2401183889
FF5,GAS.HM,const,0.01092600378,0.0108878477,1.003504465,0.3200932099,60,0.5524673008,0.009834529731,1.110983858,0.2665752976,0.01025335222,1.065603087,0.2866031033
FF5,GAS.HM,MKT_RF,1.466779484,0.2358400278,6.219383101,7.571002169e-08,60,0.5524673008,0.3836689476,3.823034136,0.0001318195218,0.3946176288,3.716963908,0.0002016312342
FF5,GAS.HM,SMB_FF5,-0.4323884058,0.2363900232,-1.829131365,0.07290379076,60,0.5524673008,0.2477893865,-1.74498356,0.08098773064,0.2308164027,-1.873300168,0.06102694677
FF5,GAS.HM,HML,-0.1849252163,0.1861368795,-0.9934904719,0.3249020837,60,0.5524673008,0.1467523363,-1.260117699,0.2076269064,0.1717636631,-1.076625946,0.281647408
FF5,GAS.HM,RMW,0.7173891373,0.2306920619,3.109726149,0.002987848869,60,0.5524673008,0.2672469804,2.684367607,0.007266715743,0.297911274,2.408063071,0.01603741014
FF5,GAS.HM,CMA,1.575134311,0.295455862,5.331200066,1.962222123e-06,60,0.5524673008,0.6465718761,2.436131804,0.01484527414,0.6120116688,2.573699803,0.01006175324
FF5,VPB.HM,const,-0.002767361557,0.009047256678,-0.3058785282,0.7608732732,60,0.5396392956,0.004074118371,-0.6792540875,0.4969768819,0.005092886501,-0.5433778184,0.5868696949
FF5,VPB.HM,MKT_RF,0.9918771208,0.1959712631,5.061339632,5.156352198e-06,60,0.5396392956,0.2244430254,4.41928244,9.902915671e-06,0.2445826969,4.055385493,5.005168774e-05
FF5,VPB.HM,SMB_FF5,-0.282502028,0.1964282817,-1.438194264,0.1561495106,60,0.5396392956,0.1528049978,-1.848774792,0.06449033881,0.1869294659,-1.511276066,0.1307181291
FF5,VPB.HM,HML,0.4939755281,0.1546704337,3.193729508,0.002344561981,60,0.5396392956,0.2985907883,1.654356221,0.09805515612,0.2881870454,1.714079574,0.08651411255
FF5,VPB.HM,RMW,0.04866543414,0.191693561,0.2538709902,0.8005593925,60,0.5396392956,0.1424542219,0.3416215645,0.7326357064,0.1672695439,0.2909401976,0.7710970572
FF5,VPB.HM,CMA,0.08824032291,0.2455090385,0.359417818,0.7206842668,60,0.5396392956,0.2054190265,0.4295625601,0.6675138768,0.2246930365,0.392714987,0.6945300002
FF5,VNM.HM,const,-0.003616246172,0.005816691675,-0.62170154,0.5367541541,60,0.3305247984,0.003787641358,-0.9547488346,0.3397047275,0.005200949023,-0.69530506,0.4868641439
FF5,VNM.HM,MKT_RF,0.6004384177,0.1259944816,4.765592987,1.461118652e-05,60,0.3305247984,0.1085597158,5.530950531,3.185001449e-08,0.1175257649,5.108993913,3.238787861e-07
FF5,VNM.HM,SMB_FF5,-0.09524915901,0.1262883095,-0.7542199229,0.4539936835,60,0.3305247984,0.09361713076,-1.017433009,0.3089474859,0.109730817,-0.8680256071,0.3853803145
FF5,VNM.HM,HML,-0.1174603241,0.09944121806,-1.181203593,0.2426981148,60,0.3305247984,0.04196268088,-2.799161579,0.005123549209,0.05168542645,-2.272600463,0.02305026772
FF5,VNM.HM,RMW,0.112963853,0.1232442474,0.9165851987,0.363435498,60,0.3305247984,0.1058421411,1.067286166,0.2858426332,0.1245997599,0.9066137291,0.364611099
FF5,VNM.HM,CMA,0.3868050094,0.1578434692,2.450560745,0.01753343016,60,0.3305247984,0.1915038627,2.019828759,0.04340115292,0.1973536562,1.959958669,0.05000062128
FF5,GVR.HM,const,0.002038968402,0.01119952878,0.1820584101,0.8562186102,60,0.6497770931,0.01295690588,0.1573653788,0.8749568972,0.01280741095,0.1592022314,0.8735095459
FF5,GVR.HM,MKT_RF,2.278629078,0.2425913046,9.392872025,5.98398596e-13,60,0.6497770931,0.3310811196,6.882389068,5.885699603e-12,0.3156774903,7.218218429,5.26730637e-13
FF5,GVR.HM,SMB_FF5,0.6905921409,0.2431570444,2.840107481,0.006346189047,60,0.6497770931,0.2160034972,3.197134073,0.001388003956,0.2190526564,3.152630752,0.001618063392
FF5,GVR.HM,HML,-0.2263151787,0.1914653286,-1.182016506,0.2423781503,60,0.6497770931,0.2508536688,-0.9021800627,0.3669612239,0.2437751542,-0.9283767227,0.3532121887
FF5,GVR.HM,RMW,0.5300514198,0.2372959703,2.233714374,0.02966505235,60,0.6497770931,0.1987829972,2.666482683,0.007664955504,0.2248115162,2.357759196,0.01838561504
FF5,GVR.HM,CMA,0.897668185,0.303913732,2.95369406,0.004642446298,60,0.6497770931,0.6124154909,1.46578295,0.1427074274,0.5521665985,1.625719823,0.1040092711
FF5,MSN.HM,const,-0.006311022846,0.01053816822,-0.598872851,0.5517618211,60,0.3259999727,0.009322638065,-0.6769567587,0.4984333904,0.009375716454,-0.6731243289,0.5008681972
FF5,MSN.HM,MKT_RF,0.9698577854,0.2282656733,4.248811358,8.543508918e-05,60,0.3259999727,0.2259969593,4.291463869,1.774990874e-05,0.2030840221,4.775647909,1.791295717e-06
FF5,MSN.HM,SMB_FF5,0.1122097377,0.2287980047,0.4904314522,0.6258155726,60,0.3259999727,0.262369097,0.4276789417,0.6688848835,0.2561544001,0.4380550858,0.6613463519
FF5,MSN.HM,HML,0.04932035169,0.1801588158,0.2737604123,0.7853131846,60,0.3259999727,0.2490102715,0.1980655311,0.8429937927,0.240595614,0.2049927298,0.8375778052
FF5,MSN.HM,RMW,0.3328747114,0.2232830419,1.490819493,0.1418275793,60,0.3259999727,0.1697878106,1.960533622,0.04993345213,0.1541484027,2.159443144,0.03081580382
FF5,MSN.HM,CMA,-0.008106092421,0.285966856,-0.02834626549,0.9774904833,60,0.3259999727,0.1211709916,-0.06689796226,0.9466629353,0.1397902668,-0.05798753095,0.9537585607
FF5,MBB.HM,const,0.00513368851,0.006460701268,0.7946023654,0.4303233376,60,0.6917121611,0.003427868755,1.49763275,0.1342286931,0.004442069188,1.155697557,0.2478048877
FF5,MBB.HM,MKT_RF,1.188107924,0.1399442763,8.489864363,1.610296509e-11,60,0.6917121611,0.09908732273,11.99051394,3.984254456e-33,0.1263016301,9.40690887,5.109420533e-21
FF5,MBB.HM,SMB_FF5,-0.3366423499,0.1402706361,-2.399948837,0.0198754254,60,0.6917121611,0.1343896762,-2.504971806,0.01224611547,0.1562970827,-2.153862018,0.03125099437
FF5,MBB.HM,HML,0.1325428606,0.1104511017,1.20001393,0.2353722947,60,0.6917121611,0.1241167502,1.067888583,0.285570773,0.1157955665,1.144628111,0.2523632422
FF5,MBB.HM,RMW,0.6515720864,0.1368895431,4.759838274,1.49073228e-05,60,0.6917121611,0.0835864383,7.795189024,6.431213357e-15,0.09829333638,6.628853088,3.3830507e-11
FF5,MBB.HM,CMA,-0.08992680385,0.1753195043,-0.5129309724,0.6100916564,60,0.6917121611,0.1258068114,-0.7148007558,0.4747321681,0.1263957349,-0.7114702403,0.4767928859
FF5,SAB.HM,const,-0.005820940114,0.007442143719,-0.7821590571,0.4375374607,60,0.2444501119,0.01058728466,-0.5498048178,0.5824532538,0.009787083559,-0.5947573737,0.5520056646
FF5,SAB.HM,MKT_RF,0.627954028,0.1612031533,3.895420253,0.0002722663405,60,0.2444501119,0.1237623798,5.073868399,3.898086947e-07,0.1496773285,4.195385061,2.724084009e-05
FF5,SAB.HM,SMB_FF5,0.08374058685,0.1615790902,0.5182637601,0.6063913972,60,0.2444501119,0.1023063419,0.8185278187,0.413055864,0.1248129981,0.6709284139,0.5022661344
FF5,SAB.HM,HML,-0.1861447379,0.1272296827,-1.463060615,0.1492473641,60,0.2444501119,0.06785894195,-2.743112883,0.006085976011,0.07633732717,-2.43844977,0.0147504085
FF5,SAB.HM,RMW,0.13834815,0.1576843768,0.8773738578,0.3841704621,60,0.2444501119,0.1156888472,1.195864193,0.2317495603,0.1148741103,1.20434578,0.2284559592
FF5,SAB.HM,CMA,0.001593600428,0.2019522175,0.007890977616,0.9937330566,60,0.2444501119,0.1828324637,0.008716178713,0.9930455836,0.2346365404,0.006791782837,0.994580983
FF5,ACB.HM,const,0.003276383322,0.005040239692,0.650045141,0.5184190616,60,0.5738409101,0.002866721205,1.142902671,0.2530790035,0.00386366978,0.8479977607,0.3964392179
FF5,ACB.HM,MKT_RF,0.7111823452,0.1091758722,6.514098132,2.529834984e-08,60,0.5738409101,0.1257509791,5.655481573,1.554099032e-08,0.14491743,4.907500398,9.224446828e-07
FF5,ACB.HM,SMB_FF5,-0.1592443333,0.1094304779,-1.455210069,0.1514001065,60,0.5738409101,0.06397738033,-2.489072427,0.01280768715,0.08624130037,-1.846497358,0.06482002259
FF5,ACB.HM,HML,0.02623432072,0.08616712081,0.3044585972,0.7619487909,60,0.5738409101,0.1347876322,0.1946344802,0.845679108,0.1357495501,0.1932553051,0.8467590278
FF5,ACB.HM,RMW,0.4621650858,0.1067927582,4.327681892,6.558240715e-05,60,0.5738409101,0.08895764114,5.195338814,2.043473247e-07,0.1157848216,3.991586111,6.563284777e-05
FF5,ACB.HM,CMA,-0.1483073673,0.136773438,-1.084328722,0.283036651,60,0.5738409101,0.2108541529,-0.7033646966,0.4818285015,0.2064246421,-0.7184576695,0.4724751394
FF5,VRE.HM,const,-0.005690977822,0.009178735654,-0.6200176186,0.5378539222,60,0.530864938,0.009036743565,-0.6297598002,0.5288517507,0.009024385802,-0.6306221772,0.5282875947
FF5,VRE.HM,MKT_RF,0.5291229418,0.1988192094,2.661327059,0.0102295713,60,0.530864938,0.3615745232,1.463385576,0.1433619034,0.3332469405,1.587780344,0.1123360177
FF5,VRE.HM,SMB_FF5,-0.8306824077,0.1992828696,-4.168358321,0.000111657218,60,0.530864938,0.1625813341,-5.109334427,3.232956643e-07,0.2264786909,-3.667817066,0.000244630101
FF5,VRE.HM,HML,0.4543055071,0.156918177,2.895174516,0.005458531668,60,0.530864938,0.1671102172,2.718598029,0.006555922605,0.1831332999,2.48073675,0.01311111632
FF5,VRE.HM,RMW,-0.2759859366,0.1944793417,-1.419101557,0.1616160614,60,0.530864938,0.08368054359,-3.298089672,0.0009734504118,0.1223403159,-2.255887069,0.02407770459
FF5,VRE.HM,CMA,-0.4071090743,0.249076891,-1.634471479,0.1079770268,60,0.530864938,0.3138259454,-1.297244795,0.1945469723,0.3027548838,-1.344682104,0.1787279161
FF5,MWG.HM,const,0.007254730025,0.009847138041,0.7367348762,0.4644724644,60,0.4238733202,0.009732589335,0.7454059527,0.4560263464,0.01083633756,0.6694817306,0.503188231
FF5,MWG.HM,MKT_RF,1.142473393,0.2132973727,5.356246909,1.792728093e-06,60,0.4238733202,0.1993164116,5.731958468,9.927758496e-09,0.2273987423,5.024097239,5.05806067e-07
FF5,MWG.HM,SMB_FF5,0.3365750756,0.213794797,1.574290302,0.1212616035,60,0.4238733202,0.2276463531,1.478499748,0.1392740645,0.2186024222,1.539667641,0.1236413884
FF5,MWG.HM,HML,-0.2837887269,0.1683450758,-1.685756031,0.09761351898,60,0.4238733202,0.1391869677,-2.038903006,0.04145970888,0.1330498865,-2.132949786,0.03292884564
FF5,MWG.HM,RMW,0.32441991,0.2086414726,1.554915741,0.1258080058,60,0.4238733202,0.2130971108,1.522404075,0.1279078643,0.1860793247,1.743449524,0.08125512397
FF5,MWG.HM,CMA,-0.2726428425,0.2672148562,-1.02031319,0.3121294622,60,0.4238733202,0.2688932946,-1.013944371,0.3106092974,0.248341846,-1.097853007,0.2722686807
FF5,FPT.HM,const,0.008910169259,0.007859052596,1.133745976,0.2619094219,60,0.4017680161,0.008003348016,1.113305237,0.265577358,0.007764549128,1.147544965,0.2511564604
FF5,FPT.HM,MKT_RF,0.9083703158,0.1702337536,5.336017661,1.9284367e-06,60,0.4017680161,0.192890197,4.709261175,2.486163329e-06,0.1857747992,4.889631532,1.010249006e-06
FF5,FPT.HM,SMB_FF5,0.4663278537,0.1706307506,2.732964909,0.008466912033,60,0.4017680161,0.09391075862,4.965648883,6.847173946e-07,0.1194470487,3.90405505,9.459424922e-05
FF5,FPT.HM,HML,-0.428500186,0.1343570893,-3.189263686,0.002375189954,60,0.4017680161,0.1141498823,-3.753838177,0.000174147313,0.1192610097,-3.592961247,0.0003269412266
FF5,FPT.HM,RMW,0.4061899544,0.1665178553,2.439317716,0.01803108227,60,0.4017680161,0.2228667539,1.822568631,0.06836875033,0.1940615266,2.09309883,0.03634033311
FF5,FPT.HM,CMA,0.06223646988,0.2132655804,0.2918261342,0.7715377546,60,0.4017680161,0.1959569892,0.3176027052,0.7507863218,0.1902478909,0.3271335603,0.7435668696
FF5,MCH.HM,const,0.0209405424,0.01438599851,1.45561967,0.1512871894,60,0.1876356135,0.01527728602,1.370697804,0.1704691797,0.01569789353,1.333971488,0.1822132008
FF5,MCH.HM,MKT_RF,0.8636687644,0.3116129452,2.771607463,0.007636426775,60,0.1876356135,0.2940003508,2.937645353,0.003307151014,0.2963105824,2.914741544,0.003559832162
FF5,MCH.HM,SMB_FF5,0.3094254585,0.3123396482,0.9906698054,0.3262652918,60,0.1876356135,0.2156384457,1.434927142,0.1513078604,0.2538218974,1.219065265,0.2228194223
FF5,MCH.HM,HML,-0.5516300988,0.2459406987,-2.242939463,0.02902640971,60,0.1876356135,0.2209736397,-2.496361555,0.01254746375,0.2030423723,-2.716822565,0.00659119328
FF5,MCH.HM,RMW,0.3488274054,0.304810992,1.144405597,0.2575028526,60,0.1876356135,0.287215665,1.214513858,0.2245515612,0.2861509757,1.219032731,0.2228317698
FF5,MCH.HM,CMA,-0.322872066,0.3903827191,-0.8270654673,0.4118398465,60,0.1876356135,0.3461881875,-0.9326489974,0.3510012263,0.3750137415,-0.860960627,0.3892597286
FF5,BSR.HM,const,0.01431867222,0.01499763511,0.9547286696,0.3439694713,60,0.4180233019,0.01304700035,1.097468524,0.272436633,0.01443894154,0.9916704888,0.3213582915
FF5,BSR.HM,MKT_RF,1.686412977,0.3248615134,5.19117503,3.244946435e-06,60,0.4180233019,0.2462649545,6.847961702,7.490961185e-12,0.3050461756,5.528385902,3.231905126e-08
FF5,BSR.HM,SMB_FF5,-0.09202749069,0.325619113,-0.2826231232,0.7785462701,60,0.4180233019,0.341485873,-0.2694913551,0.7875515938,0.3201734746,-0.2874300902,0.7737830241
FF5,BSR.HM,HML,0.2419340313,0.2563971389,0.9435909943,0.3495814517,60,0.4180233019,0.240305857,1.006775425,0.3140427068,0.2989733797,0.8092159627,0.4183909347
FF5,BSR.HM,RMW,0.6098574987,0.3177703676,1.919176742,0.06025307225,60,0.4180233019,0.2519802245,2.420259367,0.01550944042,0.3094948517,1.970493194,0.04878187427
FF5,BSR.HM,CMA,1.159810339,0.4069802711,2.849794993,0.006180930701,60,0.4180233019,0.5827354655,1.990286172,0.04655942035,0.5354232372,2.166156152,0.03029925652
FF5,PLX.HM,const,-0.0001728929927,0.0124287976,-0.0139106773,0.9889525113,60,0.4766865489,0.01229051652,-0.01406718687,0.9887763789,0.0119708526,-0.01444283031,0.9884766893
FF5,PLX.HM,MKT_RF,1.689989623,0.2692183114,6.277394781,6.104178901e-08,60,0.4766865489,0.4830625923,3.498489947,0.0004679007285,0.4683529163,3.608367886,0.000308129355
FF5,PLX.HM,SMB_FF5,0.06990337705,0.2698461472,0.2590490091,0.7965823984,60,0.4766865489,0.250679935,0.2788550948,0.7803560312,0.2599986873,0.2688604999,0.7880370345
FF5,PLX.HM,HML,-0.2050396637,0.2124807093,-0.9649801358,0.338856573,60,0.4766865489,0.2771432668,-0.7398327445,0.4594014877,0.2564462879,-0.7995423344,0.4239760094
FF5,PLX.HM,RMW,0.9285174123,0.2633417572,3.525902698,0.0008692628245,60,0.4766865489,0.2583984862,3.59335469,0.0003264477344,0.273599185,3.393714101,0.0006895163626
FF5,PLX.HM,CMA,0.9887809607,0.3372715353,2.931705932,0.004934768473,60,0.4766865489,0.8069644773,1.225309154,0.2204587608,0.7531436035,1.31287175,0.1892261676
FF5,VIB.HM,const,-0.007244554912,0.007835289871,-0.9246058578,0.3592844696,60,0.6081217843,0.003888421983,-1.863109237,0.06244689897,0.005181590151,-1.398133527,0.1620729736
FF5,VIB.HM,MKT_RF,1.04918195,0.1697190328,6.181875612,8.700962563e-08,60,0.6081217843,0.1462503532,7.173876346,7.290346382e-13,0.1643711696,6.383004709,1.736465643e-10
FF5,VIB.HM,SMB_FF5,0.08141669556,0.1701148294,0.4785984611,0.6341564999,60,0.6081217843,0.1515569798,0.5372018873,0.5911281678,0.1604111475,0.5075501098,0.611768886
FF5,VIB.HM,HML,0.1102574068,0.1339508456,0.8231184083,0.4140609967,60,0.6081217843,0.1162124745,0.9487570706,0.3427441804,0.1381130613,0.7983126711,0.4246890667
FF5,VIB.HM,RMW,0.5753254569,0.1660143699,3.465516011,0.001045063768,60,0.6081217843,0.1873578713,3.07073011,0.00213536073,0.1656921503,3.47225536,0.0005161051609
FF5,VIB.HM,CMA,-0.5736863724,0.212620748,-2.698167407,0.009284982586,60,0.6081217843,0.3312812685,-1.731719922,0.08332344181,0.3052310403,-1.879515176,0.06017418329
FF5,STB.HM,const,0.01065830797,0.009691505014,1.099757773,0.2763164279,60,0.4590416135,0.006465382444,1.648519336,0.09924614621,0.007282800123,1.463490387,0.143333242
FF5,STB.HM,MKT_RF,0.7999909666,0.2099262292,3.810819494,0.0003568999138,60,0.4590416135,0.16745574,4.777327826,1.776400378e-06,0.1715620603,4.662982975,3.116585448e-06
FF5,STB.HM,SMB_FF5,-0.4350824826,0.2104157918,-2.067727327,0.0434709197,60,0.4590416135,0.2296812215,-1.894288439,0.05818673467,0.2385528747,-1.823840871,0.068176133
FF5,STB.HM,HML,0.211072541,0.1656843988,1.273943367,0.2081393122,60,0.4590416135,0.2744602555,0.7690459247,0.441866048,0.2627786802,0.8032331269,0.4218400018
FF5,STB.HM,RMW,0.4185915064,0.2053439151,2.038489946,0.04641012544,60,0.4590416135,0.1765028641,2.371584782,0.01771198263,0.1627982694,2.571228231,0.01013385178
FF5,STB.HM,CMA,-0.6535333451,0.2629915523,-2.484997482,0.01608523761,60,0.4590416135,0.3085447883,-2.118115003,0.03416532926,0.2712025433,-2.409761122,0.01596296839
FF5,BCM.HM,const,0.003139846419,0.01199142737,0.2618409237,0.7944403033,60,0.3219639704,0.01317388933,0.238338606,0.8116184806,0.01232679304,0.2547172171,0.7989415174
FF5,BCM.HM,MKT_RF,1.255703959,0.2597445006,4.83438131,1.148816729e-05,60,0.3219639704,0.1814221317,6.921448599,4.470483483e-12,0.2189795887,5.734342487,9.789134828e-09
FF5,BCM.HM,SMB_FF5,0.100539176,0.2603502429,0.3861689349,0.7008889317,60,0.3219639704,0.3827799948,0.262655252,0.7928163098,0.3772231696,0.2665243922,0.7898353763
FF5,BCM.HM,HML,-0.1210217217,0.2050034986,-0.590339787,0.5574254266,60,0.3219639704,0.1613385738,-0.7501102736,0.4531882925,0.177974553,-0.6799945256,0.4965079272
FF5,BCM.HM,RMW,0.2216036942,0.2540747428,0.8721988333,0.3869615947,60,0.3219639704,0.2876022181,0.7705215061,0.4409906028,0.3015387459,0.7349095175,0.4623946016
FF5,BCM.HM,CMA,0.8059455697,0.3254029269,2.476761894,0.0164213869,60,0.3219639704,0.2508728461,3.212565976,0.001315549289,0.2765549361,2.914233176,0.003565634709
FF5,HDB.HM,const,0.009524385277,0.009125163322,1.043749568,0.3012514384,60,0.4470520795,0.00426517967,2.233056052,0.02554524823,0.005504355385,1.730336181,0.08357022877
FF5,HDB.HM,MKT_RF,0.8988759041,0.1976587872,4.547614183,3.105853599e-05,60,0.4470520795,0.1809620341,4.96720712,6.792403114e-07,0.1708414472,5.261462712,1.429138746e-07
FF5,HDB.HM,SMB_FF5,-0.1698839985,0.1981197412,-0.8574814275,0.3949686435,60,0.4470520795,0.1719797857,-0.9878137587,0.323243868,0.2084009902,-0.8151784613,0.4149701649
FF5,HDB.HM,HML,0.07714123523,0.1560023131,0.4944877657,0.6229675468,60,0.4470520795,0.08363753624,0.9223279247,0.3563575524,0.1327090839,0.5812807457,0.5610512552
FF5,HDB.HM,RMW,0.3175194914,0.1933442494,1.642249471,0.1063499188,60,0.4470520795,0.09126511904,3.479089215,0.0005031210613,0.1053181726,3.014859482,0.00257098338
FF5,HDB.HM,CMA,-0.4700346053,0.2476231363,-1.898185333,0.06302176905,60,0.4470520795,0.3311824316,-1.419261894,0.1558226771,0.3390850014,-1.386185185,0.1656903642
FF5,SHB.HM,const,-0.006994512337,0.008012738039,-0.8729241244,0.3865696468,60,0.6085003818,0.00654744467,-1.068281244,0.2853936664,0.006511922956,-1.074108583,0.2827740183
FF5,SHB.HM,MKT_RF,0.7931220503,0.1735627108,4.569656965,2.879475118e-05,60,0.6085003818,0.1757833322,4.511929774,6.424045959e-06,0.1778531817,4.459420083,8.218170839e-06
FF5,SHB.HM,SMB_FF5,-0.1576834279,0.1739674711,-0.9063960456,0.3687531078,60,0.6085003818,0.170655906,-0.9239845935,0.3554943373,0.1668024832,-0.9453302187,0.3444903154
FF5,SHB.HM,HML,0.5549796073,0.1369844707,4.051405274,0.000164126491,60,0.6085003818,0.2201914078,2.520441705,0.0117207651,0.1905479428,2.912545783,0.003584956436
FF5,SHB.HM,RMW,0.2151721736,0.1697741473,1.26740247,0.2104497868,60,0.6085003818,0.1513568487,1.421621655,0.1551361149,0.1659705708,1.296447753,0.1948212691
FF5,SHB.HM,CMA,-0.4513791171,0.2174360341,-2.075916804,0.04267717656,60,0.6085003818,0.1754942894,-2.572044472,0.01010999039,0.1847634029,-2.443011494,0.01456527338
FF5,VJC.HM,const,0.004751504976,0.01207938519,0.3933565244,0.6956049612,60,0.2393652888,0.006536666272,0.7269003461,0.4672870052,0.009557316841,0.4971588841,0.6190770132
FF5,VJC.HM,MKT_RF,0.566494222,0.2616497418,2.165086111,0.03481842852,60,0.2393652888,0.1332335265,4.251889423,2.119745233e-05,0.1592964044,3.5562273,0.0003762186088
FF5,VJC.HM,SMB_FF5,-0.02686741033,0.2622599272,-0.1024457324,0.9187823739,60,0.2393652888,0.1351498956,-0.1987971223,0.8424214471,0.1499008468,-0.1792345467,0.8577535385
FF5,VJC.HM,HML,0.1837383719,0.2065072113,0.8897431266,0.3775506084,60,0.2393652888,0.1267090871,1.450080464,0.1470360822,0.155238497,1.183587676,0.2365763212
FF5,VJC.HM,RMW,-0.5255879902,0.2559383959,-2.05357226,0.04487310642,60,0.2393652888,0.1137602697,-4.620136638,3.834874069e-06,0.1296515645,-4.053849966,5.038153556e-05
FF5,VJC.HM,CMA,0.09270399732,0.3277897765,0.2828154017,0.7783996494,60,0.2393652888,0.3792703109,0.2444272453,0.8068999429,0.357403881,0.2593816191,0.7953408104
FF5,SSB.HM,const,-0.003313931411,0.008373862101,-0.3957470723,0.6938508912,60,0.08766318257,0.004856533048,-0.6823656666,0.49500776,0.0056453585,-0.5870187714,0.5571910997
FF5,SSB.HM,MKT_RF,0.177636305,0.1813849647,0.9793331292,0.3317827166,60,0.08766318257,0.1084030245,1.638665581,0.1012829261,0.1240331542,1.432167925,0.1520957688
FF5,SSB.HM,SMB_FF5,0.03690942613,0.181807967,0.2030132493,0.8398877071,60,0.08766318257,0.1699428414,0.2171872956,0.828062385,0.173456489,0.2127878083,0.8314924735
FF5,SSB.HM,HML,0.1859612137,0.1431581892,1.298991101,0.1994663096,60,0.08766318257,0.1034442936,1.797694269,0.07222547008,0.1177244142,1.579631676,0.1141912408
FF5,SSB.HM,RMW,-0.08724993682,0.1774256554,-0.491754908,0.6248857118,60,0.08766318257,0.09393754588,-0.9288079223,0.3529886381,0.1148835156,-0.7594643702,0.44757482
FF5,SSB.HM,CMA,0.08345386429,0.2272356037,0.367256992,0.7148627365,60,0.08766318257,0.2299472255,0.3629261632,0.7166600419,0.2358827729,0.3537938073,0.7234934148
FF5,PDR.HM,const,-0.01632672937,0.01575070408,-1.036571399,0.3045552807,60,0.389527446,0.007507654777,-2.174677693,0.0296542777,0.01192018744,-1.369670523,0.1707897743
FF5,PDR.HM,MKT_RF,1.423659892,0.3411736268,4.172831017,0.0001100141436,60,0.389527446,0.2304163522,6.178640876,6.465578056e-10,0.3014973987,4.721964097,2.335779217e-06
FF5,PDR.HM,SMB_FF5,1.184804611,0.3419692675,3.464652305,0.001047808083,60,0.389527446,0.6188415814,1.914552361,0.05554961551,0.6953184292,1.703974123,0.08838592175
FF5,PDR.HM,HML,-0.3311163215,0.269271484,-1.229674664,0.2241497935,60,0.389527446,0.3619257677,-0.9148735763,0.3602580033,0.389238826,-0.8506764982,0.3949490818
FF5,PDR.HM,RMW,0.2255306126,0.3337264168,0.6757949063,0.5020548799,60,0.389527446,0.1837072452,1.227663135,0.2195734507,0.1774993027,1.270599992,0.2038709898
FF5,PDR.HM,CMA,-0.3533639366,0.4274157739,-0.8267451932,0.4120198048,60,0.389527446,0.2508130263,-1.40887394,0.1588724466,0.3236280944,-1.091882759,0.2748846369
