ticker,CAPM_alpha_pct_per_month,CAPM_alpha_t_ols,CAPM_alpha_z_hac12,CAPM_r_squared,CAPM_beta_MKT_RF,FF3_alpha_pct_per_month,FF3_alpha_t_ols,FF3_alpha_z_hac12,FF3_r_squared,FF3_beta_MKT_RF,FF3_beta_SMB,FF3_beta_HML,FF5_alpha_pct_per_month,FF5_alpha_t_ols,FF5_alpha_z_hac12,FF5_r_squared,FF5_beta_MKT_RF,FF5_beta_SMB_FF5,FF5_beta_HML,FF5_beta_RMW,FF5_beta_CMA
VCB.HM,0.09484718933,0.1255398347,0.1377807504,0.2845368443,0.6557433805,0.07069079014,0.09598252923,0.08257345329,0.3582785046,0.5988528589,-0.4011494117,0.04462780939,0.2596831207,0.4628016923,0.4350463988,0.6418798701,0.9013096294,-0.4641303908,0.03019615604,0.6406883963,0.3923173558
VIC.HM,2.766424688,1.489962361,1.013406216,0.2536999727,1.489918179,3.02724658,1.844019843,1.455810095,0.4493259503,1.434644106,-1.409223959,-0.2073361238,2.837619318,2.461628101,2.943550793,0.7389525525,0.6576823331,-1.252274258,0.1252993311,-1.534632891,-0.8739767619
HPG.HM,-0.4663965957,-0.5411276971,-0.6046694114,0.4830802916,1.146750945,-0.5512504678,-0.6353598727,-0.7924668055,0.5056049684,1.138920174,0.2371461361,0.07803706817,-0.5926039319,-0.6696990913,-0.9915923148,0.5055626939,1.13952654,0.1635833403,0.05763640636,0.1253056981,-0.09911525654
CTG.HM,0.2429300111,0.3429533938,0.3809528231,0.4668722838,0.9123151029,0.2471002282,0.3469603882,0.3567271516,0.4913377816,0.885476714,-0.2450644438,0.007326789666,0.3257872894,0.4745926442,0.5544470074,0.5456452029,1.008950683,-0.2897530841,0.009217069308,0.3329023939,0.1083927071
TCB.HM,0.1278777723,0.1949165134,0.1723989334,0.6503983221,1.231586057,0.1459992216,0.2162628761,0.1837648497,0.6506010211,1.239582184,0.003574470521,-0.01925850575,0.07642140147,0.122378776,0.1330254687,0.7125726063,1.205154144,-0.1356717303,-0.01891431597,0.3786389473,-0.4013430834
VHM.HM,0.866263938,0.7242175312,0.6381784701,0.4287544591,1.426229775,0.4949129134,0.4758135849,0.5660435102,0.5922930045,1.150906656,-1.028929595,0.4403539941,0.4058961402,0.4657099338,0.9395453552,0.724774304,0.7341938881,-0.9901805945,0.6464353833,-0.6454929539,-0.5917533909
NVL.HM,-2.169906777,-1.075772089,-1.632385622,0.1694324341,1.253854027,-1.936872322,-0.978661643,-1.575045397,0.2453005069,1.469852824,1.016292032,-0.2940589212,-2.236070523,-1.139707495,-2.225225698,0.2869052087,1.117958897,0.9751823854,-0.3244087607,-0.6089022316,-0.5719338191
BID.HM,0.591974607,0.5444865135,0.6931104314,0.3095770089,1.001977714,0.60112462,0.5558069428,0.6097719221,0.3551357712,0.9532648535,-0.4504718415,0.01190438165,0.8232542507,0.9161552489,1.133870956,0.5720008777,1.324689755,-0.5574525058,-0.007246900987,0.8369081052,0.4467795768
GAS.HM,0.4614485581,0.3175945414,0.5135258294,0.121763453,0.7445920112,0.6172626435,0.4220012557,0.6801855875,0.1599070738,0.7647516742,-0.3859030288,-0.1456666576,1.092600378,1.003504465,1.110983858,0.5524673008,1.466779484,-0.4323884058,-0.1849252163,0.7173891373,1.575134311
VPB.HM,0.0972574639,0.1030260751,0.1948891467,0.4476857183,1.169727371,-0.3108261789,-0.3450337572,-0.8125712974,0.5252657623,0.9806095986,-0.1580890372,0.4374001063,-0.2767361557,-0.3058785282,-0.6792540875,0.5396392956,0.9918771208,-0.282502028,0.4939755281,0.04866543414,0.08824032291
VNM.HM,-0.5842861237,-0.9610599952,-1.548589116,0.1940597745,0.4105885189,-0.4762898591,-0.7796317077,-1.138748196,0.2318956632,0.4425969955,-0.1128373393,-0.1083578918,-0.3616246172,-0.62170154,-0.9547488346,0.3305247984,0.6004384177,-0.09524915901,-0.1174603241,0.112963853,0.3868050094
GVR.HM,-0.01328004443,-0.0101814023,-0.01166473413,0.4765210915,1.712768958,0.02406212109,0.01909795654,0.02382929878,0.5389869804,1.815090992,0.7433910296,-0.07488304584,0.2038968402,0.1820584101,0.1573653788,0.6497770931,2.278629078,0.6905921409,-0.2263151787,0.5300514198,0.897668185
MSN.HM,-0.5404039593,-0.5215817096,-0.6297709629,0.2820531768,0.8937805739,-0.6487691036,-0.6131148166,-0.797712017,0.2931935836,0.860813246,0.1059390357,0.1090763247,-0.6311022846,-0.598872851,-0.6769567587,0.3259999727,0.9698577854,0.1122097377,0.04932035169,0.3328747114,-0.008106092421
MBB.HM,0.5919603519,0.7867877183,1.265757097,0.5392795941,1.12031126,0.4649938139,0.6113011925,0.7754938914,0.5555170931,1.045241384,-0.1883398571,0.1427422683,0.513368851,0.7946023654,1.49763275,0.6917121611,1.188107924,-0.3366423499,0.1325428606,0.6515720864,-0.08992680385
SAB.HM,-0.7317080217,-1.006978388,-0.8288721258,0.2062702595,0.5098178426,-0.5799904718,-0.7898512939,-0.6088281485,0.234945775,0.587475412,0.1217692384,-0.1656293431,-0.5820940114,-0.7821590571,-0.5498048178,0.2444501119,0.627954028,0.08374058685,-0.1861447379,0.13834815,0.001593600428
ACB.HM,0.3600496601,0.6429316021,0.8665576932,0.4202577917,0.656226014,0.3235854922,0.5625546287,0.637321908,0.4227124616,0.636048067,-0.04224324685,0.04042833791,0.3276383322,0.650045141,1.142902671,0.5738409101,0.7111823452,-0.1592443333,0.02623432072,0.4621650858,-0.1483073673
VRE.HM,-0.2777471828,-0.2616159996,-0.2848817206,0.3083710365,0.9756655038,-0.5306057261,-0.548656467,-0.7191751667,0.4583120751,0.7756058008,-0.8085423243,0.3050050114,-0.5690977822,-0.6200176186,-0.6297598002,0.530864938,0.5291229418,-0.8306824077,0.4543055071,-0.2759859366,-0.4071090743
MWG.HM,0.6213558079,0.6218925439,0.6957623577,0.3463906744,1.001069827,0.8083068099,0.8159307302,0.9681599163,0.3935179414,1.127422038,0.4129255112,-0.2166647323,0.7254730025,0.7367348762,0.7454059527,0.4238733202,1.142473393,0.3365750756,-0.2837887269,0.32441991,-0.2726428425
FPT.HM,0.6100378676,0.6981519004,0.4588305815,0.1850832249,0.5731247368,0.8977286636,1.096028484,0.7859233015,0.3241507016,0.7546639762,0.5248408101,-0.328127281,0.8910169259,1.133745976,1.113305237,0.4017680161,0.9083703158,0.4663278537,-0.428500186,0.4061899544,0.06223646988
MCH.HM,1.740785701,1.200051239,0.996309425,0.08980975529,0.6271285508,2.174587322,1.512616024,1.307738088,0.1561965606,0.8471425621,0.3307658846,-0.4727468603,2.09405424,1.45561967,1.370697804,0.1876356135,0.8636687644,0.3094254585,-0.5516300988,0.3488274054,-0.322872066
BSR.HM,1.390095749,0.8519381111,1.354687495,0.2408918619,1.265060491,1.102547279,0.6644960775,1.195795503,0.2591270179,1.141210256,-0.03073067289,0.3043483058,1.431867222,0.9547286696,1.097468524,0.4180233019,1.686412977,-0.09202749069,0.2419340313,0.6098574987,1.159810339
PLX.HM,-0.3889557271,-0.2683415051,-0.5442958343,0.215670437,1.046101246,-0.3100124367,-0.208459289,-0.4538348346,0.2207200137,1.100166999,0.1804639678,-0.09178209104,-0.01728929927,-0.0139106773,-0.01406718687,0.4766865489,1.689989623,0.06990337705,-0.2050396637,0.9285174123,0.9887809607
VIB.HM,-0.444995704,-0.5069850442,-0.6870730865,0.4580832102,1.110662062,-0.6079372669,-0.6963032286,-0.9686959897,0.4939005924,1.069221138,0.2289985107,0.1606775278,-0.7244554912,-0.9246058578,-1.863109237,0.6081217843,1.04918195,0.08141669556,0.1102574068,0.5753254569,-0.5736863724
STB.HM,1.314455152,1.290126826,2.022584574,0.3411623297,1.009067166,1.157514798,1.127660322,2.130707091,0.3688217272,0.907005469,-0.3122791114,0.1802410505,1.065830797,1.099757773,1.648519336,0.4590416135,0.7999909666,-0.4350824826,0.211072541,0.4185915064,-0.6535333451
BCM.HM,0.04777276755,0.03891721178,0.03126104393,0.2170055979,0.8894267918,0.1112093521,0.08814850026,0.07003516626,0.2193831843,0.9260174116,0.08624083573,-0.07094278011,0.3139846419,0.2618409237,0.238338606,0.3219639704,1.255703959,0.100539176,-0.1210217217,0.2216036942,0.8059455697
HDB.HM,1.099575904,1.203697649,1.99397323,0.3893549783,1.00392586,1.02705625,1.096681533,1.692094717,0.3942346009,0.9607533823,-0.1101011712,0.08165113626,0.9524385277,1.043749568,2.233056052,0.4470520795,0.8988759041,-0.1698839985,0.07714123523,0.3175194914,-0.4700346053
SHB.HM,-0.103273682,-0.1127235399,-0.1083790942,0.4359860845,1.108617757,-0.6039515081,-0.7330684123,-0.7362115567,0.5695143205,0.8981297499,-0.009272288092,0.5278141887,-0.6994512337,-0.8729241244,-1.068281244,0.6085003818,0.7931220503,-0.1576834279,0.5549796073,0.2151721736,-0.4513791171
VJC.HM,0.6024415136,0.5018943744,0.6881381474,0.1723210956,0.7538001635,0.4761884155,0.3877051189,0.5218151461,0.182071787,0.6824385602,-0.1591038461,0.140592684,0.4751504976,0.3933565244,0.7269003461,0.2393652888,0.566494222,-0.02686741033,0.1837383719,-0.5255879902,0.09270399732
SSB.HM,-0.1672280037,-0.204988346,-0.2791199454,0.0458129008,0.2460210929,-0.3479176228,-0.4224793756,-0.6331261385,0.08226023759,0.1687526905,-0.01453854242,0.1910180912,-0.3313931411,-0.3957470723,-0.6823656666,0.08766318257,0.177636305,0.03690942613,0.1859612137,-0.08724993682,0.08345386429
PDR.HM,-1.53745651,-0.9083202106,-1.084122256,0.2231016421,1.248384959,-1.414101578,-0.9304345537,-1.637473813,0.4088061888,1.460549486,1.37672875,-0.1957685903,-1.632672937,-1.036571399,-2.174677693,0.389527446,1.423659892,1.184804611,-0.3311163215,0.2255306126,-0.3533639366
