Ky,File,Thang_xep_hang,Thang_giu_dau,Thang_giu_cuoi,So_ma,So_dong,So_thang,complete,formation_date,holding_start,holding_end
1,Top100_Ky01_2018-02_den_2018-07.csv,2018-01,2018-02,2018-07,100,600,6,True,2018-01-31,2018-02-28,2018-07-31
2,Top100_Ky02_2018-08_den_2019-01.csv,2018-06,2018-08,2019-01,100,600,6,True,2018-06-30,2018-08-31,2019-01-31
3,Top100_Ky03_2019-02_den_2019-07.csv,2018-12,2019-02,2019-07,100,600,6,True,2018-12-31,2019-02-28,2019-07-31
4,Top100_Ky04_2019-08_den_2020-01.csv,2019-06,2019-08,2020-01,100,600,6,True,2019-06-30,2019-08-31,2020-01-31
5,Top100_Ky05_2020-02_den_2020-07.csv,2019-12,2020-02,2020-07,100,600,6,True,2019-12-31,2020-02-29,2020-07-31
6,Top100_Ky06_2020-08_den_2021-01.csv,2020-06,2020-08,2021-01,100,600,6,True,2020-06-30,2020-08-31,2021-01-31
7,Top100_Ky07_2021-02_den_2021-07.csv,2020-12,2021-02,2021-07,100,600,6,True,2020-12-31,2021-02-28,2021-07-31
8,Top100_Ky08_2021-08_den_2022-01.csv,2021-06,2021-08,2022-01,100,600,6,True,2021-06-30,2021-08-31,2022-01-31
9,Top100_Ky09_2022-02_den_2022-07.csv,2021-12,2022-02,2022-07,100,600,6,True,2021-12-31,2022-02-28,2022-07-31
10,Top100_Ky10_2022-08_den_2023-01.csv,2022-06,2022-08,2023-01,100,600,6,True,2022-06-30,2022-08-31,2023-01-31
11,Top100_Ky11_2023-02_den_2023-07.csv,2022-12,2023-02,2023-07,100,600,6,True,2022-12-31,2023-02-28,2023-07-31
12,Top100_Ky12_2023-08_den_2024-01.csv,2023-06,2023-08,2024-01,100,600,6,True,2023-06-30,2023-08-31,2024-01-31
13,Top100_Ky13_2024-02_den_2024-07.csv,2023-12,2024-02,2024-07,100,600,6,True,2023-12-31,2024-02-29,2024-07-31
14,Top100_Ky14_2024-08_den_2025-01.csv,2024-06,2024-08,2025-01,100,600,6,True,2024-06-30,2024-08-31,2025-01-31
15,Top100_Ky15_2025-02_den_2025-07.csv,2024-12,2025-02,2025-07,100,600,6,True,2024-12-31,2025-02-28,2025-07-31
16,Top100_Ky16_2025-08_den_2026-01.csv,2025-06,2025-08,2026-01,100,600,6,True,2025-06-30,2025-08-31,2026-01-31
17,Top100_Ky17_2026-02_den_2026-07.csv,2025-12,2026-02,2026-07,100,600,6,True,2025-12-31,2026-02-28,2026-07-31
18,Top100_Ky18_2026-08_den_2027-01.csv,2026-06,2026-08,2027-01,100,200,2,False,2026-06-30,2026-08-31,2027-01-31
