period,months,return_rows,return_outliers_abs_gt_100pct,reported_return_outliers_abs_gt_100pct,return_discrepancies_abs_gt_1pp,return_discrepancies_abs_gt_10pp,reported_return_fallbacks,market_return_inconsistent_months,eligible_bm,eligible_op,eligible_inv,bm_sort_constructed,op_sort_constructed,inv_sort_constructed
1,6,600,0,0,35,11,6,0,0,0,0,False,False,False
2,6,600,0,2,39,6,6,0,98,0,0,True,False,False
3,6,600,0,1,43,10,4,0,97,0,0,True,False,False
4,6,600,0,0,29,9,0,0,100,0,0,True,False,False
5,6,600,0,2,36,11,0,0,100,95,0,True,True,False
6,6,600,0,2,32,11,0,0,100,93,0,True,True,False
7,6,600,0,0,20,6,0,0,100,98,93,True,True,True
8,6,600,0,0,21,4,0,0,100,98,92,True,True,True
9,6,600,0,0,7,3,0,0,98,97,96,True,True,True
10,6,600,0,0,24,8,0,0,98,94,94,True,True,True
11,6,600,0,0,28,6,0,0,99,97,96,True,True,True
12,6,600,0,0,11,2,0,0,99,98,96,True,True,True
13,6,600,0,2,15,9,0,0,99,99,98,True,True,True
14,6,600,0,1,17,5,0,0,98,97,96,True,True,True
15,6,600,1,2,18,7,0,0,98,98,97,True,True,True
16,6,600,0,1,8,3,0,0,99,98,97,True,True,True
17,6,600,0,3,7,4,0,0,99,97,97,True,True,True
