expected_return_monthly,volatility_monthly,sharpe_annualized
0.011172079659461468,0.008366035694730984,4.625992597325703
0.013317679224418354,0.008544100406496079,5.3994911010313755
0.015463278789375253,0.009026484330262898,5.934355732498132
0.01760887835433215,0.009750500207549783,6.25598099067522
0.01975447791928904,0.010634956202843054,6.434583985227734
0.021900077484245935,0.011778159551763697,6.441082195516548
0.02404567704920283,0.013154546856343317,6.332157968866672
0.026191276614159723,0.014634336828560583,6.199750947686395
0.02833687617911661,0.016174470716270647,6.0689354391850925
0.030482475744073513,0.01775258965536955,5.948112106928793
0.032628075309030405,0.019369563823642858,5.835287227216012
0.03477367487398729,0.021039602295844766,5.725371687232166
0.03691927443894419,0.022759893541116055,5.619187892185072
0.03906487400390108,0.024523668135531935,5.518126096968214
0.041210473568857965,0.026322373811857574,5.423419220122314
0.043356073133814864,0.02816066359576351,5.333320447444045
0.045501672698771756,0.03014207491213673,5.2293154451626
0.04764727226372865,0.03232749945032941,5.10571481284207
0.04979287182868553,0.03467879800507186,4.973862349521744
0.05193847139364242,0.03716450068357729,4.841182831282006
0.054084070958599316,0.03975940719736707,4.712160737982924
0.056229670523556215,0.04244349278690122,4.5892851810591075
0.058375270088513086,0.04520087354135697,4.473760163345066
0.06052086965347,0.04801937437994146,4.365955304984182
0.06266646921842683,0.05089078461782933,4.265664576892352
0.06481206878338376,0.05381384053398451,4.1720789656548085
0.06695766834834065,0.05681604485097541,4.082441283615026
0.0691032679132975,0.0599551695972986,3.9926622441000754
0.07124886747825437,0.06329818128876195,3.8992165633039506
0.07339446704321129,0.06679174372780931,3.8065467022790935
0.07554006660816816,0.07041364352100046,3.7163034556921453
0.07768566617312503,0.07414507566697774,3.6295200893999464
0.07983126573808193,0.07797031605321214,3.5467807568337815
0.0819768653030388,0.08187621762900135,3.468359918467945
0.08412246486799566,0.08585177184574265,3.394324428646531
0.08626806443295239,0.08989930312514798,3.3241786192823324
0.08841366399790934,0.09414183146349216,3.2533243882574805
0.09055926356286619,0.09862648819585017,3.180752928674286
0.09270486312782317,0.10332174954987497,3.1081458404573183
0.09485046269277995,0.10820020193997454,3.0367008112692964
0.09699606225773678,0.1132381714939969,2.967234559654125
0.09914166182269367,0.11841530002661005,2.900273788693334
0.10128726138765047,0.12371411839849232,2.8361303488067846
0.10343286095260731,0.12911964573788992,2.774960685778142
0.10557846051756413,0.1346190281998693,2.7168114381248123
0.10772406008252103,0.14020122183886688,2.6616536263138855
0.10986965964747776,0.14589910627939226,2.608649738474933
0.1120152592124346,0.15176385054720729,2.556815993787457
0.11416085877738352,0.16191414792491773,2.4424352062157713
0.11630645834232585,0.20552732273057728,1.9603106041660219
