ACB.HM,BCM.HM,BHN.HM,BID.HM,BMP.HM,BSI.HM,BSR.HM,BVB.HM,BVH.HM,BWE.HM,CMG.HM,CTD.HM,CTG.HM,CTR.HM,DBC.HM,DCM.HM,DGC.HM,DGW.HM,DHG.HM,DIG.HM,DPM.HM,DXG.HM,EIB.HM,FPT.HM,FRT.HM,FTS.HM,GAS.HM,GEE.HM,GEX.HM,GMD.HM,GVR.HM,HAG.HM,HCM.HM,HDB.HM,HDG.HM,HPG.HM,HSG.HM,HVN.HM,KBC.HM,KDC.HM,KDH.HM,KOS.HM,LGC.HM,LPB.HM,MBB.HM,MCH.HM,MSB.HM,MSN.HM,MWG.HM,NAB.HM,NLG.HM,NVL.HM,OCB.HM,PC1.HM,PDR.HM,PGV.HM,PHR.HM,PLX.HM,PNJ.HM,POW.HM,PVD.HM,PVT.HM,REE.HM,SAB.HM,SBT.HM,SHB.HM,SIP.HM,SJS.HM,SSB.HM,SSI.HM,STB.HM,TCB.HM,TCH.HM,TPB.HM,VBB.HM,VCB.HM,VCG.HM,VCI.HM,VGC.HM,VHC.HM,VHM.HM,VIB.HM,VIC.HM,VIX.HM,VJC.HM,VND.HM,VNM.HM,VPB.HM,VPI.HM,VRE.HM,VSH.HM
0.0,0.0,0.009040873369666122,8.683664755194383e-19,0.08987890926873147,1.0157475575374226e-17,0.0,8.311653851517324e-18,4.323195951264703e-18,6.901229183490283e-17,3.2039047005911504e-19,0.0,6.479057474315893e-18,7.54472098471469e-18,5.215970529713243e-18,7.360667168010265e-19,0.0,0.0,3.013720348742766e-18,6.833426120171848e-18,1.9069461347251832e-17,7.974344365277832e-19,3.591018378880797e-18,0.0,0.050400937739752676,1.921006496440684e-18,6.199151726530655e-18,0.00602651824123889,2.2966082465877286e-18,0.0,3.1971363154520213e-18,0.0,2.0486446825422585e-18,0.0,0.0,0.0,0.0,0.0,0.0,5.96232273093537e-18,3.798696657097093e-18,0.3020374866047153,0.1256999721136658,0.0,0.0,4.485607005158823e-18,9.83075804332563e-19,0.0,0.0,0.0,1.690942660355944e-18,0.0022709743522712,0.0,0.06337383152841185,0.0,0.0,0.0,0.0,0.0,2.2151286554824697e-18,0.0012781414587729693,0.0,2.6169859484897236e-18,0.0,7.896153928786725e-19,0.0,1.0618318238448933e-18,0.0,0.032310815471412624,1.1266229283530659e-18,0.04948179647606491,0.0,0.0,9.484592662292062e-19,0.0,4.685678842052383e-19,0.025669171879074047,2.1815799761257227e-18,1.9170567261348275e-18,4.798038516457093e-19,0.023599454459795294,0.0,0.009747290125980749,0.0,0.0,1.8652475833881138e-18,0.0,0.0,0.05126049632230008,0.0,0.1579233305881459
4.415469368607588e-18,5.53790565483677e-18,0.0,5.707806939278525e-18,0.07880068046863109,0.0,5.4872057279114666e-18,0.0,0.0,0.0,3.4084529561514283e-18,0.0,0.0,0.0,7.57210311707975e-18,1.0622664119036322e-17,0.0,0.0,0.0,8.164555141095045e-18,0.017565157276036122,7.067743490998827e-19,7.024739654367571e-19,0.0,0.06237699562823722,5.542109861615239e-18,0.0,0.011866378609879815,0.0,6.943445770006717e-18,3.172537539365109e-18,0.0,3.1669253378699945e-18,0.0,0.0,0.0,0.0,1.8209671956232693e-18,2.706232969544872e-18,1.7924474802398674e-17,7.407856756559944e-18,0.29496144883067266,0.12792253754818433,0.0,9.685805440057632e-18,0.0,2.343956122679194e-18,0.0,0.0,9.653649577406005e-18,0.0,0.0,1.9443033744079824e-18,0.051293276312688145,0.0,0.0,0.0,1.969751576074717e-18,0.0,1.6983429106240333e-19,0.0,7.681087034525159e-19,1.3201467052197608e-17,3.683724222501072e-18,0.0,6.635493669835689e-18,3.4474144346949528e-18,0.0,0.022958715713416948,0.0,0.062156625457111626,0.0,0.0,4.829830716687518e-18,5.622426377180185e-19,3.300689662216953e-18,0.020840637876109562,2.308176459323027e-18,0.0,1.4759845382304755e-19,0.02361464220721012,0.0,0.017022839286556433,0.0,1.019100272952155e-17,0.0,6.4620479436204066e-18,0.0,0.049442630293795746,9.499528259408243e-19,0.15917743449146987
0.0,6.690908921077173e-18,0.0,7.122052741006098e-18,0.06994997152149499,0.0,1.0597140939836488e-18,0.0,0.0,0.0,0.0,0.0,0.0,3.235602683358388e-18,5.250553161132411e-18,0.0,0.0,0.0,1.2077885548164421e-18,2.37005774766814e-18,0.04577640615304322,3.775955086430193e-18,6.4647418193705275e-18,0.0,0.07203507901200702,0.0,7.909146249091457e-19,0.018516910642248623,1.9504831056851283e-18,3.257943340728115e-18,1.1767199416290454e-17,3.490311824384012e-18,1.0788251684766437e-18,7.325680982861164e-18,0.0,1.623197857382048e-18,0.0,9.581094620922093e-18,3.8949520613170234e-18,6.313117756850525e-18,4.382746069776156e-18,0.2835117851296607,0.12897672721392317,3.9929317862514605e-18,0.0,0.0,0.0,0.0,3.940881705489796e-18,0.0,3.7301582480639454e-18,1.0795178063788207e-18,1.0269142706778632e-17,0.03372057173760096,0.0,1.7875946597419717e-18,3.624959580240424e-19,0.0,0.0,0.0,3.863852054369796e-18,3.0778571038739055e-18,1.0114772890061206e-17,6.9241533677809366e-18,0.0,0.0,3.929860791482136e-18,2.893238047912773e-18,0.01660869309813332,3.249667396322036e-18,0.07152609827399896,0.0,0.0,0.0,2.3766408432364456e-18,0.0,0.013889121892861836,1.900905081530785e-18,8.57633418310608e-18,0.0,0.019406752156097724,0.0,0.025512700428994443,0.0,0.0,0.0,6.642973379314414e-18,1.9331777033702685e-18,0.048806995843888056,1.4005538191181875e-17,0.15176218689604698
0.0,1.4417475062196559e-18,5.1746682555601883e-20,0.0,0.06302467403743611,1.085823256382983e-17,2.684161469729519e-18,4.947297953479698e-18,0.00891981811897568,0.00826459165824826,0.0,5.60910363972063e-18,0.0,4.261941173157957e-18,0.0,1.3590274530683645e-17,0.0,0.0,5.163009100666396e-18,5.872371040397749e-18,0.06634865564843781,0.0,0.0,8.508484036808369e-18,0.07728038599271483,5.80512666006187e-18,0.0,0.024700134911834173,2.7336577168315345e-18,0.0,1.5738513196547527e-18,7.247734525496255e-18,8.574942710614576e-19,0.0,4.241485465806994e-18,2.4542884624887067e-18,0.0,0.0,0.0,0.0,0.0,0.2717547439974088,0.13025798617192522,9.02704210495174e-18,9.932593276763825e-18,4.681254512468758e-19,0.0,2.1669121272773914e-18,0.0,0.008803361079553311,0.0,3.4110612970816277e-18,4.994730924070924e-20,0.014821476291146688,0.0,2.218879129540215e-18,0.0,1.7042640978944528e-17,7.797097427358209e-18,0.0,0.0,8.818284177041964e-19,0.0,5.8006122034111626e-18,0.0,0.0,4.777098678804494e-18,0.0,0.008124230226364713,0.0,0.07892042026650735,6.791119607426945e-19,3.808048204166898e-18,1.0839613258816196e-18,1.0271979505102673e-18,3.0277098997293496e-18,0.012466536769001188,0.0,2.2910989742179627e-18,0.0,0.011463578997235227,0.0,0.034240262496267965,1.651501036412119e-17,5.163615856704478e-18,0.0,7.157483856046871e-18,3.101005786352619e-18,0.046676863668908365,8.039876378103634e-19,0.13393227966803412
0.0,0.0,0.0,0.0,0.057738861602522513,0.0,0.0,7.574309726482036e-18,0.018857478021297388,0.017610509807915207,0.0,0.0,1.2426523350056181e-17,5.974282478327585e-18,8.521317636976057e-18,1.861443572938477e-17,1.6257806009132062e-18,1.9535264845516655e-18,7.006854038950319e-18,0.0,0.08319244775669342,0.0,0.0,0.0,0.07854798648305548,7.122761416224847e-18,1.1177742423718346e-17,0.030650874433877155,5.208155261803541e-18,8.516945115376413e-18,3.180938776237409e-18,4.219388773394147e-19,0.0,1.1527395582924799e-17,0.0,0.0,1.1855226077444247e-18,1.1211195313079881e-18,6.1746641162868394e-18,1.9122464075538638e-17,4.4607853338008165e-18,0.26117733756958533,0.1324796542703316,3.1099614162254774e-19,0.0,1.3512575421185412e-18,8.34407918644799e-18,7.716343484893732e-18,8.770292276678072e-18,0.022694724762548173,8.037363551705951e-18,3.746289132529501e-18,0.0,3.0515280393081436e-18,1.0379471117165717e-17,4.777378974740687e-18,1.2263755349700951e-17,1.4398676374067555e-17,1.1848999097701437e-18,0.0,0.0,6.261451051888625e-18,0.0,1.2250740986190142e-17,4.644930245444268e-18,0.0,1.4488709988045357e-19,1.2262266276920325e-17,0.0,1.8677316840506124e-18,0.0873486069294813,0.0,0.0,0.0,8.050707371079277e-19,9.208343652904057e-18,0.011769772483904992,0.0,0.0,3.2275559785747647e-18,0.0012837309537347887,0.0,0.04398471471538221,1.0173066921278474e-18,0.0,0.0,1.3603670905551551e-17,8.566648789915625e-19,0.03959746036457005,2.533569349433886e-18,0.1130658398451002
0.0,1.5196235782644603e-18,1.607930711473532e-17,1.2768421524509816e-17,0.05432040521699077,0.0,0.0,1.8983458916351674e-19,0.023839535658886555,0.02086432593249043,0.0,1.673447614962487e-17,0.0,2.280560127977523e-18,0.0,1.922582396140939e-18,0.0,8.101709792798263e-18,4.579510381042713e-18,7.970992044038844e-18,0.09395470579558948,2.5935438702540284e-18,2.7562811668898875e-18,0.0,0.07945805407975412,0.0,0.0,0.03765304443390734,0.0,0.0,9.290296573668594e-18,1.1542719888332253e-17,8.63453747980814e-18,0.0,0.0,7.489288500846008e-18,1.269873960826506e-18,0.0,0.0,1.3190917379664498e-17,0.0,0.2483290940790071,0.1392654368596388,1.1966310394723525e-18,1.0018638158325499e-17,1.2763451748407225e-17,2.692173192535055e-18,1.2499669652743645e-18,0.0,0.023373278843626215,3.19624208920726e-18,8.589322137339839e-19,0.0,2.6761617059185615e-18,0.0,0.0,6.731707461838393e-18,4.5241348563193795e-18,0.0,0.0,3.4216851057820443e-18,0.0,8.081102946973467e-18,4.814078054358471e-18,0.0,0.0,0.0,3.223827232847974e-18,7.26899811137391e-18,0.0,0.09924685856873805,0.0,5.736657842695955e-18,3.199501846905279e-18,0.0,0.0,0.0063388431200046835,2.207444155988861e-18,7.883287417702509e-18,0.0,0.0,2.2886801058612463e-18,0.050831893264760286,6.010844284703325e-18,0.0,0.0,3.970452443082771e-18,2.0306949345317386e-18,0.031916713870248324,2.5359586423278334e-18,0.09060781027635775
1.123116860468044e-17,0.0,4.3821646241124177e-17,0.0,0.050524171737399766,0.0,0.0,1.1013416958010535e-17,0.02729079135059243,0.01933266959962504,0.0,0.0,0.0,2.839235463403278e-18,0.0,3.1898748813241994e-17,1.0928956328420255e-17,0.0,7.513777881633738e-18,0.0,0.10150731020618356,0.0,0.0,0.0,0.08285397737133347,0.0,1.507854690981361e-17,0.04461102966535632,0.0,0.0,0.0,0.0,0.0,0.0,4.608940723798819e-18,1.8146054366910978e-18,0.0,0.0,1.923177705955894e-18,3.722001902433607e-18,0.0,0.23872223936488343,0.14401823065189132,0.0075778505862601165,5.413111108649623e-18,7.53980251216335e-18,0.0,0.0,3.0929733898047222e-18,0.02083433370922488,0.0,2.2568374054970547e-18,9.740996324324744e-18,1.883163950994051e-18,0.0,0.0,1.2137998073681501e-17,7.643760734124568e-18,0.0,0.0,6.392053428979816e-18,0.0,4.4811689154617284e-17,8.492836329276079e-18,0.0,1.178411163710094e-17,0.0,2.4301947325887608e-18,1.8700697743042016e-17,0.0,0.10954676066701238,4.808518941101249e-18,5.322180002624532e-19,8.804202503111215e-19,0.0,0.0,0.00011486265530140182,0.0,3.7323605196105585e-18,0.0,9.631136194820277e-18,3.258718982064438e-18,0.05618885848218589,0.0,0.0,0.0,0.0,0.0,0.02508728987582058,3.0914255526476803e-18,0.07178962407692913
5.72388475256376e-18,0.0,1.824333926951646e-17,0.0,0.048648497350189696,0.0,0.0,0.0,0.03376825928048147,0.014053374457368555,8.18603253623707e-18,0.0,0.0,0.0,1.6894854889803077e-17,0.0011662476619358196,0.0,0.0,0.0,2.3875064902405845e-17,0.1010615967926864,5.9374273003119044e-18,8.482725452001049e-18,1.7329407042725393e-19,0.08787039926753239,0.0,0.0,0.05131018869916738,0.0,9.854427910299874e-19,0.0,5.595688316783854e-18,0.0,3.702386832809237e-18,0.0,1.9615782042519276e-18,0.0,0.0,3.994269575890311e-18,0.0,0.0,0.22512882313053834,0.14821102334226935,0.019851171693037354,0.0,0.0,0.0,0.0,9.17510351990527e-18,0.017235167997179612,3.828686140355049e-18,0.0,1.4907416125989326e-17,4.1504414162423194e-18,0.0,0.0,0.0,2.0712710647442853e-17,0.0,4.442212780441425e-18,1.188787053974019e-18,7.549364209787748e-18,0.0,0.0,0.0,4.953164275818843e-18,5.572803583746759e-18,4.949435950553011e-18,1.0908788945294853e-17,0.0,0.11784762775145745,1.637172890697029e-18,6.107752513894992e-18,0.0,1.9972813278065475e-18,1.5411680480464946e-18,6.036583580688489e-17,0.0,8.189941826127676e-18,1.3092749927650428e-17,1.0752210237704858e-17,7.565525915339163e-18,0.060357289856169505,5.86050502456845e-18,6.374818343574918e-18,0.0,0.0,0.0,0.01761229247934881,4.367902648481383e-17,0.055878040240637715
0.0,0.0,2.970346888934866e-17,7.174346739970835e-19,0.0481351454219283,0.0,0.0,0.0,0.03931880597384918,0.0034263012788227,0.0,1.5952124716726787e-17,0.0,0.0,2.4088702893027053e-18,0.02057276151588186,0.0,0.0,0.0,1.5341077526049985e-18,0.08416823688712655,4.847372637345836e-18,1.2292029024068e-17,6.865972852617836e-18,0.09407554612482524,3.839740150455766e-18,3.0960628353667105e-18,0.05747617841517998,5.485841369507906e-18,0.0,5.002063375316203e-18,9.35031540488048e-18,0.0,0.0,5.230933964433934e-18,1.115496497308044e-18,3.803491154932171e-18,6.70364687238956e-18,0.0,1.6684418644698663e-19,0.0,0.21354477805830724,0.15150488972759554,0.03209572604021569,0.0,2.759778828075408e-17,1.1830583537406737e-17,9.537518145068235e-18,6.943889245327204e-18,0.016578124103834264,0.0,0.0,4.4728830829809035e-18,9.63485867718079e-19,0.0,0.0,6.761705265357033e-18,0.0,1.3067310891328772e-17,2.792121064046418e-18,2.606569729565474e-18,1.6051170384804435e-17,1.9429924250214898e-18,7.95919397573124e-18,0.0,0.0,5.766800226516471e-18,0.0,6.771310414921603e-18,0.0,0.1268034936522821,0.0,6.215946945564681e-18,0.0,0.0,1.4030140484236066e-17,3.5387765246726314e-17,3.874988010665551e-18,4.466705955482217e-18,2.277722078867699e-18,9.795084357948791e-18,0.0,0.06503405113291344,1.1862450363414409e-17,0.0,0.0,7.23560910932801e-18,0.0,0.006065142265755337,2.20241112987559e-18,0.04120081940148216
0.0,4.670568812178843e-19,0.0,6.449978944876118e-18,0.04590790645784959,0.0,2.9036273200994915e-18,1.4326357535203373e-17,0.04573592916739418,3.3354678319792626e-17,0.0,7.42440469032469e-18,0.0,0.0,2.9405340436705688e-18,0.037017170872469855,2.7290594408158486e-17,5.831005673514814e-18,0.0,1.144533375470578e-17,0.06869549705406461,0.0,1.5867820313816102e-20,7.852747363080317e-18,0.0992585818412132,9.294088524020256e-18,0.0,0.06383081670212953,0.0,0.0,3.971003185667837e-18,0.0,0.0,0.0,1.2208779257183866e-17,0.0,0.0,0.0,1.742768938571248e-17,0.0,0.0,0.20232052608366416,0.15518614356340688,0.04401220240703806,0.0,0.0,8.902194665750473e-18,0.0,3.621468102217094e-18,0.014080925712004217,1.1915016004003e-17,5.38681689450746e-18,0.0,0.0,0.0,4.929087781893851e-18,1.0120292906055138e-17,0.0,0.0,3.6626902200624316e-18,5.114789541285472e-18,0.0,0.0,0.0,0.0,0.0,1.801382681958551e-19,0.0,0.0,2.3257612063162723e-17,0.13633556064256563,0.0,3.1692128268024697e-18,4.858370465530078e-18,6.095103658662272e-18,0.0,0.0,2.012953238905555e-18,0.0,0.0,0.0,4.041292255240493e-19,0.06922444844075352,0.0,0.0,1.0351878981131928e-18,0.0,0.0,0.0,0.0,0.01839429105544636
2.9193499417469175e-17,0.0,2.6976689282145655e-17,1.5379648030959107e-17,0.04076515224882596,7.268974883216363e-18,0.0,6.91252251216299e-18,0.05095294532531877,0.0,2.5512835109838985e-17,3.8257713658015105e-18,0.0,3.118735162243946e-17,0.0,0.048967079612628035,0.0,0.0,6.247392412614763e-19,0.0,0.05632991645798069,0.0,0.0,0.0,0.10587603250818499,1.0288801674038405e-17,0.0,0.07044596259636998,0.0,4.647971319570696e-18,0.0,0.0,0.0,0.0,0.0,0.0,4.920219646788147e-18,6.876826350566333e-18,0.0,1.120053071002874e-17,7.171466055539457e-18,0.18430221212687978,0.15837587342598913,0.05597662192460544,0.0,0.0,0.0,0.0,0.0,0.007553491738141193,5.0089170913221774e-18,0.0,6.816367602950946e-18,0.0,9.417286945379025e-18,0.0,0.0,8.96341898387087e-18,7.330385514648653e-18,3.809802198711723e-18,0.0,1.256593178922785e-18,1.2287132791897736e-16,3.7678459779706894e-18,0.0,2.8607816792601566e-19,0.0,0.0,2.0192881252149306e-18,5.290224276868199e-18,0.1471847205994063,0.0,0.0,0.0,3.8423965129718745e-18,0.0,7.353700500496969e-17,9.60554593327705e-18,0.0,0.0,0.0,1.0545910649388858e-18,0.073269991435669,4.004049862393423e-17,7.57793011533906e-18,2.2152897697006307e-17,8.50512058415541e-18,0.0,0.0,0.0,1.3389968740129775e-16
1.8837447024689428e-17,0.0,0.0,4.5579170888700586e-18,0.03103705177407237,0.0,0.0,1.1857729992594652e-17,0.051972582833217054,1.6856659023115953e-18,0.0,0.0,7.0347203358231e-18,0.0,0.0,0.05709678374045225,0.0,1.3678771252561951e-18,2.1673169188284918e-17,0.0,0.04739167300358425,0.0,0.0,5.076287489968725e-18,0.11498468447273213,2.936203999460478e-18,0.0,0.07697980780632635,0.0,8.770917957658032e-18,0.0,0.0,0.0,1.6583147177526576e-17,1.3606266397045115e-18,1.3110816024861704e-17,1.0032632533320776e-17,0.0,0.0,0.0,0.0,0.15192344012965409,0.16072851813358383,0.0670209833220102,0.0,0.0016612904878246459,4.3485773849382725e-18,3.759146024709691e-17,2.4132446101531546e-17,2.3707126217781445e-17,3.0262091066058018e-18,7.981272911507722e-19,1.6821485817624693e-17,1.6449782824947954e-17,0.0,0.0,0.0,0.0,0.0,1.5826215410538274e-18,2.2267749083909797e-17,6.949814900197867e-18,8.11324742309286e-17,5.442335699186079e-19,0.0,0.0,1.2525914935972955e-18,0.0,6.7759165346902984e-18,0.0,0.1616308471351816,0.0,0.0,9.166777085711764e-18,0.0,6.844295190528974e-18,2.5933782646015855e-17,7.384756962427466e-18,4.474923013855734e-18,0.0,0.0,9.793995956877756e-20,0.07757233716136076,1.5158763363630717e-18,0.0,4.853260526668403e-18,0.0,1.2190702346517773e-17,0.0,1.5144221519082743e-17,5.2420394053401796e-17
3.280270449679272e-17,5.46455566708073e-18,1.496200893589126e-17,0.0,0.0201834634308436,3.036403648492617e-18,0.0,1.3824225884971036e-18,0.052851731202839314,5.357469907130783e-17,0.0,0.0,4.119176051240712e-18,0.0,1.3189612613918436e-17,0.0671805871746528,0.0,1.1897987028836124e-17,0.0,4.062623539130874e-17,0.03578815445727525,2.923564340559198e-17,9.704384485534868e-18,1.9182778500247383e-17,0.12397819026796704,0.0,0.0,0.08338304782813712,3.7447408770681064e-18,3.87462969931885e-18,1.4784930746691692e-17,1.6405888406892726e-17,0.0,5.5829936823122e-19,1.0123767844254868e-17,0.0,0.0,0.0,0.0,0.0,1.064223916196571e-17,0.11481933850655496,0.16241669894831257,0.0765238727551752,8.583251093142214e-18,0.0050629478739059154,0.0,0.0,0.0,0.0,3.225791654043312e-17,1.1383469427557072e-18,0.0,0.0,3.703067121178831e-18,0.0,9.167224899355081e-18,0.0,3.4242943567529524e-17,0.0,1.1542322775187842e-17,0.0,0.0,0.0,0.0,0.0,2.8561206551034178e-18,1.2595029901728926e-17,3.2787626061365668e-18,0.0,0.176117666043389,6.6581585277213194e-18,1.6294468123630044e-19,2.3154769594649715e-18,0.0,0.0,0.0,0.0,0.0,0.0,8.664574955074549e-17,5.937507569500694e-18,0.08169430151094681,0.0,0.0,6.794452261617423e-18,0.0,0.0,0.0,0.0,0.0
0.0,8.824107494199716e-18,0.0,4.252780758433435e-18,0.009327040640512468,3.476599382401673e-18,0.0,2.7005954725211855e-18,0.053732932930956934,1.4351111657238292e-17,5.977967851778887e-18,1.6006937201150969e-18,9.013701631034528e-18,1.7551529255652317e-17,1.7484567676797592e-17,0.07726377799162737,0.0,0.0,2.553575516152718e-17,0.0,0.024177954073685903,1.1436693694766652e-17,2.4938917686802338e-17,1.0638103923436358e-17,0.13297302955761955,0.0,0.0,0.0897864612737266,2.7740100317185494e-17,0.0,0.0,0.0,1.554208188901934e-17,3.1421348533040353e-18,0.0,1.5768118036801777e-18,6.469826189384733e-18,2.0813096693940684e-18,0.0,3.2341329405419697e-17,2.5863493366738156e-17,0.077723142699829,0.1641000074364336,0.08602894371825369,0.0,0.008464469156617506,0.0,7.197075075638717e-18,0.0,0.0,0.0,3.7791553167492835e-18,1.2435630400355705e-18,3.493707596705294e-18,0.0,1.0293273499297613e-18,2.7752427115528462e-17,0.0,6.266996152631618e-18,0.0,0.0,7.515054059859681e-18,0.0,0.0,0.0,0.0,0.0,0.0,7.060117811544951e-18,9.459504800336117e-18,0.19060562176591012,2.714301685636071e-17,1.4305787133492156e-17,5.541526853568295e-18,0.0,0.0,0.0,4.8007835426786895e-18,0.0,0.0,0.0,3.370340881454046e-18,0.08581661875482685,3.381260328246593e-18,1.7491432878117138e-17,0.0,0.0,2.463394526811667e-17,0.0,1.7197347904430603e-17,0.0
6.142019169114006e-19,0.0,3.7369651453723365e-17,2.155579980629734e-17,5.1397714305312594e-17,2.5620613933404057e-18,0.0,1.998355091923396e-17,0.05535306619328107,1.834151641894193e-17,0.0,4.791700985353413e-17,7.799212172941726e-18,0.0,0.0,0.08681377018369892,0.0,0.0,0.0,0.0,0.012960562444477209,9.749866859928574e-18,0.0,0.0,0.14138656576052377,3.0133950443272954e-17,3.243478507848808e-18,0.09618755150555634,0.0,0.0,2.2947553466350417e-17,0.0,2.5426634955652875e-18,0.0,1.895759448297386e-17,8.647720908031409e-20,2.4124747219898644e-17,0.0,1.7080062120747748e-17,0.0,1.4824340004262435e-17,0.03978212182150593,0.16592980730816273,0.09566244132976875,0.0,0.011488102094614556,8.065711968107393e-18,1.1277993422306549e-17,0.0,5.4127582360154586e-17,0.0,0.0,0.0,6.112693034065563e-18,2.1744534430887234e-18,0.0,1.110066113615964e-17,0.0,0.0,0.0,0.0,0.0,0.0005171630142964933,4.628853763034644e-18,3.462130782885725e-18,1.8657041105546278e-17,1.610155125013692e-18,0.0,8.251263527463849e-19,1.907755965158466e-17,0.20406855092433934,1.032540849836391e-18,0.0,0.0,0.0,7.290429951748442e-18,1.0771120532590196e-17,0.0,3.173513035055471e-18,1.0142227637743554e-18,1.2098436490271225e-17,0.0,0.08985029741977445,0.0,0.0,0.0,1.093548366241567e-17,4.85911882272189e-18,2.7002456524846686e-17,9.441374827965817e-18,2.3795497962011858e-17
1.3100145025042628e-17,3.294175262380534e-17,0.0,0.0,0.0,0.0,3.550414091020833e-17,0.0,0.06195587329625864,9.39831008904297e-18,1.9807376234097574e-17,0.0,0.0,0.0,6.918772238387805e-18,0.09318580740806688,3.570215469822083e-17,3.844527554766391e-18,0.0,0.0,0.0038706551452784314,1.391593849173406e-17,1.4428639375810736e-17,0.0,0.14531103712326762,7.35988773027483e-18,0.0,0.10283384280644743,0.0,0.0,1.4632345304216264e-17,0.0,2.9320508769320506e-17,4.607930241098978e-18,9.934638566126318e-18,1.3634252126051041e-17,0.0,1.7791027584367455e-17,0.0,0.0,2.996721824855265e-17,0.0,0.16769726413212033,0.10635036287463194,8.77833857770663e-18,0.012097346720226098,0.0,1.5083178075974594e-17,3.446767663854252e-18,3.4103592392879027e-17,0.0,9.736232378032449e-18,0.0,0.0,0.0,1.3719444456272488e-17,0.0,8.459172137772399e-18,0.0,0.0,0.0,8.394459396170969e-18,0.0024813531948142094,5.27713549683402e-18,1.2275434945367815e-18,0.0,1.8846644950895104e-17,0.0,0.0,0.0,0.21075001617469535,0.0,0.0,9.442664339511176e-18,0.0,0.0,0.0,7.377946892244455e-18,0.0,0.0,0.0,0.0,0.09346644112419256,1.4258439149701064e-17,0.0,0.0,0.0,1.2383499612141352e-18,3.22893142682366e-17,8.617058208126503e-18,0.0
1.4798941609473337e-17,4.1832936795521076e-17,3.6823404862950606e-17,0.0,0.0,1.2312573921854355e-18,0.0,0.0,0.07333284336505848,0.0,4.41083828352476e-18,0.0,1.568074052706699e-17,1.7710994107607259e-19,2.037558522774913e-17,0.08582933938106842,8.351934737113805e-18,0.0,0.0,1.9127755826848252e-17,0.0,1.1571423815468907e-17,0.0,9.646542900879508e-18,0.13504775381992284,2.5338125497482546e-17,0.0,0.11088784537222725,0.0,6.533293657628479e-18,0.0,2.5570651962478372e-20,0.0,0.0,2.9505546744493303e-17,5.291813152772473e-18,1.429210660329784e-17,8.460098327026662e-18,1.159332123808649e-17,2.697379655803503e-17,0.0,0.0,0.1520486164244529,0.12119651360694216,0.0,0.01044852389848716,0.0,1.3710839657650785e-17,0.0,0.0,0.0,0.0,0.0,1.402168254014811e-17,3.510836583644513e-18,3.08527690943125e-18,3.2237095634507435e-18,0.0,0.0,2.930169478308882e-18,4.426516505424676e-18,6.741753013012659e-18,0.0,1.957228526391589e-18,0.0,1.9121708846597596e-17,0.0,0.0,0.0,0.0,0.21079823756641616,2.0901633595375562e-17,0.0,2.4759411643676545e-18,5.876188333039088e-18,0.0,0.0,0.0,7.586704367803768e-18,1.7253193663159512e-17,0.0,2.5240732751591598e-17,0.10041032656542406,1.6029419487399057e-17,1.2509377690881317e-17,0.0,0.0,4.1171307160275527e-17,0.0,1.637768116501564e-17,0.0
0.0,0.0,1.6096607207611488e-17,0.0,0.0,0.0,0.0,0.0,0.08437505286184854,1.8384644890622813e-17,5.760604392154088e-18,4.503875006636188e-18,5.930103942665309e-18,1.0356910707962314e-18,3.04015424991787e-18,0.07426924433687745,0.0,0.0,1.8838194056577682e-18,0.0,1.4528880259577172e-16,0.0,2.731877225282298e-18,0.0,0.12420705929516528,0.0,0.0,0.11868920772053072,0.0,1.400958990230986e-17,0.0,4.039154142063055e-17,8.480847188671802e-18,2.8561635725218125e-17,0.0,5.709302621347745e-18,0.0,1.6358756817447045e-17,3.0519294667251085e-17,9.345591679862831e-18,7.343341201398727e-18,0.0,0.13549174251812915,0.13605181997726767,2.919036932933113e-17,0.008721446130763,0.0,0.0,0.0,0.0,2.812328326602797e-17,4.094099364034218e-18,0.0,2.3126116285739432e-17,1.7957695112659203e-17,0.0,0.0,1.3913402375759478e-17,0.0,1.1390032149993829e-17,0.0,3.6038771395086295e-17,0.0,9.411535812013729e-18,0.0,2.637932658372192e-17,7.368782324216364e-18,0.0,0.0,1.0520813973345198e-18,0.21050510301124775,0.0,0.0,1.6001558525555946e-17,4.7865973001374375e-18,0.0,1.4083399896774226e-17,2.474061208187912e-18,4.649035886164197e-18,0.0,0.0,1.0415466935988365e-17,0.10768932414816978,0.0,2.705382075704556e-18,3.1036432852862416e-17,2.3387440748676366e-17,2.5370355272615458e-17,3.473760386260377e-18,3.8414475676045924e-18,0.0
9.388579640921905e-18,3.30432134848535e-17,7.982736366256936e-17,0.0,0.0,0.0,2.156620399369631e-17,0.0,0.09541602659101181,4.012936891504637e-17,5.1044401053437145e-17,0.0,0.0,3.915092966623944e-17,0.0,0.06271132494504124,0.0,6.504201939654389e-18,0.0,0.0,0.0,4.0618696969359796e-17,1.1379505065342414e-17,4.871955851762859e-18,0.11336576310670178,0.0,2.861624517011177e-18,0.12649085036746122,0.0,0.0,2.3344632523764002e-17,0.0,1.495032214422209e-17,4.355007117333649e-18,4.285341488285939e-18,0.0,0.0,1.8598514500101385e-17,0.0,1.8511034819365246e-17,2.171072920184458e-17,3.738053269333593e-17,0.11893607977939974,0.15090719156198937,1.4643824499968467e-17,0.006992479205947237,1.5226914436032287e-18,8.869394297038699e-18,0.0,6.777915575635194e-18,6.335039593933638e-18,3.121547949771742e-17,1.0756189601738736e-17,0.0,1.9956222093378088e-17,0.0,1.562653880584591e-17,0.0,3.2512627571819348e-18,0.0,0.0,4.486571842701274e-17,0.0,1.0949175237550028e-17,0.0,9.536679981333725e-18,0.0,8.480031074004168e-17,0.0,6.992876288673031e-18,0.21021164258346428,6.9394399066892e-18,0.0,0.0,5.144923524991223e-17,7.679952609425753e-18,1.9616645710071807e-17,2.810746582712119e-17,2.2869730325892204e-17,5.811573324131304e-18,1.1009695282219317e-18,0.0,0.11496864185898224,0.0,0.0,0.0,2.1104834585170068e-17,6.521994215654828e-18,0.0,3.898635699832451e-17,0.0
1.0470695477411694e-17,0.0,3.407525905029258e-17,0.0,7.333880527412087e-17,5.968963352916864e-17,3.771964947263996e-17,0.0,0.10645753155459821,3.663516156046082e-17,0.0,2.567996355003638e-17,3.065350931898054e-17,2.1004248765173205e-17,0.0,0.05115126246294169,1.1760372310941455e-17,0.0,2.3577046250886003e-17,7.271687155772826e-17,6.450292845149145e-17,1.406140204755275e-17,8.39294700287837e-18,0.0,0.10252595668619731,1.6731722921036306e-17,0.0,0.13429258991994966,2.931306128862686e-18,0.0,1.2047316250975894e-17,8.536962588584959e-18,0.0,0.0,0.0,4.877157246015027e-17,0.0,0.0,0.0,0.0,0.0,2.2032514767403143e-17,0.10237996186868667,0.16576251682496312,0.0,0.005263821686068889,0.0,0.0,1.2624223552243441e-17,0.0,0.0,1.385125298101835e-17,4.173451461279591e-18,0.0,0.0,0.0,2.298537745056048e-17,8.544311606463474e-18,0.0,4.014120904492965e-18,0.0,0.0,0.0,1.912971003162305e-17,1.3710956171591864e-17,0.0,0.0,0.0,0.0,0.0,0.2099184946006091,0.0,2.3153190028988927e-18,0.0,0.0,0.0,0.0,2.5803978010810876e-18,0.0,1.881423192919763e-17,3.862831947815659e-17,0.0,0.12224786439598445,1.0631392603352977e-17,2.663106124267196e-17,0.0,0.0,0.0,3.265931254390579e-18,0.0,6.210231204122009e-18
3.9287280711942834e-17,5.5148861054370595e-17,0.0,0.0,0.0,0.0,0.0,8.564174175837435e-18,0.11749924391863682,3.568386652907236e-18,4.179355921741412e-17,2.5699580036919358e-17,0.0,0.0,0.0,0.03959203790170253,4.677682572461141e-17,0.0,0.0,1.4819162176430602e-17,1.2997679620465394e-16,1.206012138663366e-17,2.991114470806544e-17,0.0,0.09168593961453728,3.512371251169474e-18,2.545760809332339e-18,0.14209423140938007,0.0,5.1613328027832484e-17,1.394150311691791e-18,0.0,2.5742248362105712e-17,2.062973446949587e-17,3.937922385315076e-17,8.145103291781567e-19,0.0,0.0,0.0,1.773300068942901e-17,0.0,0.0,0.08582361580651544,0.18061751102097345,0.0,0.003535044745193061,0.0,0.0,1.5787209032679483e-17,2.0745580303187317e-17,0.0,0.0,6.9929933682553e-18,0.0,3.8868694657320053e-17,0.0,1.4784308366254968e-17,6.025508422093252e-18,3.5188734057666726e-18,1.7292769424457083e-17,1.780351075491931e-17,2.0460646681372074e-17,0.0,0.0,0.0,0.0,0.0,0.0,0.0,1.453847299076918e-17,0.20962510886687613,0.0,0.0,0.0,0.0,0.0,0.0,0.0,3.4601295073519604e-17,0.0,0.0,2.5058402678293016e-17,0.12952726671618428,0.0,2.0422550307265376e-17,0.0,0.0,5.055453450229417e-19,0.0,0.0,4.637318954776948e-18
0.0,0.0,1.470890548372684e-17,3.991752230975927e-17,0.0,0.0,6.158240678751741e-17,8.66370502995226e-18,0.12854140570594122,3.929452827762919e-18,1.2782996918535211e-18,0.0,1.5172186924503594e-17,0.0,4.0856320727852754e-17,0.02803242821758034,0.0,6.55261597084867e-17,0.0,0.0,2.1377896975119476e-17,2.8580583233577355e-17,0.0,1.0280891853704147e-17,0.08084604154644144,0.0,4.1524189845601326e-17,0.14989586978148584,0.0,0.0,0.0,1.7716749022872156e-17,0.0,1.0685293123571687e-17,0.0,7.931146526897637e-18,0.0,4.408309298818109e-18,0.0,0.0,0.0,0.0,0.0692672142951004,0.1954727978562714,0.0,0.001806203783961529,2.321440997928724e-17,2.699318944480083e-17,5.2673622183063725e-21,0.0,3.4196322708734533e-17,1.6921917341198083e-18,0.0,3.371035664490994e-17,0.0,0.0,1.869763210779147e-17,1.1902149240600661e-17,1.3039141981573257e-17,0.0,0.0,5.173542041617473e-17,0.0,3.6200143579411856e-17,1.312080347348969e-17,0.0,2.8398246079704114e-17,0.0,1.8080827766753033e-17,9.368634383218169e-18,0.2093314153543726,2.1737378187320554e-17,3.1062697570765064e-17,0.0,2.416050557938622e-17,1.902831425601265e-17,6.271740571520381e-18,4.2419700380908334e-17,0.0,2.3309215432646628e-17,0.0,5.497822422493678e-17,0.13680662345884426,2.0860595338686246e-17,0.0,2.3734882900154512e-17,0.0,0.0,2.1262625767981167e-17,0.0,0.0
0.0,4.3680113183503817e-17,0.0,6.46429846436064e-17,0.0,4.2806360585635565e-17,0.0,3.398589182920391e-17,0.13958341013659134,0.0,0.0,0.0,1.0157102725481213e-17,0.0,1.8737081214387782e-17,0.016471520807885293,0.0,1.0751825972342427e-17,0.0,2.1397565587802232e-17,0.0,0.0,3.344638681198914e-17,1.5568817076266733e-17,0.07000484401275187,0.0,7.315746509095381e-18,0.15769754347985593,4.270255047202304e-18,0.0,0.0,3.3971374871388844e-17,0.0,1.0839663567573315e-17,3.7922879949661406e-17,0.0,1.489228844912192e-17,0.0,6.722267180318905e-17,2.242254210688119e-17,6.911455112969761e-17,0.0,0.05271178809271847,0.21032764714782112,0.0,7.855795128224964e-05,2.660988288336528e-17,2.7180322212348317e-17,4.575002776788849e-17,4.322638982920848e-17,0.0,0.0,2.351411053504823e-17,4.2605228303604444e-17,0.0,2.8095208224521655e-18,0.0,0.0,0.0,4.733946250644427e-17,1.5742108184767158e-18,0.0,2.7000893840215736e-17,7.991550172231896e-18,0.0,3.9306381958558684e-18,5.354589711506667e-17,0.0,0.0,0.0,0.20903917796588076,1.9323092336791063e-17,0.0,1.6148925067374792e-17,0.0,3.1000475174027793e-17,0.0,2.7604146690268414e-17,6.034490830988472e-18,1.8747626587840346e-17,0.0,1.0447927146607023e-17,0.14408551040521184,0.0,0.0,3.382467257991112e-17,2.3949853519632932e-17,2.8484464406377885e-17,9.960898674530837e-18,0.0,0.0
0.0,5.621881033888875e-19,9.667599156611174e-17,5.102052211327394e-18,4.494863344688353e-17,2.932141875622143e-17,2.2592610969437913e-18,0.0,0.14959766266857147,0.0,0.0,1.0668107095702085e-17,0.0,2.1479868180516384e-17,8.314790252370099e-18,0.005173766367405707,0.0,0.0,0.0,0.0,0.0,1.8163988393992653e-17,0.0,1.4992170342064586e-17,0.05880304995006594,5.225993134095507e-17,5.427450362797926e-17,0.16535283342426033,0.0,1.0028650925945369e-17,0.0,0.0,0.0,0.0,0.0,3.060824138999438e-17,1.2075270584674401e-17,2.4597844863194917e-17,1.0095371730744277e-17,4.344357771747495e-18,0.0,0.0,0.03569354071734922,0.22429311916790068,0.0,4.872895386372538e-18,2.8895322882279865e-17,0.0,0.0,0.0,5.509757830427357e-17,1.1546286683243327e-17,0.0,0.0,0.0,3.217810045812599e-18,0.0,2.3709002720824445e-17,0.0,2.293817738189545e-17,6.677586125135464e-17,0.0,1.7309431132900383e-17,9.453604634476278e-18,0.0,0.0,6.972005485925421e-17,0.0,2.9906380363168296e-17,0.0,0.20985404931203183,0.0,8.073810238136246e-18,7.916504814430684e-17,0.0,7.592166753160054e-18,2.3390692907254734e-17,2.749124308599885e-17,8.368875161055109e-19,1.4233194992213598e-17,3.4496244656205565e-17,1.4256973195228748e-17,0.15123197839241395,2.7215628542044668e-18,0.0,0.0,0.0,0.0,0.0,0.0,1.0722770623219e-17
1.1483943332616677e-17,0.0,0.0,0.0,0.0,4.824589451713818e-17,0.0,2.1771409824752244e-17,0.15662825139803996,1.2682497268033633e-17,3.83358547172873e-17,0.0,6.139567243625321e-17,0.0,2.1067826358298704e-17,3.63182421732279e-17,2.5996966677752392e-18,4.6280546892280717e-17,0.0,0.0,2.343557817481788e-16,0.0,0.0,0.0,0.046891402492895466,0.0,1.0749837322767293e-17,0.17263191697578043,0.0,0.0,3.8193795568059815e-17,0.0,0.0,0.0,0.0,2.1155868036109547e-17,0.0,0.0,0.0,4.368295357971981e-17,1.764637392611825e-17,0.0,0.017469462647905675,0.2371595403009353,0.0,0.0,3.8531398991162176e-17,3.2005825184261373e-17,0.0,0.0,6.002770562257056e-17,2.5775544300581076e-18,0.0,0.0,0.0,6.487828796920501e-18,0.0,2.9175042282657958e-18,3.857520019083624e-17,0.0,0.0,0.0,0.0,0.0,1.3539327985741698e-17,8.70110352622912e-18,9.879278794325059e-18,5.225349532332812e-17,2.235526412812575e-17,0.0,0.2099901085043243,3.448399081268173e-17,0.0,2.3359279207765595e-17,0.0,1.4508975748885724e-17,0.0,0.0,1.1209620964407773e-17,0.0,0.0,0.0,0.15922931768011747,3.637858857082575e-17,2.2596398842994075e-19,0.0,4.4692478479754727e-17,3.477394853206997e-17,6.925816203005048e-18,0.0,7.881181452559213e-18
2.245155730897258e-19,7.336552892556554e-17,0.0,1.851489379294396e-17,0.0,4.236800311613236e-17,2.3617557874369324e-18,0.0,0.16081535826673252,1.26829822023614e-16,0.0,5.848917966775672e-17,0.0,1.1318477942588121e-17,0.0,0.0,0.0,0.0,2.528223089670146e-17,1.910878359408197e-17,0.0,5.1285806607360486e-17,3.566549525823447e-17,0.0,0.033132353526128526,8.253196779142114e-17,0.0,0.1798068962260838,5.409310621238131e-17,0.0,0.0,0.0,0.0,0.0,0.0,4.5384109510351666e-17,3.46247678903248e-17,0.0,4.1745488633869215e-17,0.0,0.0,4.332556694590217e-17,2.0432137010812137e-17,0.24889768845433,4.3138682467067997e-17,0.0,8.64282287591156e-18,3.79600570545438e-17,8.127295619996993e-17,0.0,2.1287844257185164e-17,0.0,0.0,0.0,0.0,2.1611629521592743e-18,4.048544630265119e-18,0.0,0.0,7.681919104934546e-18,2.1638574321593642e-17,1.5306569058324156e-17,4.14109198580893e-17,0.0,1.9284678853415737e-17,8.245557481940743e-18,0.0,0.0,0.0,0.0,0.20946467931112095,3.155510028348525e-17,0.0,0.0,0.0,5.4238709292663345e-17,0.0,0.0,0.0,0.0,0.0,0.0,0.1678830242156029,0.0,1.2708665187456573e-17,4.814640515589083e-17,1.3037975881050971e-17,1.7836414173709924e-17,0.0,0.0,1.376129050840857e-17
0.0,1.1929801775721497e-17,0.0,9.866602371580046e-17,0.0,0.0,2.0870434712470128e-17,0.0,0.16062875450800967,2.682374876118543e-17,0.0,0.0,1.1605847486242196e-17,7.287594826563642e-17,0.0,1.7252872632766148e-16,4.2565122492264033e-17,0.0,0.0,1.9285578677204916e-17,9.941907880408596e-17,0.0,0.0,3.657301802672558e-17,0.0063203061372166065,0.0,2.575925141760791e-17,0.18910809247443564,7.083105705931272e-17,0.0,7.768614718568498e-17,0.0,0.0,2.3205616668966584e-17,1.4079804135645146e-17,3.423738437191045e-17,1.5588011310594127e-17,0.0,0.0,4.180936057843509e-18,0.0,6.152492129068226e-17,2.3796388442231714e-17,0.2584676774200284,0.0,0.0,1.6571411312135164e-17,0.0,0.0,0.0,4.381895313334338e-17,0.0,1.8968968044526143e-17,0.0,0.0,0.0,0.0,0.0011513662325170113,3.071924065906363e-17,0.0,1.1723622075757124e-18,0.0,0.0,0.0,0.0,0.0,5.634036006472193e-18,0.0,4.14558726116741e-18,0.0,0.2084899165502483,0.0,1.2446086258375125e-18,0.0,0.0,3.3988259553119625e-19,0.0,0.0,3.468791252466102e-17,6.012382632660004e-18,5.238754642674799e-18,0.0,0.17583388667754327,0.0,0.0,1.422527518394614e-17,1.369633033590693e-17,0.0,4.3809615609046074e-18,3.18323730941804e-17,0.0
8.646384227938605e-17,2.069928278233737e-17,0.0,5.341373063380687e-17,0.0,0.0,1.194107647415881e-16,0.0,0.15513179100250768,0.0,1.151371599364428e-16,0.0,0.0,6.320322944002415e-17,5.3507353940834434e-17,0.0,1.1499716116212005e-16,0.0,7.20109750161651e-17,0.0,0.0,0.0,0.0,0.0,2.417594550412782e-16,0.0,1.093580566401802e-17,0.20021660386187057,0.0,1.1623323441855454e-17,0.0,6.211479335093524e-18,5.041872656090924e-17,0.0,1.9716754373403605e-18,6.47155058378947e-18,1.0308099056433935e-17,8.083495050124021e-18,0.0,4.4338203624035966e-17,2.920011669848696e-17,3.199444063860493e-17,0.0,0.26572682761965216,3.877850489149334e-17,0.0,1.5632552605519798e-17,8.560510415362233e-17,0.0,2.065176019189292e-17,6.332231260649361e-17,0.0,6.369603616105565e-18,3.6220239938400976e-17,0.0,3.091925333570779e-17,0.0,0.0013942722608195023,7.541436977357189e-17,0.0,4.794188307173034e-18,6.514239806386124e-17,0.0,0.0,2.6749054065207338e-18,0.0,8.344340954693807e-17,0.0,0.0,2.4394302472710798e-17,0.18785680606858676,0.0,2.796832366314011e-17,2.5438512210965718e-17,3.5498792837017815e-17,1.9413250056074995e-17,0.0,0.0,5.968120687621157e-18,1.8131030123756114e-17,8.646522569420587e-17,3.2724669011210226e-17,0.18967369918656124,0.0,1.3764729404680041e-17,5.3793727270233484e-17,0.0,2.2172611883047493e-17,2.1709304156496035e-17,2.050725817335501e-17,0.0
6.230574844544136e-17,0.0,0.0,0.0,4.0646299170343345e-18,1.7830905506829775e-17,0.014531600947481106,0.0,0.1383070752558331,1.8844589292417863e-16,2.2594720217303007e-18,0.0,2.140164482374293e-16,7.114879790880219e-17,0.0,0.0,1.1466286924758703e-16,0.0,0.0,0.0,9.924565208235617e-17,0.0,2.9317256305686323e-18,1.1553888157722629e-16,0.0,0.0,2.2248522596875725e-16,0.21164989763875286,4.697064159692994e-17,1.1107714110139643e-17,0.0,0.0,0.0,0.0,6.338231746452364e-17,0.0,0.0,1.1523078834333378e-16,6.9024625135168634e-18,0.0,5.2725427907393495e-17,9.364416349123307e-17,0.0,0.268777247595523,4.6664886311589056e-17,0.0,0.0,4.7937277286335556e-17,0.0,1.1637697211014152e-17,5.60519920522375e-18,4.9189817599331005e-17,3.8304749032913583e-17,0.0,1.3978801011584943e-17,2.08999940762507e-17,0.0,6.248204075548243e-17,3.573032665361042e-17,9.694358991663423e-17,0.0,0.0,2.508579897664556e-17,0.0,0.0,1.404907478861419e-17,0.0,0.0,0.0,0.0,0.16298272826764468,3.760228514346035e-17,8.736000736909839e-18,0.0,0.0,0.0,2.298836885511383e-17,0.0,0.0,0.0,1.2234089421321996e-17,7.600235422969034e-17,0.20375145029476296,8.158695271299924e-17,2.7172246639672357e-17,3.755470406098105e-18,0.0,0.0,0.0,4.739256296134903e-17,5.903879393440782e-18
0.0,6.7770452616929925e-18,0.0,3.30214849106001e-17,5.920657391222537e-17,0.0,0.029955065739438215,0.0,0.11967168392579265,1.0576838296478881e-17,6.121169481369598e-17,5.2543035638511173e-17,0.0,0.0,0.0,1.6034752573120204e-16,1.1177273554943757e-16,1.4175095248472957e-17,0.0,1.2513463716914738e-16,3.333672832035538e-17,0.0,2.510956683007934e-17,0.0,3.079914716231488e-17,9.416319494180033e-17,5.0100606731413835e-17,0.22320057347675704,7.649207278349399e-17,7.292368001258127e-17,3.539431013308994e-18,0.0,7.375120671105877e-17,0.0,0.0,1.6550079453513862e-17,7.886776320631176e-17,0.0,2.0400474070961837e-17,2.0387722192208113e-17,1.2506008932183158e-16,1.0988281693819778e-16,4.248381342209712e-18,0.27173284823915683,4.2223988338042514e-17,3.1882993707883773e-17,9.642003368192899e-17,0.0,9.768477991775382e-18,0.0,0.0,0.0,0.0,0.0,0.0,6.040110502455532e-17,3.4528235088539814e-17,0.0,4.939855915744721e-17,2.9323964238197507e-17,0.0,0.0,0.0,0.0,0.0,2.997071950140364e-17,0.0,5.847973847863571e-17,2.7754031631841017e-19,8.375130061472886e-18,0.13753285515640953,0.0,0.0,4.133993053081873e-17,0.0,0.0,0.0,0.0,3.839327728683412e-17,0.0,3.298467692679008e-17,0.0,0.21790697346244342,1.83570171735526e-16,7.531703253060055e-18,0.0,0.0,6.130725129494416e-17,0.0,0.0,0.0
5.58291581538397e-17,0.0,6.958035038481562e-17,0.0,1.5560471313252663e-17,0.0,0.045376379368795634,4.632292641453643e-17,0.10103935487408094,0.0,0.0,0.0,0.0,0.0,0.0,0.0,0.0,0.0,8.254571298668856e-17,0.0,0.0,1.0495553747877987e-16,3.0171178651943267e-17,6.69898726396019e-18,1.150786308840979e-16,1.2470625002255685e-17,0.0,0.23475086254818367,0.0,1.0039280343839768e-16,0.0,6.106241601491909e-17,3.9227266020037057e-19,6.043374435114493e-17,3.532442438693961e-17,9.403578328946377e-17,1.0897666568352232e-16,0.0,0.0,5.0380472852955135e-17,4.8490929763668143e-17,0.0,2.3800076689864867e-17,0.274687368788354,6.6669246464504e-17,4.1557059876616555e-17,1.1435919997198772e-17,0.0,1.1444128935079884e-16,4.285032384751615e-17,0.0,0.0,7.016595460763595e-17,6.588235142261621e-17,0.0,0.0,9.325297873195094e-17,0.0,0.0,0.0,0.0,0.0,0.0,9.620804044585012e-18,0.0,0.0,4.090137705657295e-18,7.417893537041322e-18,1.5409700128619013e-16,0.0,0.11208261433147013,1.069861390453443e-16,4.081788573128847e-17,1.5526667774763703e-18,0.0,0.0,0.0,4.652636866769956e-17,0.0,0.0,4.265661789204621e-17,3.795451720464141e-17,0.2320634200891134,1.2688331573939804e-16,9.894899344268976e-17,0.0,3.513870375533651e-18,0.0,4.720266765794168e-18,7.372314799197305e-17,8.789708647949966e-17
2.7165855104177902e-17,0.0,1.027184166775604e-17,2.7743648996415783e-16,3.3886729405219127e-17,1.1836531629629452e-16,0.06079847954977918,2.817917453004529e-17,0.08240578902819962,5.3262963831736046e-17,1.2473005504284588e-18,4.733716999235512e-18,0.0,0.0,9.62757984957743e-17,1.7313062649553688e-16,0.0,2.1264074609750716e-17,1.0023343040104563e-16,1.0765599561100349e-16,0.0,5.577987170136933e-17,7.871092167799855e-18,0.0,0.0,0.0,0.0,0.246301351953026,3.7835907399211395e-17,1.0439276337947623e-16,1.1608919888520432e-17,2.87943074929546e-17,0.0,0.0,2.2794496848181186e-17,4.468109520359398e-18,0.0,0.0,1.1217356132242867e-17,6.262285929853667e-17,1.3620638964746178e-17,0.0,0.0,0.27764268519365237,0.0,0.0,0.0,0.0,2.3352488091856285e-17,0.0,7.366581461089188e-17,0.0,2.3329703207146933e-17,3.109780994988205e-17,0.0,0.0,0.0,0.0,0.0,2.6158400862802494e-17,1.2182387644460845e-16,3.94795398608839e-17,2.886678356407762e-17,2.381817926037269e-18,1.8832968421975172e-17,4.2620406813024385e-17,1.703809873121273e-17,5.5687051659483786e-18,0.0,2.7331675348728048e-17,0.08663227990636295,0.0,6.606877291219907e-17,4.028933796481642e-18,5.2961215861077864e-18,0.0,0.0,0.0,3.457392378731182e-17,0.0,3.5713540830947204e-17,0.0,0.24621941436897749,0.0,0.0,2.891095200131737e-17,0.0,5.1311624868972465e-17,4.1150847361095106e-17,1.1442060769345118e-16,8.138710459520303e-17
0.0,0.0,0.0,0.0,3.155977190040342e-17,2.0916025896989693e-16,0.07622090285351114,0.0,0.0637717498920774,0.0,0.0,3.639666125641947e-18,0.0,5.860340135428232e-17,0.0,0.0,1.0842383954727596e-16,0.0,2.1837840369487418e-17,0.0,3.2336342672801897e-18,0.0,4.403968120953847e-17,9.942320482558627e-18,6.5878460826933054e-18,0.0,2.2493607180483964e-17,0.25785183501805703,2.0796611839111664e-17,0.0,1.4531585135841623e-17,0.0,0.0,5.670358610113579e-17,4.193055201259637e-17,5.696053240811234e-17,0.0,9.870336425467223e-18,0.0,1.3812247592871496e-16,0.0,9.50014162581207e-17,2.5158477347792957e-17,0.28059831379084843,2.761579625923296e-18,3.676549350626441e-17,2.4565933689096428e-17,5.73715689911655e-17,0.0,0.0,0.0,2.264860757069785e-17,3.608014371982558e-17,1.1433472612046996e-17,2.0882708133526244e-16,0.0,0.0,0.0,0.0,0.0,0.0,5.740839035211896e-17,0.0,7.805338228028591e-17,0.0,1.3703878478549342e-17,0.0,3.8622049510900064e-17,0.0,0.0,0.061181889434098816,0.0,1.8322994748775203e-17,5.5134913867384147e-17,0.0,0.0,0.0,5.5074748662438334e-17,0.0,1.054637398794374e-17,9.099130958614793e-17,0.0,0.26037530901140526,9.109794300764414e-17,4.032265908891294e-17,8.34297198144246e-17,0.0,0.0,1.7998745389453792e-17,0.0,1.8001003268229972e-17
1.0298713644130561e-16,3.580394196456655e-17,0.0,5.649258345420859e-17,3.1900144707329895e-18,1.0973798731005396e-16,0.09164381770375177,1.5552837974753954e-16,0.04513727333418274,9.726470434910933e-17,5.15103671204991e-17,4.4100216073909343e-17,1.035186864915525e-17,0.0,0.0,0.0,0.0,7.424289976874058e-17,2.2128751455058718e-17,0.0,0.0,0.0,4.596957398704289e-17,5.875700458056865e-17,0.0,0.0,1.1303788547105248e-17,0.2694023142405072,4.478666867607191e-17,8.066117351530201e-18,1.4520580389239155e-16,0.0,8.736081146730971e-17,0.0,2.3868019447668504e-17,0.0,0.0,0.0,2.5337465383910203e-17,0.0,3.4932655833665774e-17,4.803491341937217e-18,0.0,0.2835540633181821,0.0,0.0,0.0,1.0142622131134664e-16,7.223066265291996e-17,0.0,0.0,0.0,0.0,0.0,4.510577225193628e-17,0.0,0.0,0.0,8.045644025519738e-17,0.0,0.0,3.6906809707583295e-17,7.932643262385052e-17,7.429520961507458e-17,7.90492776329088e-18,2.2617403465368234e-17,5.466917329051943e-17,0.0,0.0,0.0,0.035731411829563936,2.4343913351549903e-17,2.4866880156626615e-17,2.87810846191535e-17,3.766065300855359e-17,0.0,0.0,0.0,5.2347693319481674e-17,0.0,5.0640254357557904e-18,7.705042276016534e-18,0.2745311195738099,3.5430952261174713e-17,0.0,6.981930549744e-17,7.659384516940538e-17,0.0,1.4279188145611124e-16,0.0,2.196294799154412e-17
0.0,1.0672512358184782e-16,1.2078318036548735e-17,4.429467905461394e-18,0.0,9.980339889352022e-17,0.10706619376487805,0.0,0.02650336981076364,8.157733216964991e-17,0.0,1.0683328974615744e-16,9.921103754550296e-18,5.209958860113495e-17,0.0,0.0,0.0,3.661638978447707e-17,0.0,0.0,0.0,7.66602414557855e-17,8.527938023110685e-17,0.0,0.0,0.0,0.0,0.28095280428291536,0.0,0.0,0.0,7.272975286250954e-17,0.0,6.649587029512526e-17,2.300079294704778e-17,0.0,9.933401549917484e-17,0.0,2.6861317484226437e-17,2.031948689317029e-16,0.0,0.0,1.9926436396665644e-16,0.28650954681500934,6.198349529102277e-17,0.0,0.0,1.1020450716006625e-16,3.6678930391692674e-17,1.533237965817749e-16,0.0,7.30708211728457e-17,1.2638979263263016e-16,8.732057993958114e-17,6.992950870321244e-17,2.101648256835652e-18,0.0,9.505676484348994e-18,1.1075369669928003e-18,0.0,0.0,0.0,0.0,5.337511200201182e-17,1.3829144036964463e-17,0.0,1.5660638000171085e-17,5.744398053762198e-17,5.88350399127976e-17,0.0,0.010281042973911355,8.041555167051256e-17,1.1120300444089635e-16,0.0,0.0,0.0,1.1561980269850087e-17,0.0,2.6755467566531446e-17,0.0,3.681186827992678e-17,5.5141911320341163e-17,0.28868704235251946,0.0,0.0,0.0,0.0,0.0,0.0,0.0,0.0
0.0,0.0,0.0,2.548923381398503e-17,0.0,0.0,0.12213562836023008,8.714134232381971e-17,3.246496283674313e-16,0.0,0.0,0.0,0.0,0.0,1.1720399930469238e-16,3.4591427389714257e-17,0.0,0.0,0.0,2.5400755542600314e-16,0.0,1.7225756916320437e-17,0.0,0.0,0.0,0.0,0.0,0.2925177976409004,1.0490570170063997e-16,1.8189765386548853e-17,1.1025614338941592e-16,0.0,0.0,7.493426886999885e-17,2.7004214020233976e-17,0.0,0.0,2.7737961938387096e-17,2.4230115913980814e-17,2.3975454809071997e-16,1.684290945799826e-16,1.2172840886335e-16,0.0,0.2824788360430962,2.3201726393099553e-16,1.1258109711688717e-17,0.0,1.4719119519029557e-16,9.978614792731588e-17,2.1156764864619332e-17,0.0,7.364006205573497e-17,0.0,1.9568388754534338e-16,0.0,0.0,1.0713834349246707e-16,0.0,0.0,6.717033703144893e-17,2.1166553851261599e-16,0.0,9.024587783288483e-17,2.418454199672315e-17,3.2753707121740025e-17,4.2472878382057077e-17,0.0,8.886276802101875e-17,0.0,0.0,0.0,1.8431863641873706e-16,3.584242508842516e-17,0.0,2.101669765784132e-16,1.7033618586515107e-16,1.0277766818234015e-16,9.441696106426149e-17,4.7774285651323786e-17,0.0,2.978990735168773e-17,4.4436676854151474e-17,0.3028677379557685,0.0,0.0,0.0,0.0,0.0,4.1703495879350966e-19,1.6993618594936233e-16,1.340397657598591e-16
1.7181695065167889e-16,0.0,2.361343192508473e-17,0.0,5.351208636896426e-17,0.0,0.11748871720046034,0.0,0.0,0.0,2.0678414569276948e-16,0.0,7.367113713682715e-17,0.0,0.0,1.9180625981975355e-16,3.0529825909654706e-16,1.8627495859294508e-16,0.0,6.918859950365967e-17,0.0,0.0,3.166483033779558e-17,0.0,4.9508863696950864e-17,1.5949633500689632e-16,0.0,0.3045357830458883,2.0302336959032962e-16,0.0,5.1933490389251335e-17,0.0,4.9525939839216704e-17,3.934992764624608e-17,1.0587836044047431e-16,0.0,2.3328976570396767e-16,5.740292602686561e-17,0.0,0.0,0.0,3.747952673027271e-17,0.0,0.254571947503702,1.132184871491553e-16,5.587779645315757e-17,3.1123137200548483e-18,2.4394427501446065e-16,8.174493001808444e-17,0.0,0.0,1.1912648800104455e-16,0.0,1.4070420948149758e-16,0.0,7.126180025898268e-17,0.0,1.4985796528143402e-16,3.270391588638484e-17,4.961546284600489e-17,0.0,0.0,1.9966215716264034e-17,0.0,6.029478887707848e-17,0.0,5.4480687927275255e-17,4.298998764352055e-19,1.1180730253285734e-16,1.9873967385404426e-17,4.714572738174886e-17,0.0,2.2010088061021842e-17,0.0,6.284231069667703e-17,3.218511736850037e-17,0.0,0.0,0.0,0.0,0.0,5.555659707526455e-17,0.32340355224994527,5.721726886259012e-17,2.117757836107068e-16,0.0,0.0,0.0,5.599665946072009e-17,0.0,0.0
0.0,0.0,0.0,3.264431124561726e-17,2.2390372104404333e-16,0.0,0.11284222398781993,1.3159756153600572e-16,2.366488961729133e-17,1.303357596902184e-16,0.0,0.0,8.856810891148438e-18,0.0,7.593925148856998e-17,9.600125503120563e-17,9.858816480784802e-17,8.294324422992301e-17,0.0,1.4317789157615092e-16,0.0,2.1327362870017352e-16,3.89799654152386e-17,9.252637300415365e-17,0.0,2.856053752023023e-16,9.645941756555666e-17,0.3165537779125535,0.0,0.0,0.0,6.134421314168787e-17,0.0,1.5475018332569518e-16,5.500337578312297e-17,0.0,0.0,0.0,4.6840103918181694e-18,0.0,1.364493398510978e-16,1.5477078468653663e-16,8.404369208397343e-17,0.22666460820401174,0.0,0.0,0.0,0.0,0.0,0.0,2.7528315317976817e-17,0.0,0.0,0.0,0.0,7.128685050351424e-18,5.426780211502939e-17,0.0,0.0,8.290228368699163e-17,8.833903026381578e-18,0.0,0.0,8.222378427109326e-17,4.747943800934768e-17,0.0,7.255446318633898e-17,0.0,0.0,0.0,1.2385208067445103e-16,0.0,0.0,0.0,0.0,8.331547619360719e-17,1.3808473073942095e-16,0.0,4.389130568887046e-17,0.0,0.0,0.0,0.34393938989561124,8.262213351186265e-18,0.0,2.323884795920772e-17,0.0,0.0,0.0,0.0,1.2593116531481074e-16
0.0,1.916246098243595e-16,0.0,0.0,0.0,0.0,0.10819495327557085,4.458006439632234e-17,2.1690941809049662e-16,2.0754652145083427e-16,0.0,0.0,0.0,6.337698540955247e-17,0.0,6.62141062376547e-17,0.0,0.0,3.173095992384417e-17,1.1705420346508253e-16,0.0,1.0299110080867742e-16,5.70682534303972e-17,1.8999821059740412e-16,1.0662293413671177e-16,0.0,4.717700916516573e-17,0.3285717202200639,1.5719226113167657e-16,3.169162770360006e-17,1.184040545613163e-17,0.0,1.0474669574501367e-16,8.979231096600087e-17,5.4321649958380025e-17,0.0,0.0,0.0,6.493407155342469e-17,2.8741639067164726e-17,1.5789014987125453e-16,3.4590761801984863e-18,0.0,0.19875811099545254,0.0,0.0,7.432770377346082e-17,6.906352512541858e-18,0.0,0.0,1.6747475833659825e-16,0.0,0.0,0.0,1.2845512719396677e-16,7.897438858307458e-17,0.0,3.690009289549484e-16,0.0,0.0,4.2161046974484956e-17,0.0,6.825145803488352e-17,0.0,3.2211513483737796e-17,0.0,0.0,2.6262582033716375e-17,1.3082619821343621e-17,2.834005740296338e-16,8.894401351855192e-17,3.0934439811327835e-17,4.250373625614227e-17,8.648653788174586e-17,0.0,1.3675479290659967e-17,0.0,1.421790796037951e-16,7.402471630315408e-17,0.0,0.0,0.0,0.3644752155089089,0.0,0.0,0.0,0.0,0.0,0.0,1.5718220167774743e-17,0.0
0.0,2.0106605924860659e-16,4.358209341195531e-17,0.0,2.3980757346394236e-16,0.0,0.10354877196555996,0.0,1.8019911907429632e-16,1.4059677060023575e-16,5.168779422180414e-16,1.0938811103661434e-16,0.0,0.0,0.0,0.0,2.9179659851987502e-16,0.0,0.0,2.666477432373741e-16,9.461926227355266e-18,1.9203626455436645e-16,0.0,0.0,1.3537564215769803e-17,9.927669584488526e-17,0.0,0.3405898016175175,0.0,0.0,1.394224845691057e-16,0.0,0.0,4.5381516827916555e-17,8.771290120833648e-19,2.5772155922588206e-16,0.0,0.0,1.148248601269588e-16,0.0,3.593054028310816e-16,0.0,2.502968665718268e-16,0.17085042723582297,4.067508254631324e-17,2.586805909971371e-17,0.0,1.4671709384541857e-16,0.0,0.0,0.0,0.0,0.0,0.0,0.0,0.0,0.0,1.0092765467157443e-16,1.8895428931829526e-17,0.0,7.540533726487281e-17,5.1075590650197106e-17,1.7688348888061517e-16,1.7176077047738047e-16,0.0,0.0,0.0,8.376693109488618e-17,0.0,3.2335429341767547e-16,4.8566994381020055e-17,2.2886899927271774e-17,0.0,0.0,0.0,0.0,1.5874146238797428e-17,2.8218794212664493e-17,8.457658737302442e-17,2.2084948521164106e-17,2.0722303119469535e-17,3.705034345915588e-18,0.38501099918109444,0.0,4.01040441971225e-17,1.9096452666191725e-16,8.214400219086564e-18,0.0,0.0,6.691181291837527e-18,0.0
6.084721524809742e-17,0.0,2.1514946149338933e-16,0.0,0.0,9.808594169850592e-17,0.09890223924186577,0.0,0.0,1.716978218484891e-16,0.0,3.4807350863412706e-17,2.629646602804995e-16,0.0,9.122332958609011e-18,1.7336144900315163e-17,0.0,3.237261342015894e-16,1.252879903545727e-16,0.0,2.2417406960769627e-17,0.0,8.59888348018427e-18,0.0,0.0,0.0,0.0,0.3526078487678583,4.71694939416918e-17,8.480169734820284e-19,0.0,0.0,0.0,0.0,0.0,9.858504078066289e-17,0.0,2.6671597146221676e-16,0.0,0.0,0.0,0.0,2.0343544683850142e-16,0.14294312514925916,5.436635541712748e-17,0.0,3.065439083965176e-16,0.0,0.0,7.920424295145705e-17,2.2515578672185036e-16,1.7331436344780287e-16,0.0,1.6383951065812886e-16,0.0,0.0,3.499104223371052e-17,1.230730255343693e-16,1.4055703991430713e-16,0.0,0.0,5.1715224084612704e-17,6.276040305532451e-18,0.0,9.236644067996081e-17,0.0,0.0,3.117209124316632e-17,1.553817469036176e-16,9.692030291279523e-17,0.0,4.7328359694310954e-17,3.0334223312116816e-16,5.622443692845178e-18,4.127088065666213e-17,7.158572485433411e-17,0.0,8.066769339972941e-17,5.737339863999791e-17,0.0,2.1104616429868678e-17,5.557898332492085e-17,0.4055467868410118,1.2796341789470334e-16,0.0,4.8504557638086347e-17,2.53834275613522e-17,2.1029158085760584e-16,7.073221268193822e-17,1.4283933063443336e-16,0.0
0.0,0.0,0.0,0.0,3.240882605748474e-16,2.1357450626385377e-16,0.09425574142760794,1.703611243662679e-16,0.0,2.798590150624814e-16,0.0,0.0,2.702208595610002e-16,2.0459210255825413e-16,2.709859969678027e-16,0.0,0.0,0.0,0.0,2.9560148415313303e-17,0.0,3.3651910511537116e-16,0.0,1.425481007820965e-16,3.1358274437011104e-16,2.57205468165231e-16,0.0,0.3646259063982579,0.0,6.830906324835618e-17,3.4975507062060884e-17,2.990214245763433e-17,8.277320713689647e-17,8.901780036035948e-17,0.0,0.0,0.0,0.0,0.0,0.0,2.1140747588926015e-16,0.0,0.0,0.11503578442856316,0.0,0.0,1.2097300904593946e-16,1.0926553184982306e-16,5.4794277384562465e-18,0.0,0.0,0.0,0.0,3.2489066029926583e-18,0.0,1.1347781742076669e-17,2.6106179114395537e-16,0.0,0.0,0.0,0.0,0.0,0.0,0.0,8.183006179528457e-17,4.0212894004956634e-17,1.9834344964062892e-16,3.2460049760957327e-16,0.0,0.0,0.0,0.0,7.699150508126845e-17,8.060791877399784e-17,0.0,0.0,0.0,6.713036715570947e-17,0.0,0.0,7.117241269986175e-17,0.0,0.4260825677455661,0.0,0.0,0.0,1.093112504617052e-16,8.329582441762529e-17,0.0,0.0,5.134306143871185e-17
0.0,2.444723281872684e-16,0.0,0.0,0.0,8.610092148386884e-17,0.08960940520918538,2.1664675593237785e-16,0.0,1.6658181356006158e-16,0.0,1.6222610083999767e-16,1.5121470084785236e-17,0.0,3.2855542923034124e-17,8.490019484140274e-17,5.106943048567613e-16,1.0680552117380927e-17,2.2245571494210614e-17,9.447514884041634e-17,0.0,2.0006989104638222e-16,0.0,0.0,0.0,1.5866941946309651e-16,0.0,0.37664396172699777,1.4786639837043653e-17,7.71382873720153e-17,0.0,0.0,0.0,1.5918987469821214e-16,3.3268708279473985e-16,1.7161487057431532e-16,0.0,1.5832976807170748e-16,1.5647576988931058e-17,0.0,0.0,0.0,0.0,0.08712827003028689,1.900340918460955e-16,0.0,2.7577805597619963e-17,3.741054827302009e-16,0.0,8.94774791770986e-17,2.5129863552717204e-16,0.0,0.0,0.0,2.9992296483605455e-16,0.0,0.0,0.0,0.0,1.9079755409691552e-16,0.0,2.2133583159586034e-16,3.769117687089154e-16,6.423540241584434e-17,0.0,4.6021222179703844e-17,0.0,0.0,0.0,1.267956201551864e-16,0.0,1.1595572783743784e-16,3.2488409971438745e-16,5.131997787583274e-17,0.0,0.0,6.492164648424996e-17,0.0,1.6444850133186968e-17,0.0,0.0,0.0,0.44661836303352337,2.2418847546132873e-17,4.5728531272522095e-17,2.913897936621736e-16,6.94126477720973e-17,1.0902378453836634e-16,4.13430871804783e-17,0.0,3.090502706846818e-16
9.295990610366511e-17,3.2315064010362696e-16,0.0,0.0,0.0,1.0369400076192792e-16,0.08496290748452372,0.0,0.0,0.0,9.088703382296488e-17,7.273502848704734e-18,5.354360781922916e-17,1.5936335234634977e-16,9.334665317414987e-18,0.0,0.0,1.6761368151516603e-16,0.0,0.0,0.0,0.0,0.0,0.0,1.5972938939554967e-16,0.0,2.481006260506097e-17,0.38866201242882376,0.0,0.0,3.9713357082637435e-16,5.4902258470929906e-17,0.0,2.1449446794482303e-16,0.0,0.0,0.0,1.072849014885426e-16,1.1666159693499022e-16,2.6652140566529263e-16,8.900749429808141e-17,0.0,0.0,0.05922092991672626,1.0795975739634248e-16,1.8296312037890207e-16,7.080296041233296e-17,0.0,2.9052663739244303e-16,2.290305424791102e-16,2.0220667472355725e-16,6.449856423818653e-17,8.858394143676491e-17,0.0,0.0,0.0,1.2144302672691496e-16,0.0,0.0,7.889864255452975e-17,0.0,3.7834550901998946e-16,5.526573590814765e-16,1.0935968097547713e-16,0.0,0.0,3.3502833538890004e-16,0.0,8.033063467349978e-17,1.6870586559898922e-16,9.829248907487782e-17,0.0,0.0,0.0,0.0,0.0,0.0,6.529656151237198e-17,0.0,1.861703483295856e-17,7.067685022570364e-16,1.3641072225000313e-16,0.4671541501699193,1.1448590113404404e-16,1.4204551897481688e-16,1.769842560298025e-16,3.47000254105169e-18,0.0,7.782609419082027e-18,0.0,6.943177256178e-17
0.0,4.466103539098209e-16,7.904504815814691e-17,1.361512261252132e-16,0.0,1.6139110900877645e-16,0.08031647231241629,2.263639947289125e-16,0.0,1.01698919377304e-16,0.0,0.0,0.0,0.0,0.0,2.5759932250254694e-16,1.5498142492355084e-16,3.0160128916336476e-18,1.494297897778498e-16,3.0014454679162934e-16,2.8164770797317713e-16,0.0,1.9796294909527984e-16,1.3167381171176768e-16,1.7513884135677137e-16,0.0,0.0,0.40068000381026203,0.0,0.0,6.619582558127837e-17,9.072957559294091e-17,2.2066069349205017e-16,1.0551873454869611e-16,3.8053905676939636e-16,2.1342378671745596e-16,0.0,0.0,1.573823357768924e-16,1.6949622692119928e-16,0.0,0.0,0.0,0.031313528507049534,3.81500496799336e-17,1.4931216062079982e-16,1.6801705206511472e-16,0.0,0.0,2.142641759215547e-16,0.0,2.2099377243014196e-16,1.4555405038711603e-17,0.0,2.573075390828757e-16,0.0,7.760719797561824e-18,0.0,6.202781708763736e-17,2.1690206445059891e-16,1.3349010112681896e-16,0.0,0.0,7.160739787284271e-17,1.3667195546445207e-16,0.0,1.782767465026625e-16,0.0,1.9534897808866003e-16,1.0730486827546769e-16,0.0,0.0,0.0,0.0,2.2820612618586957e-16,1.9170654346240105e-16,0.0,5.724633669251665e-17,7.899790947370607e-17,1.9531070488981194e-16,1.6021356028768492e-16,0.0,0.4876899953702643,2.0816523572282484e-17,2.6098719169065073e-17,3.256545520747769e-16,0.0,0.0,4.463443110838052e-17,0.0,2.0847083397704545e-16
0.0,0.0,0.0,2.349899495226357e-16,2.0900788577741705e-16,1.9983146588138703e-16,0.07566991088368119,5.926106239921167e-16,1.1842089420473923e-16,0.0,0.0,0.0,0.0,3.982004015645648e-17,0.0,1.8985869804401367e-16,4.2757018595809457e-16,0.0,3.205173240547947e-18,0.0,0.0,0.0,0.0,2.6536743790445833e-16,0.0,0.0,8.814907571620485e-17,0.412698022707282,0.0,3.8383094960054985e-17,1.0350453763914098e-16,2.456930280584948e-16,0.0,0.0,3.7410536201455514e-16,0.0,0.0,3.9845140987035316e-16,1.3366582627118318e-16,0.0,0.0,2.0586867170565454e-16,1.9361859565795103e-16,0.0034062601821535604,6.29684142559347e-17,0.0,4.3749267490425585e-16,0.0,2.422886121353604e-17,1.8871690771487792e-16,0.0,0.0,0.0,7.474494927269673e-17,0.0,0.0,1.1008394648676841e-16,1.5989244477037262e-16,1.9660394348393221e-16,3.814329877952584e-17,0.0,0.0,0.0,0.0,0.0,0.0,0.0,7.117033496578867e-17,1.6141363846131806e-16,2.0582867113419796e-17,4.740708613264433e-17,0.0,0.0,0.0,0.0,0.0,5.247157045212238e-17,1.9589321501398572e-17,1.182737027005136e-16,0.0,3.429359931650624e-16,0.0,0.508225806226876,0.0,0.0,1.2694658378247994e-16,0.0,0.0,8.752105093079337e-17,3.643429677271281e-16,3.50078059190728e-16
2.021676598547088e-17,0.0,0.0,0.0,0.0,0.0,0.04833081569467817,0.0,1.568057280260277e-16,1.9602369352296103e-16,1.2705672299540264e-16,0.0,0.0,0.0,0.0,0.0,0.0,1.0519761492653184e-16,0.0,4.571553070900394e-16,1.1381615608221599e-16,0.0,0.0,1.908428301960922e-16,1.4056427298396373e-16,0.0,1.4407212205783398e-16,0.4239376457144273,0.0,2.1396189416561187e-16,0.0,0.0,0.0,0.0,1.3404369373580418e-16,4.3351945479701957e-16,1.4669395115475343e-16,6.003772647758707e-16,8.833373282967803e-17,0.0,3.3432605335934945e-16,0.0,0.0,1.11673969252097e-16,0.0,0.0,1.9824400175932557e-16,2.0615419045495028e-16,0.0,2.443019532018313e-16,6.964824928586358e-16,3.448134884744604e-16,1.0521699493403042e-16,1.6739276417282238e-16,0.0,1.8058943965140593e-17,0.0,9.543489832116385e-17,0.0,0.0,1.8452002880689566e-16,1.8283810637504986e-16,2.5914004899589825e-16,3.0304191668019345e-17,0.0,2.643628267169656e-16,0.0,0.0,0.0,0.0,8.396734801220579e-17,1.0160063842637411e-16,1.0920530434057511e-16,0.0,0.0,0.0,0.0,1.657283115836806e-16,3.32722720022749e-16,3.588275989059967e-16,4.3751476349975933e-16,0.0,0.5277315385908856,0.0,3.983357783446951e-17,0.0,3.398106648220942e-17,7.820141057148106e-17,0.0,4.986121628055881e-16,4.8466700468560456e-17
0.0,0.0,4.104475271090429e-16,0.0,4.777428098873479e-16,0.0,0.017836886143936387,0.0,1.6929008759176251e-16,0.0,1.2232570703379074e-16,4.04300193946606e-16,5.486352262937064e-17,5.100964673822985e-17,0.0,0.0,8.383674761729368e-16,2.236601423567235e-16,0.0,1.3164522809423406e-16,3.216922334726489e-16,0.0,2.6552774615988286e-16,0.0,7.260834617747078e-17,0.0,0.0,0.4350690295894436,0.0,0.0,0.0,0.0,0.0,6.9013319170784e-19,0.0,0.0,0.0,0.0,7.06186880156133e-17,0.0,1.7281314059293805e-17,1.4657806492593233e-16,1.2786055490791777e-16,0.0,0.0,0.0,0.0,0.0,2.35773381728201e-16,2.1364698433978043e-17,2.6219257932844124e-16,4.2070874831682175e-16,1.5917988612859066e-16,8.27416098408646e-17,2.5558273147096443e-16,2.7588419492601766e-16,1.1080912212134299e-16,0.0,3.6424346158151963e-16,0.0,2.2238350806971173e-16,4.595251823683456e-18,0.0,2.7679617007477206e-16,0.0,0.0,1.6362403926043018e-16,1.3765565855785668e-16,0.0,0.0,0.0,0.0,5.038491143923965e-18,0.0,0.0,2.934860995791072e-16,0.0,8.445662179310513e-17,1.11033756338572e-16,3.185684776552245e-16,0.0,0.0,0.5470940842666112,1.345182530818565e-16,2.458556144653972e-18,0.0,4.010918308670354e-17,0.0,3.043836406141803e-16,0.0,6.254118252981099e-16
4.683753385136964e-16,0.0,3.2300551122685285e-15,0.0,1.8995222061944353e-15,2.503205975834311e-15,0.0,0.0,0.0,0.0,3.642919299550972e-16,8.985867605559064e-16,0.0,0.0,0.0,2.5934115965850967e-15,1.8006429680637664e-15,4.36456426555726e-15,3.4208746946259607e-15,9.523631883111827e-16,3.122502256757976e-17,0.0,0.0,9.90527104782669e-16,0.0,2.371366991660085e-15,0.0,0.3120558504685124,0.0,8.881784197000465e-16,7.788908407135174e-16,2.1302404284993306e-15,0.0,0.0,0.0,0.0,3.701899897734178e-15,3.2456676235523185e-15,0.0,0.0,3.793840241960941e-15,1.210836986231704e-15,1.3686968225455795e-15,5.485195631038178e-15,1.6583956430336807e-15,0.0,0.0,0.0,0.0,1.6792123247454006e-15,0.0,0.0,0.0,2.2759572004813694e-15,2.452898995030988e-15,4.102621020684785e-15,0.0,0.0,0.0,1.1206313654809182e-15,0.0,9.471590178832529e-16,0.0,0.0,0.0,0.0,2.020952849512801e-15,1.77809156287607e-15,0.0,2.5500435096856804e-15,5.863365348801088e-16,0.0,1.2698175844149104e-15,0.0,1.1379786002406847e-15,1.4051260155410893e-15,3.382710778154474e-15,0.0,0.0,1.6792123247454006e-15,9.66240976118996e-16,4.2500725161428007e-16,0.6879441495313992,1.7728873924481399e-15,8.552186736564902e-16,0.0,2.3800406090399683e-15,0.0,5.568462357885058e-16,0.0,2.704433899047603e-15
0.0,4.083655465048522e-15,0.0,1.3042791281785094e-14,0.0,1.1526181651651659e-15,4.283963227604174e-18,4.1874325475390886e-18,6.3534610771113075e-18,5.847957308179173e-15,6.42365846442568e-15,1.4128196798972916e-14,3.428289592643982e-15,0.0,7.756201355586731e-15,1.2535298489986114e-15,0.0,2.958429696428799e-15,3.748744601314489e-15,4.466058086873368e-18,2.5971990760983495e-16,3.628205818710591e-15,0.0,5.523160045595343e-18,3.1117297922118526e-15,0.0,1.1337971157814407e-14,2.652418242156336e-15,1.1385586201945372e-14,4.075823823155439e-15,7.074272679440476e-15,1.119511710188354e-14,1.3484721202958814e-18,0.0,5.712332220445201e-18,1.2303357648619133e-18,1.2004074799969287e-14,3.3216040322163728e-15,1.6263173695261596e-18,9.562515574799907e-20,3.7251221385520755e-15,0.0,2.0385426413604112e-15,8.590864125099479e-18,2.1479480018630622e-18,2.059446319331102e-15,6.853419331590501e-19,6.72317534847271e-18,0.0,0.0,4.649505795568886e-15,4.444059886679205e-18,8.790385817572023e-15,6.48211635614718e-16,3.878490258890056e-15,1.4450372583948951e-18,1.122411318121483e-18,7.975345073959772e-16,3.1575558870747598e-18,1.2643764071902601e-14,0.0,3.2857104206330544e-15,1.2973320293946078e-16,6.820486030592708e-15,0.0,1.0729936887082201e-14,9.60709049993562e-16,0.0,0.0,7.295172293778671e-19,5.33771448926748e-15,6.365885066193578e-16,2.244987532207396e-15,1.9233514068597866e-15,1.2469341144007684e-18,2.704025104741727e-15,2.4007215822108744e-15,4.351783687207024e-15,1.509928841567666e-15,1.0069885501487124e-17,1.8816988082948147e-19,3.785553205738571e-19,0.9999999999997701,0.0,7.388096520033544e-19,5.535790029938335e-15,9.621733845502053e-16,1.7206856459749535e-15,0.0,5.2554153224636084e-15,6.272336440198534e-18
