ticker,CAPM_alpha_pct_per_month,CAPM_alpha_t_ols,CAPM_alpha_z_hac12,CAPM_r_squared,CAPM_beta_MKT_RF,FF3_alpha_pct_per_month,FF3_alpha_t_ols,FF3_alpha_z_hac12,FF3_r_squared,FF3_beta_MKT_RF,FF3_beta_SMB,FF3_beta_HML,FF5_alpha_pct_per_month,FF5_alpha_t_ols,FF5_alpha_z_hac12,FF5_r_squared,FF5_beta_MKT_RF,FF5_beta_SMB_FF5,FF5_beta_HML,FF5_beta_RMW,FF5_beta_CMA
ACB.HM,0.3600496601,0.6429316021,0.8665576932,0.4202577917,0.656226014,0.3235854922,0.5625546287,0.637321908,0.4227124616,0.636048067,-0.04224324685,0.04042833791,0.3276383322,0.650045141,1.142902671,0.5738409101,0.7111823452,-0.1592443333,0.02623432072,0.4621650858,-0.1483073673
BHN.HM,-1.316123348,-2.527286168,-3.908927511,0.1868481852,0.3435707486,-1.2690132,-2.429057931,-4.091114441,0.2275903863,0.3858915728,0.1939178086,-0.058895191,-1.274635268,-2.396436127,-4.093096024,0.2302367836,0.4107979845,0.1943277897,-0.08361807253,-0.002877907424,0.06267510247
BID.HM,0.591974607,0.5444865135,0.6931104314,0.3095770089,1.001977714,0.60112462,0.5558069428,0.6097719221,0.3551357712,0.9532648535,-0.4504718415,0.01190438165,0.8232542507,0.9161552489,1.133870956,0.5720008777,1.324689755,-0.5574525058,-0.007246900987,0.8369081052,0.4467795768
BVH.HM,0.2551126693,0.2637931573,0.4322141307,0.217330738,0.7013831418,0.2497996861,0.2563315934,0.3396132295,0.2498905693,0.7363205667,0.3186028423,-0.009639811175,0.443040231,0.5135627879,0.5341249573,0.4348415442,1.087258515,0.2903787919,-0.07491291203,0.2228587982,0.8786656998
BWE.HM,0.6908018997,0.967546538,1.041662492,0.02807766752,0.1670174222,0.6585497305,0.96190207,1.144286058,0.1564952692,0.2011152057,0.4080079105,0.0144601208,0.6110181314,0.8870140217,1.090774007,0.1789961636,0.1772113418,0.4340459732,-0.02436886634,-0.1675439816,0.03642942262
CTG.HM,0.2429300111,0.3429533938,0.3809528231,0.4668722838,0.9123151029,0.2471002282,0.3469603882,0.3567271516,0.4913377816,0.885476714,-0.2450644438,0.007326789666,0.3257872894,0.4745926442,0.5544470074,0.5456452029,1.008950683,-0.2897530841,0.009217069308,0.3329023939,0.1083927071
DCM.HM,1.37264909,0.9764763892,1.119448037,0.2085255174,0.9930573003,1.106439396,1.06177779,1.277808933,0.5894810647,1.050450549,1.446714281,0.2112183274,1.130502214,1.170680578,1.658413877,0.6610488706,1.335376119,1.513557611,0.0009677173462,-0.006417334736,0.7240130678
DHG.HM,0.2135473529,0.2925340769,0.4024223621,0.1623611018,0.4423292804,0.04839772786,0.06967564544,0.09422144274,0.2841645991,0.4117679248,0.3301971181,0.158163846,0.04740607704,0.06953304006,0.08924050551,0.3369646253,0.5035604516,0.3911376408,0.07548603507,0.1437765345,0.07015221856
DIG.HM,0.1617644987,0.07715601462,0.06159178049,0.3394375541,2.068482343,-0.5698767833,-0.3457335378,-0.4151406237,0.6146372117,1.959207425,1.686756289,0.6899846035,-0.7422275016,-0.4667825883,-0.5841523744,0.6552045478,2.018292636,1.883566283,0.423856938,-0.1256782302,0.01168147109
DPM.HM,1.634036388,1.081158439,0.9430618718,0.176077879,0.9616058174,1.252204493,1.05098415,0.9306480306,0.5167148715,0.9595053095,1.351241862,0.3375703958,1.380392758,1.355291852,1.676151708,0.6604444679,1.329761975,1.504175356,0.1383741531,-0.245989734,1.191354561
DXG.HM,-0.01664367771,-0.01145403452,-0.01172404487,0.4652014201,1.865226542,-0.4565215062,-0.4084800168,-0.6600162214,0.7013975787,1.831461319,1.2879044,0.4017398577,-0.7647733357,-0.7025808417,-0.875864893,0.7276601372,1.641552977,1.196169639,0.2665015148,0.06250171115,-0.7350264192
EIB.HM,0.4738219602,0.3120099554,0.6418254584,0.03055563716,0.3710618835,0.1558598017,0.1063719377,0.2341856769,0.148180913,0.3106792332,0.6224985717,0.3051450908,0.05017902467,0.03363044043,0.0664759607,0.1507443135,0.2188952212,0.5937489228,0.2719292577,-0.2660814485,-0.06261231923
FPT.HM,0.6100378676,0.6981519004,0.4588305815,0.1850832249,0.5731247368,0.8977286636,1.096028484,0.7859233015,0.3241507016,0.7546639762,0.5248408101,-0.328127281,0.8910169259,1.133745976,1.113305237,0.4017680161,0.9083703158,0.4663278537,-0.428500186,0.4061899544,0.06223646988
GAS.HM,0.4614485581,0.3175945414,0.5135258294,0.121763453,0.7445920112,0.6172626435,0.4220012557,0.6801855875,0.1599070738,0.7647516742,-0.3859030288,-0.1456666576,1.092600378,1.003504465,1.110983858,0.5524673008,1.466779484,-0.4323884058,-0.1849252163,0.7173891373,1.575134311
GEX.HM,2.146165641,1.062744433,1.550809157,0.3337033578,1.966963309,1.380635242,0.7937174081,1.330328426,0.533417149,1.783169498,1.169364336,0.750422903,0.8364720932,0.54553346,1.050351112,0.6514310703,1.147331391,1.072803095,0.7112531929,-0.4985696033,-1.567369099
GMD.HM,1.283031083,1.341519466,1.638610084,0.2162737116,0.691473024,1.047501833,1.152228856,1.432661212,0.331625376,0.641140004,0.4130583319,0.2283331201,1.096196874,1.208830448,1.55346636,0.3606184871,0.7889751281,0.4047935049,0.167181484,0.07179710294,0.3623199502
HAG.HM,2.157170202,1.063923616,1.262809903,0.1260223059,1.059651077,1.62328658,0.8668425255,1.352794838,0.2963345181,0.9597842257,1.058260097,0.5117393634,1.239918877,0.6997620833,0.8345517456,0.3942856376,0.6402121091,1.141213028,0.3569475401,-0.01168174854,-1.170776832
HCM.HM,0.4714202087,0.429531791,0.4634717894,0.5053235502,1.526695475,0.2240526992,0.2148904228,0.2242339481,0.5786281139,1.482141121,0.5050561869,0.2364030502,0.03110316766,0.03087961158,0.03535798188,0.6219138454,1.326204379,0.4983478733,0.1684416433,0.07454541384,-0.6196007079
HDB.HM,1.099575904,1.203697649,1.99397323,0.3893549783,1.00392586,1.02705625,1.096681533,1.692094717,0.3942346009,0.9607533823,-0.1101011712,0.08165113626,0.9524385277,1.043749568,2.233056052,0.4470520795,0.8988759041,-0.1698839985,0.07714123523,0.3175194914,-0.4700346053
HDG.HM,0.2930948362,0.2367845663,0.2575851172,0.2211551716,0.907806397,-0.1512472241,-0.1476049025,-0.1803298741,0.4962460118,0.8226271904,0.8630941221,0.4267571358,-0.2676227514,-0.2589362062,-0.2965299191,0.5072443523,0.847111924,0.816664093,0.3090168475,0.1923869016,-0.1731768029
HPG.HM,-0.4663965957,-0.5411276971,-0.6046694114,0.4830802916,1.146750945,-0.5512504678,-0.6353598727,-0.7924668055,0.5056049684,1.138920174,0.2371461361,0.07803706817,-0.5926039319,-0.6696990913,-0.9915923148,0.5055626939,1.13952654,0.1635833403,0.05763640636,0.1253056981,-0.09911525654
HSG.HM,-1.291891779,-1.056441003,-0.9791482987,0.4547144376,1.536928421,-1.366869025,-1.215325731,-1.193287523,0.5646540655,1.605851772,0.8598116843,0.03785711646,-1.400372763,-1.215353346,-1.222616334,0.5606869185,1.724987561,0.7810839108,-0.06364071446,0.1415618453,0.2034806156
HVN.HM,0.994155581,0.5429616285,0.5404659562,0.09171327454,0.8007652463,0.9256126484,0.5020510164,0.494925102,0.1308009524,0.8404067622,0.5856782844,0.04418922193,0.8487694294,0.4488791357,0.4626300614,0.1209716673,0.835242896,0.4627941922,0.003985946566,0.06972621102,-0.061284415
KBC.HM,0.07172984476,0.05985749171,0.06900252559,0.4739823946,1.565588873,-0.7071828109,-0.7189262525,-1.505658444,0.6654692226,1.257099234,0.1482219659,0.8133511218,-0.7826188901,-0.8027086811,-1.601256236,0.6840255411,1.141027119,0.2449353583,0.7977036085,-0.2708281994,-0.1747544082
KDC.HM,0.05300419925,0.0696154754,0.1324983027,0.0006107120416,-0.02590423462,-0.06482161244,-0.08346599249,-0.1994176987,0.01859084724,-0.08025012673,-0.04343291143,0.1261845571,-0.07246456481,-0.0917225755,-0.2059846987,0.02354027439,-0.08164933516,-0.04340225715,0.1215318566,0.08012294526,-0.082192964
KDH.HM,-0.4684971623,-0.4521177136,-0.4409920052,0.3959970412,1.154774708,-0.754506468,-0.7318064244,-0.7287391496,0.4356279107,1.041471317,0.05417760785,0.2986666462,-0.7478501598,-0.7241118401,-0.8123336182,0.4555277055,1.11314401,-0.005505613561,0.2721372105,0.307620608,-0.050490199
LGC.HM,0.6424164265,0.6698014995,1.20361837,0.0003983160281,-0.0263503451,0.4921632636,0.5039266618,0.7195079255,0.02169674942,-0.08558169974,0.03096422984,0.1567829491,0.579961876,0.5935396731,0.6836880849,0.05851145389,0.04474964448,0.07372607058,0.1337809565,0.01479225808,0.3677450198
LPB.HM,2.472864149,1.988971298,1.750119346,0.1739983118,0.7853607197,2.361517968,1.858690736,1.601213279,0.1858404208,0.7127614946,-0.2231713988,0.127954829,2.252797751,1.815065416,1.89645758,0.2529889708,0.575507423,-0.3724022883,0.1693506161,0.3229797778,-0.6426432804
MBB.HM,0.5919603519,0.7867877183,1.265757097,0.5392795941,1.12031126,0.4649938139,0.6113011925,0.7754938914,0.5555170931,1.045241384,-0.1883398571,0.1427422683,0.513368851,0.7946023654,1.49763275,0.6917121611,1.188107924,-0.3366423499,0.1325428606,0.6515720864,-0.08992680385
MCH.HM,1.740785701,1.200051239,0.996309425,0.08980975529,0.6271285508,2.174587322,1.512616024,1.307738088,0.1561965606,0.8471425621,0.3307658846,-0.4727468603,2.09405424,1.45561967,1.370697804,0.1876356135,0.8636687644,0.3094254585,-0.5516300988,0.3488274054,-0.322872066
