Date,MKT_RF,SMB,HML,SMB_FF5,RMW,CMA,RF,MARKET,period
2018-07-31,-0.007407086697220962,0.030872702933344348,0.04583839788944515,,,,0.002807086697220962,-0.0046,2018
2018-08-31,0.031243153737085243,-0.03983588810437406,-0.009714462000196437,,,,0.003456846262914759,0.0347,2018
2018-09-30,0.024464015742659627,-0.0009805009094738595,0.08077673880525198,,,,0.0034359842573403743,0.0279,2018
2018-10-31,-0.10416429023954786,0.01998661924319077,-0.025096451386913368,,,,0.0035642902395478515,-0.10060000000000001,2018
2018-11-30,0.009497725987322214,0.006016577463037443,0.008954295526580443,,,,0.003402274012677786,0.0129,2018
2018-12-31,-0.040038832873566396,-0.008021734875275507,0.04211628607004368,,,,0.0033388328735663997,-0.036699999999999997,2018
2019-01-31,0.017564047677453468,-0.013325659498463264,0.029779579751461942,,,,0.002735952322546531,0.0203,2018
2019-02-28,0.0577783492757555,-0.018614345975699442,0.017418641992278657,,,,0.002421650724244495,0.0602,2018
2019-03-31,0.013140093488620073,-0.03799906209756687,0.02570110229779641,,,,0.002659906511379928,0.0158,2018
2019-04-30,-0.0037121432022319094,0.029226565830414962,-0.04595410974088507,,,,0.002612143202231909,-0.0011,2018
2019-05-31,-0.02283481365591378,0.010380932856279602,0.014194766173387913,,,,0.0026348136559137814,-0.0202,2018
2019-06-30,-0.013042099390130825,0.034441795591972704,-0.047231673239977824,,,,0.0026420993901308254,-0.0104,2018
2019-07-31,0.041490521899510024,-0.010311793057808265,-0.06524017768786558,,,,0.00240947810048997,0.043899999999999995,2019
2019-08-31,-0.009979535503498354,0.013285950144852864,-0.000538968211384625,,,,0.0022795355034983533,-0.0077,2019
2019-09-30,0.010363591808142458,-0.02916440166907843,0.0303474059554679,,,,0.002336408191857542,0.0127,2019
2019-10-31,0.0005012360018774899,0.004475720584144164,-0.0249267978639766,,,,0.00179876399812251,0.0023,2019
2019-11-30,-0.029866077283382517,0.016094531455480933,-0.00035168006511777233,,,,0.0017660772833825167,-0.0281,2019
2019-12-31,-0.011327512008683096,-0.00873785003811511,0.020539943150431866,,,,0.001227512008683096,-0.0101,2019
2020-01-31,-0.02665381744152375,-0.042888394183118045,0.00971620073549341,,,,0.0012538174415237524,-0.0254,2019
2020-02-29,-0.05959678300487732,-0.06937671566622786,0.1579588925772115,,,,0.0014967830048773223,-0.0581,2019
2020-03-31,-0.25116731097706346,0.05899277881166745,-0.032302916951209376,,,,0.0021673109770634635,-0.249,2019
2020-04-30,0.15935240758975117,-0.006596294398429903,0.12202361872472745,,,,0.0015475924102488214,0.1609,2019
2020-05-31,0.12321589040716818,-0.011425287570657985,0.026918636665151374,,,,0.0007841095928318165,0.124,2019
2020-06-30,-0.04599614388529351,0.03755763323508798,0.0319680803540941,,,,0.0004961438852935096,-0.0455,2019
2020-07-31,-0.03282649812276108,-0.01510168861573409,-0.03539996216326505,,0.011334142547551052,,0.00042649812276107646,-0.032400000000000005,2020
2020-08-31,0.10395648309831346,-0.01618346920262169,0.0692313646360069,,-0.026674700894279216,,0.0003435169016865469,0.1043,2020
2020-09-30,0.026477771820805625,-0.0053910996071379474,0.06101800966494856,,-0.03637775486525546,,0.00022222817919437254,0.026699999999999998,2020
2020-10-31,0.022137878223416535,-0.058470380185612396,-0.013245041716290214,,0.01321072809114034,,0.00026212177658346825,0.022400000000000003,2020
2020-11-30,0.08365532951871804,0.024658704264861428,0.01465036691592736,,0.016134703244659404,,0.0002446704812819611,0.0839,2020
2020-12-31,0.1002470189603992,-0.005445125651971916,0.19009200255427638,,-0.02636409021023768,,0.0002529810396008081,0.1005,2020
2021-01-31,-0.04306876900822082,0.037635250683409865,-0.021332743595170938,,0.02539026543347448,,0.00026876900822081495,-0.042800000000000005,2020
2021-02-28,0.10558720535084365,-0.040577334442350274,0.06402244201426827,,-0.02448320973275042,,0.0003127946491563449,0.1059,2020
2021-03-31,0.01940963084415798,0.005418791457568316,0.04049590823547398,,-0.04979792884453597,,0.0002903691558420185,0.0197,2020
2021-04-30,0.03988388352582326,-0.08328239018617417,-0.003416526870752813,,0.024981310105389253,,0.00031611647417673083,0.04019999999999999,2020
2021-05-31,0.07096656781057809,-0.029817361845268578,0.17609940648215774,,-0.09046920930888123,,0.0005334321894219229,0.07150000000000001,2020
2021-06-30,0.06019258085462443,-0.0016014075834848984,0.046136284560191254,,0.027134875662510313,,0.0004074191453755649,0.060599999999999994,2020
2021-07-31,-0.07027671847656129,0.04300887644854863,-0.029942909499180027,0.04309369770716717,0.03783917233810118,0.0024027069507677537,0.00037671847656128854,-0.0699,2021
2021-08-31,0.01606727622059026,0.033194398063589634,0.18622951830601966,0.09055175311382697,-0.03849199020681323,0.07678578434299092,0.0003327237794097382,0.016399999999999998,2021
2021-09-30,0.007488938958595696,0.0024773136558960823,-0.009639839905969633,0.0014513058275953878,0.0008137809661223679,0.036598502265114526,0.0005110610414043038,0.008,2021
2021-10-31,0.07571380224479758,0.017759215771244008,0.06861782807512254,0.03234629176130665,0.0001233274242109783,0.05008459667311721,0.00048619775520242214,0.0762,2021
2021-11-30,0.023217946786698144,0.09641343706133175,0.06702545883769696,0.12431248894086322,-0.009032963200390251,-0.09319998953135811,0.00048205321330185846,0.023700000000000002,2021
2021-12-31,0.012806110388831648,-0.019119044289220823,0.11793469630660085,0.02710824024884893,0.047621789314113476,0.01390231858913002,0.0005938896111683523,0.0134,2021
2022-01-31,-0.013421833021737583,-0.08696744485019389,-0.06509601230160543,-0.10651282019937114,0.05086261212121644,0.0259779458869787,0.0005218330217375833,-0.0129,2021
2022-02-28,0.006454741503962584,0.09661164803572615,0.07298892803197973,0.11334082379991726,0.010249925859687922,0.0574348032221019,0.0011452584960374157,0.0076,2021
2022-03-31,-2.5438091318342668e-05,0.10930334220823781,-0.018186310457642192,0.10382093203172331,-0.05397669492132031,0.021299237992191224,0.0014254380913183429,0.0014000000000000002,2021
2022-04-30,-0.08564012378199452,-0.03115825607534045,-0.10187918084971842,-0.05769209566636835,0.00991593528766782,0.01620697264223067,0.001640123781994518,-0.084,2021
2022-05-31,-0.055921931600420444,-0.057950197838207713,0.06539848415301651,-0.03972728912350167,-0.007031791624862185,0.05034434579370738,0.0017219316004204455,-0.0542,2021
2022-06-30,-0.0752106549662962,-0.01335477823961232,0.010286710497527982,-0.007557242997757792,-0.03665621039720738,0.02459667607019464,0.0016106549662961989,-0.0736,2021
2022-07-31,0.0050481011873137185,0.017377894048013365,0.0641597777685741,0.022372184674624467,0.04698581985740493,-0.02705931167335577,0.0022518988126862816,0.0073,2022
2022-08-31,0.05924241059507852,0.016663957510286972,-0.006724346615454055,0.013482917757839436,0.012420486894924754,0.01927280381355248,0.0022575894049214895,0.061500000000000006,2022
2022-09-30,-0.1197666983683251,0.013035001372491556,-0.05342081982962636,0.006757091188422451,-0.02041728639781802,0.018965687781832705,0.0038666983683250944,-0.1159,2022
2022-10-31,-0.09607810811781539,-0.02664410845121412,-0.11597597727910064,-0.03235129592085408,0.03617342251428789,0.09384543758255379,0.004078108117815393,-0.092,2022
2022-11-30,0.01584261231927961,-0.10845119884995136,0.09386229680835495,-0.0965419404230146,-0.043325717848785056,-0.023418938800983446,0.004057387680720392,0.0199,2022
2022-12-31,-0.043383233744486945,0.04429416693042383,0.05552176543328989,0.049363620410079245,0.018041323418075628,0.01836676977189245,0.003983233744486947,-0.0394,2022
2023-01-31,0.09973239429164688,-0.017037622391839383,0.04978705060671951,-0.007496197075921899,0.06668583874658181,-0.0449091337410583,0.0036676057083531166,0.10339999999999999,2022
2023-02-28,-0.08111874736908856,0.014266432733456652,-0.05996482123965945,0.010871027404489059,0.049206701025288825,0.03332793772598286,0.0033187473690885483,-0.07780000000000001,2022
2023-03-31,0.03639757443288468,-0.029124149651912717,0.09351091879930627,-0.018965897603627328,-0.0041225720406506475,-0.013078981062846974,0.0026024255671153185,0.039,2022
2023-04-30,-0.016892538105077348,0.053771063879332545,0.015287920279800587,0.05752445492942102,-0.010347995758784393,-0.04820259335416191,0.0022925381050773463,-0.0146,2022
2023-05-31,0.022577372705642928,0.031719865790610965,0.001369529159608092,0.02954790950400432,0.034702370775373095,-0.041076951634004565,0.0022226272943570713,0.0248,2022
2023-06-30,0.039973869787784014,-0.0034083112847156927,0.013469261854141303,0.0008310451981778447,0.034948623802580556,-0.036251032577978126,0.001926130212215993,0.04190000000000001,2022
2023-07-31,0.09011145290591249,0.02089742415936849,0.028870071408818587,0.021720844024579505,0.021771981500803075,-0.06669057908900389,0.0015885470940875113,0.0917,2023
2023-08-31,-0.0006811766103492886,0.024593142047785455,0.007086974255082645,0.021053576509179217,-0.026764487288222907,-0.06084532628131018,0.0015811766103492886,0.0009,2023
2023-09-30,-0.05867462456834434,0.030574560037311235,-0.008451895465041506,0.03410652965142912,0.091549846073244,-0.01935158422941067,0.0015746245683443405,-0.0571,2023
2023-10-31,-0.11076631028095688,-0.015055257399149868,-0.04645144686072626,-0.01585118359120451,0.00713116002098059,0.08449782212915716,0.001666310280956873,-0.1091,2023
2023-11-30,0.06255240758975118,0.10357228981236492,0.056368225421171425,0.10400792043379226,-0.013371087559009717,-0.0805772264131306,0.0015475924102488214,0.0641,2023
2023-12-31,0.031230272277836417,0.01795306476652655,-0.0054862684478284435,0.018129600777637603,-0.007745470972462233,-0.015591418314708422,0.001469727722163583,0.0327,2023
2024-01-31,0.029277785814677566,-0.01699791558231108,-0.015028128433234988,-0.00759240609789516,0.051053176565185765,0.018870982358402785,0.0011222141853224343,0.0304,2023
2024-02-29,0.07477531650227812,-0.03160366065226502,-0.03033945719763604,-0.03190778465763302,0.05827905757205146,0.007983522246418295,0.001124683497721879,0.0759,2023
2024-03-31,0.023577843479359296,0.04869457552428472,-0.002960974426497315,0.045449598790934596,0.006202903265121976,-0.02400932508187023,0.001422156520640705,0.025,2023
2024-04-30,-0.059754854614267175,-0.024915674024014234,-0.03356355802221761,-0.0267453762723845,0.018884395056225085,0.0083735048071258,0.001654854614267176,-0.0581,2023
2024-05-31,0.041531235120810236,0.03865865290044811,0.022099414667001688,0.042001975709741846,0.0068386280925399195,-0.03183125613107251,0.0016687648791897658,0.0432,2023
2024-06-30,-0.014665492066842412,-0.014876762113636515,-0.005940107752935547,-0.015112322532482526,0.022800596752577805,0.004637490437620195,0.0016654920668424111,-0.013000000000000001,2023
2024-07-31,0.0033287805887408607,-0.028899606325393998,0.0026079016536348317,-0.026785062891416283,0.04029549913668996,-0.017994456789268382,0.0016712194112591394,0.005,2024
2024-08-31,0.02424023563782437,-0.017094631587388335,-0.0050724133091919026,-0.014308787951045556,0.008486493248787589,-0.005745110318391332,0.0016597643621756308,0.0259,2024
2024-09-30,0.0015508737595607753,-0.005011777084560196,0.022173377797187435,-0.002096942097196622,0.004190871080415083,-0.001334545673326094,0.0016491262404392248,0.0032,2024
2024-10-31,-0.019845034324206486,-0.006653354381592178,-0.025408623938929016,-0.005581107151500147,0.021870972807363144,-0.01913878945332259,0.0016450343242064847,-0.0182,2024
2024-11-30,-0.012751581301920225,0.024584300029448412,-0.05491448233478368,0.023215234968290182,0.00983943994088221,-0.004173111395673133,0.0016515813019202241,-0.0111,2024
2024-12-31,0.011352722891292966,-0.005446737649020383,-0.019025973049684213,-0.0060870169253698855,0.016880994803062307,0.017251061982539298,0.001747277108707035,0.0131,2024
2025-01-31,-0.0031914105100953483,0.010448898813990875,0.004013482528823419,0.012920114040566782,-0.009073631204545608,-0.00602890729493942,0.0017914105100953481,-0.0014000000000000002,2024
2025-02-28,0.030057944167122222,0.0607186212434917,0.03824896270519537,0.046112294991789406,-0.05380165073594259,0.006398420015367681,0.0018420558328777759,0.0319,2024
2025-03-31,-0.0007330724272255238,-0.04468033095959778,0.07733173272859878,-0.03932048666102168,-0.009511042615895983,-0.03180119824474969,0.0018330724272255239,0.0011,2024
2025-04-30,-0.06343878924243519,-0.016163249673809915,0.10835803211168347,-0.008296223790381358,0.03240668163424891,-0.05293811302161499,0.0018387892424351904,-0.0616,2024
2025-05-31,0.08483263206286584,-0.009883806174132953,0.14899049224951177,-0.014228533845893043,-0.03868294392303531,-0.025543784509911446,0.0018673679371341567,0.0867,2024
2025-06-30,0.030680397057631738,0.01995322886489307,-0.02319354473396955,0.012709201876247309,-0.0248937503120151,-0.0007830742160255949,0.0019196029423682592,0.0326,2024
2025-07-31,0.0898572736755502,0.023532791183933144,0.1604085246915596,0.02157409226680139,-0.09103731871032429,-0.040026774916133684,0.002042726324449795,0.0919,2025
2025-08-31,0.11731071237136845,-0.064773258100597,0.13287535647348847,-0.062090396575654856,-0.007422110705312207,-0.03711625815302329,0.0022892876286315644,0.11960000000000001,2025
2025-09-30,-0.014534783750423063,0.0017356036744298987,-0.0939026922817896,-0.009545637531414465,-0.07994974087385553,-0.0016073066895059412,0.002334783750423064,-0.012199999999999999,2025
2025-10-31,-0.015711912755322376,-0.023250257021391132,-0.08423161996743075,-0.025401672296337215,0.011723224617610268,-0.005701918501454715,0.0024119127553223763,-0.013300000000000001,2025
2025-11-30,0.028830486058029854,-0.08188787700103996,-0.08989618028742033,-0.08665272663105304,-0.10815775818011077,-0.026545652363590688,0.0024695139419701473,0.0313,2025
2025-12-31,0.05277778448030933,-0.09867971250798616,-0.11264291295402327,-0.10495306527663754,-0.06509679930768367,-0.030022611257133385,0.0025222155196906737,0.0553,2025
2026-01-31,0.022323099026539818,-0.013929613294274059,0.01440754047087153,-0.017897875701679066,0.11123778194230596,0.11783479687131138,0.0026769009734601834,0.025,2025
2026-02-28,0.025297208794435394,-0.007026829202712338,0.03943035914343054,-0.0068092246773158146,-0.10387940857214101,-0.003405625297250031,0.002702791205564603,0.027999999999999997,2025
2026-03-31,-0.11233374778406696,0.07330914386082181,0.05091505013466314,0.07944268599496139,0.0594679540716792,-0.0006842125127228121,0.0028337477840669756,-0.10949999999999999,2025
2026-04-30,0.10442667891962915,-0.11799077970199436,-0.11743647144510548,-0.12922942789986092,-0.20995033473924926,-0.0729083988248297,0.002873321080370861,0.1073,2025
2026-05-31,0.0021951940782211146,-0.04270596172177836,0.00779920123112638,-0.041669427331929555,-0.0031633274934038044,0.0018016002856068216,0.0029048059217788857,0.0051,2025
2026-06-30,-0.004872259894528983,-0.005843188918467074,0.007429590855604258,-0.002074379849164119,-0.02842778367319896,-0.034864423281455476,0.0029722598945289835,-0.0019,2025
