period,ticker,date,reported_return,VN100,VNINDEX,VN30,close,previous_close,price_return,return,return_source,reported_minus_price_return
2018,HVN.HM,2018-07-31,0.08708708708911939,0.0062250000000000005,-0.0046,-0.0033,,,,0.08708708708911939,reported_fallback,
2018,HVN.HM,2018-08-31,0.09944751381429473,0.023615,0.0347,0.0263,,,,0.09944751381429473,reported_fallback,
2018,HVN.HM,2018-09-30,0.03768844221014866,0.028735,0.0279,0.0263,,,,0.03768844221014866,reported_fallback,
2018,HVN.HM,2018-10-31,-0.1888619854717906,-0.097568,-0.10060000000000001,-0.09369999999999999,,,,-0.1888619854717906,reported_fallback,
2018,HVN.HM,2018-11-30,0.00895522387872294,-0.0027300000000000002,0.0129,-0.0075,,,,0.00895522387872294,reported_fallback,
2018,HVN.HM,2018-12-31,-0.02366863905115146,-0.040571,-0.036699999999999997,-0.044500000000000005,,,,-0.02366863905115146,reported_fallback,
2018,HVN.HM,2019-01-31,0.18484848484873972,0.016668000000000002,0.0203,0.0129,,,,0.18484848484873972,reported_fallback,
2018,HVN.HM,2019-02-28,0.002557544756397245,0.056394,0.0602,0.0449,,,,0.002557544756397245,reported_fallback,
2018,HVN.HM,2019-03-31,0.045918367347691724,-0.003372,0.0158,-0.0054,,,,0.045918367347691724,reported_fallback,
2018,HVN.HM,2019-04-30,-0.04580477334814925,-0.01064,-0.0011,-0.0106,,,,-0.04580477334814925,reported_fallback,
2018,HVN.HM,2019-05-31,0.07848677658858194,-0.018561,-0.0202,-0.016,27081.784094,,,0.07848677658858194,reported_fallback,
2018,MCH.HM,2019-06-30,0.06986384345496033,-0.013175,-0.0104,-0.0138,33801.173672,32581.211677,0.03744372698886478,0.03744372698886478,close_eom,0.03242011646609555
2018,BHN.HM,2018-08-31,0.056112228442792844,0.023615,0.0347,0.0263,58874.856833,57893.609219,0.016949152544422308,0.016949152544422308,close_eom,0.039163075898370536
2018,BHN.HM,2019-04-30,0.01104294478527601,-0.01064,-0.0011,-0.0106,57473.074527,57473.074527,0.0,0.0,close_eom,0.01104294478527601
2018,VIB.HM,2018-11-30,0.015119507362142398,-0.0027300000000000002,0.0129,-0.0075,3011.842478,3022.740046,-0.0036051952315319102,-0.0036051952315319102,close_eom,0.018724702593674307
2018,VIB.HM,2019-06-30,-0.02842357904021664,-0.013175,-0.0104,-0.0138,2727.808006,2899.099712,-0.05908444793774659,-0.05908444793774659,close_eom,0.030660868897529947
2018,SCS.HM,2018-07-31,-0.037633379653750694,0.0062250000000000005,-0.0046,-0.0033,54278.791444,58410.617133,-0.07073757977238793,-0.07073757977238793,close_eom,0.03310420011863723
2018,SCS.HM,2018-08-31,0.002366674093260634,0.023615,0.0347,0.0263,53763.384523,54278.791444,-0.009495548948096122,-0.009495548948096122,close_eom,0.011862223041356756
2018,SCS.HM,2019-05-31,0.02359434537592264,-0.018561,-0.0202,-0.016,54050.647257,53424.068674,0.01172839505773049,0.01172839505773049,close_eom,0.01186595031819215
2018,VGC.HM,2018-08-31,0.1795511376049825,0.023615,0.0347,0.0263,12668.608763,11351.163758,0.11606254945194494,0.11606254945194494,close_eom,0.06348858815303757
2018,VGC.HM,2019-05-31,-0.03999166521753605,-0.018561,-0.0202,-0.016,13583.18747,13210.58133,0.02820512819930543,0.02820512819930543,close_eom,-0.06819679341684148
2018,POW.HM,2018-12-31,0.1608924360622159,-0.040571,-0.036699999999999997,-0.044500000000000005,12615.551367,11669.385015,0.08108108103244382,0.08108108103244382,close_eom,0.07981135502977207
2018,POW.HM,2019-01-31,0.8176724868552779,0.016668000000000002,0.0203,0.0129,12970.36375,12615.551367,0.028125000063661476,0.028125000063661476,close_eom,0.7895474867916165
2018,LGC.HM,2018-07-31,0.3051787737890479,0.0062250000000000005,-0.0046,-0.0033,21861.493525,20282.607881,0.07784431140529247,0.07784431140529247,close_eom,0.22733446238375543
2018,LGC.HM,2018-08-31,0.1032504780122656,0.023615,0.0347,0.0263,23359.410674,21861.493525,0.06851851852148316,0.06851851852148316,close_eom,0.034731959490782435
2018,LGC.HM,2018-09-30,0.4761033872355449,0.028735,0.0279,0.0263,22509.241481,23359.410674,-0.03639514732904936,-0.03639514732904936,close_eom,0.5124985345645943
2018,LGC.HM,2018-10-31,-0.31904707909323077,-0.097568,-0.10060000000000001,-0.09369999999999999,20808.903096,22509.241481,-0.07553956833397757,-0.07553956833397757,close_eom,-0.2435075107592532
2018,LGC.HM,2018-11-30,1.390300650650413,-0.0027300000000000002,0.0129,-0.0075,26719.603197,20808.903096,0.2840466925974676,0.2840466925974676,close_eom,1.1062539580529454
2018,LGC.HM,2018-12-31,1.3893591374367922,-0.040571,-0.036699999999999997,-0.044500000000000005,28581.878571,26719.603197,0.069696969684381,0.069696969684381,close_eom,1.3196621677524112
2018,LGC.HM,2019-03-31,-0.34934291954276875,-0.003372,0.0158,-0.0054,23076.020943,28581.878571,-0.19263456089224318,-0.19263456089224318,close_eom,-0.15670835865052557
2018,LGC.HM,2019-04-30,-0.2058560386765084,-0.01064,-0.0011,-0.0106,19837.281161,23076.020943,-0.14035087721579043,-0.14035087721579043,close_eom,-0.06550516146071797
2018,LGC.HM,2019-05-31,0.3867339188464458,-0.018561,-0.0202,-0.016,25100.233306,19837.281161,0.2653061224613249,0.2653061224613249,close_eom,0.12142779638512091
2018,LGC.HM,2019-06-30,0.08052904224677991,-0.013175,-0.0104,-0.0138,27610.256637,25100.233306,0.10000000001593623,0.10000000001593623,close_eom,-0.01947095776915632
2018,TLG.HM,2018-07-31,-0.035002304920849554,0.0062250000000000005,-0.0046,-0.0033,35127.861239,36889.877757,-0.04776422761839194,-0.04776422761839194,close_eom,0.012761922697542387
2018,TLG.HM,2019-02-28,-0.01013611281834526,0.056394,0.0602,0.0449,31273.525248,30091.533743,0.039279869052037286,0.039279869052037286,close_eom,-0.04941598187038255
2018,KLB.HM,2018-07-31,-0.10846536811249431,0.0062250000000000005,-0.0046,-0.0033,4429.209725,4350.116694,0.018181818227793745,0.018181818227793745,close_eom,-0.12664718634028804
2018,KLB.HM,2018-09-30,0.1565756699024943,0.028735,0.0279,0.0263,4441.865403,3915.105025,0.13454565704785915,0.13454565704785915,close_eom,0.022030012854635156
2018,KLB.HM,2018-10-31,-0.01923076922952394,-0.097568,-0.10060000000000001,-0.09369999999999999,4441.865403,4441.865403,0.0,0.0,close_eom,-0.01923076922952394
2018,KLB.HM,2018-11-30,-4.4275694222051243e-13,-0.0027300000000000002,0.0129,-0.0075,4271.024426,4441.865403,-0.038461538452879585,-0.038461538452879585,close_eom,0.03846153845243683
2018,KLB.HM,2019-01-31,0.1563455657504114,0.016668000000000002,0.0203,0.0129,4698.126869,4100.183449,0.1458333334197115,0.1458333334197115,close_eom,0.010512232330699894
2018,KLB.HM,2019-06-30,0.03141412176423053,-0.013175,-0.0104,-0.0138,4484.575647,4527.285892,-0.009433962426687481,-0.009433962426687481,close_eom,0.04084808419091801
2018,DTL.HM,2018-07-31,-0.23510063185184588,0.0062250000000000005,-0.0046,-0.0033,42000.0,48300.0,-0.13043478260869568,-0.13043478260869568,close_eom,-0.1046658492431502
2018,DTL.HM,2018-09-30,0.12649736716309928,0.028735,0.0279,0.0263,47000.0,42900.0,0.09557109557109555,0.09557109557109555,close_eom,0.03092627159200373
2018,DTL.HM,2018-10-31,0.006451612903370485,-0.097568,-0.10060000000000001,-0.09369999999999999,46800.0,47000.0,-0.004255319148936176,-0.004255319148936176,close_eom,0.010706932052306661
2018,DTL.HM,2018-11-30,-0.2103524157120023,-0.0027300000000000002,0.0129,-0.0075,40300.0,46800.0,-0.13888888888888884,-0.13888888888888884,close_eom,-0.07146352682311347
2018,DTL.HM,2019-02-28,0.1527690921819245,0.056394,0.0602,0.0449,39350.0,36600.0,0.07513661202185795,0.07513661202185795,close_eom,0.07763248016006655
2018,DTL.HM,2019-03-31,0.6378330088735409,-0.003372,0.0158,-0.0054,41000.0,39350.0,0.04193138500635318,0.04193138500635318,close_eom,0.5959016238671877
2018,DTL.HM,2019-04-30,1.0302450522085271,-0.01064,-0.0011,-0.0106,41000.0,41000.0,0.0,0.0,close_eom,1.0302450522085271
2018,DTL.HM,2019-05-31,-0.16248072903880728,-0.018561,-0.0202,-0.016,28500.0,41000.0,-0.30487804878048785,-0.30487804878048785,close_eom,0.14239731974168057
2018,DTL.HM,2019-06-30,-0.09383946144123312,-0.013175,-0.0104,-0.0138,29350.0,28500.0,0.029824561403508865,0.029824561403508865,close_eom,-0.12366402284474198
2018,VSH.HM,2018-11-30,0.015058967671583769,-0.0027300000000000002,0.0129,-0.0075,11864.109211,12075.968304,-0.017543859644764348,-0.017543859644764348,close_eom,0.032602827316348115
2018,VSH.HM,2019-01-31,-0.02594456289931846,0.016668000000000002,0.0203,0.0129,12146.588002,11828.799362,0.026865671677625658,0.026865671677625658,close_eom,-0.052810234576944115
2018,VCF.HM,2018-08-31,0.05550075991192704,0.023615,0.0347,0.0263,96923.631993,95769.779231,0.012048192772971422,0.012048192772971422,close_eom,0.043452567138955615
2018,VCF.HM,2018-10-31,0.05039011533081106,-0.097568,-0.10060000000000001,-0.09369999999999999,94039.000089,96058.242422,-0.02102102101898895,-0.02102102101898895,close_eom,0.07141113634980001
2018,VCF.HM,2018-11-30,-0.06423455609256645,-0.0027300000000000002,0.0129,-0.0075,86538.957137,94039.000089,-0.0797546012282333,-0.0797546012282333,close_eom,0.015520045135666849
2018,VCF.HM,2018-12-31,-0.00690914681356225,-0.040571,-0.036699999999999997,-0.044500000000000005,84231.251613,86538.957137,-0.026666666670672634,-0.026666666670672634,close_eom,0.019757519857110384
2018,VCF.HM,2019-01-31,-0.02757990867463289,0.016668000000000002,0.0203,0.0129,85673.567565,84231.251613,0.01712328766793969,0.01712328766793969,close_eom,-0.04470319634257258
2018,VCF.HM,2019-02-28,0.0030244434533888143,0.056394,0.0602,0.0449,83365.862042,85673.567565,-0.02693602692859931,-0.02693602692859931,close_eom,0.029960470381988125
2018,BIC.HM,2019-03-31,-0.044388447373424275,-0.003372,0.0158,-0.0054,10743.957348,11818.353083,-0.0909090909244753,-0.0909090909244753,close_eom,0.046520643551051025
2018,BIC.HM,2019-05-31,-0.1161990562019952,-0.018561,-0.0202,-0.016,9209.106298,10239.649146,-0.10064239831914246,-0.10064239831914246,close_eom,-0.015556657882852737
2018,DMC.HM,2018-07-31,0.08966137566137554,0.0062250000000000005,-0.0046,-0.0033,65260.047429,64901.47574,0.0055248618758141355,0.0055248618758141355,close_eom,0.0841365137855614
2018,DMC.HM,2018-08-31,-0.1524333787160446,0.023615,0.0347,0.0263,58038.56554,65260.047429,-0.110657012575062,-0.110657012575062,close_eom,-0.041776366140982596
2018,DMC.HM,2018-09-30,0.032138584057308524,0.028735,0.0279,0.0263,60650.300989,58038.56554,0.04499999999483095,0.04499999999483095,close_eom,-0.012861415937522429
2018,DMC.HM,2018-10-31,-0.09983933268981271,-0.097568,-0.10060000000000001,-0.09369999999999999,56587.601401,60650.300989,-0.06698564593664336,-0.06698564593664336,close_eom,-0.03285368675316935
2018,DMC.HM,2018-12-31,-0.0792383840460521,-0.040571,-0.036699999999999997,-0.044500000000000005,54773.896228,55136.637263,-0.006578947375222355,-0.006578947375222355,close_eom,-0.07265943667082975
2018,DMC.HM,2019-01-31,-0.04412897915768122,0.016668000000000002,0.0203,0.0129,54411.155194,54773.896228,-0.0066225165449261825,-0.0066225165449261825,close_eom,-0.03750646261275504
2018,DMC.HM,2019-03-31,0.0057777777777776596,-0.003372,0.0158,-0.0054,52960.191055,54411.155194,-0.026666666675733364,-0.026666666675733364,close_eom,0.03244444445351102
2018,DMC.HM,2019-05-31,0.02521300643366287,-0.018561,-0.0202,-0.016,52234.708986,51509.226917,0.014084507037331662,0.014084507037331662,close_eom,0.011128499396331207
2018,SJS.HM,2019-05-31,0.01262549832189741,-0.018561,-0.0202,-0.016,6795.366342,7087.643465,-0.041237560049869115,-0.041237560049869115,close_eom,0.053863058371766526
2018,PGD.HM,2018-10-31,0.0002749140893469892,-0.097568,-0.10060000000000001,-0.09369999999999999,22108.792564,21646.990109,0.021333333302905766,0.021333333302905766,close_eom,-0.021058419213558777
2018,PGD.HM,2018-12-31,0.06671219392366323,-0.040571,-0.036699999999999997,-0.044500000000000005,21762.440723,21704.715416,0.0026595744700457224,0.0026595744700457224,close_eom,0.06405261945361751
2018,PGD.HM,2019-02-28,0.01713730636935296,0.056394,0.0602,0.0449,20636.797237,20781.110504,-0.0069444444257309446,-0.0069444444257309446,close_eom,0.024081750795083904
2018,PGD.HM,2019-03-31,0.005950673122663064,-0.003372,0.0158,-0.0054,19915.2309,20636.797237,-0.034965034967068154,-0.034965034967068154,close_eom,0.04091570808973122
2018,PGD.HM,2019-04-30,0.1563510593642459,-0.01064,-0.0011,-0.0106,21906.75399,19915.2309,0.10000000000000009,0.10000000000000009,close_eom,0.05635105936424581
2018,PGD.HM,2019-06-30,-0.01842527606329891,-0.013175,-0.0104,-0.0138,20434.758663,19857.505593,0.029069767463819174,0.029069767463819174,close_eom,-0.047495043527118086
2018,HNA.HM,2018-07-31,-0.18379246742631078,0.0062250000000000005,-0.0046,-0.0033,8138.089812,8477.176888,-0.04000000005662263,-0.04000000005662263,close_eom,-0.14379246736968815
2018,HNA.HM,2018-08-31,-0.003957208055393457,0.023615,0.0347,0.0263,7799.002737,8138.089812,-0.04166666660522722,-0.04166666660522722,close_eom,0.03770945854983376
2018,HNA.HM,2018-09-30,0.122847454847286,0.028735,0.0279,0.0263,8307.63335,7799.002737,0.06521739126811132,0.06521739126811132,close_eom,0.057630063579174676
2018,HNA.HM,2018-10-31,-0.3763825380503592,-0.097568,-0.10060000000000001,-0.09369999999999999,8053.318043,8307.63335,-0.03061224494217718,-0.03061224494217718,close_eom,-0.345770293108182
2018,HNA.HM,2019-01-31,-0.0676210798198561,0.016668000000000002,0.0203,0.0129,10172.612265,9918.296959,0.025641025576395027,0.025641025576395027,close_eom,-0.09326210539625113
2018,HNA.HM,2019-02-28,-0.06610311586369921,0.056394,0.0602,0.0449,10257.384034,10172.612265,0.008333333345621252,0.008333333345621252,close_eom,-0.07443644920932047
2018,HNA.HM,2019-03-31,-0.02521720703475561,-0.003372,0.0158,-0.0054,10172.612265,10257.384034,-0.008264462822003105,-0.008264462822003105,close_eom,-0.016952744212752505
2018,HNA.HM,2019-04-30,0.06735891205289746,-0.01064,-0.0011,-0.0106,10342.155803,10172.612265,0.016666666691242504,0.016666666691242504,close_eom,0.05069224536165495
2018,HNA.HM,2019-05-31,0.13530595087830918,-0.018561,-0.0202,-0.016,10596.47111,10342.155803,0.024590163970091172,0.024590163970091172,close_eom,0.11071578690821801
2018,HNA.HM,2019-06-30,-0.1208237431863208,-0.013175,-0.0104,-0.0138,10172.612265,10596.47111,-0.04000000005662263,-0.04000000005662263,close_eom,-0.08082374312969817
2018,CHP.HM,2019-03-31,-0.08864154712911121,-0.003372,0.0158,-0.0054,10260.24632,10629.984926,-0.03478260868419969,-0.03478260868419969,close_eom,-0.05385893844491152
2018,SGN.HM,2018-07-31,0.1098797059481791,0.0062250000000000005,-0.0046,-0.0033,83178.001811,76341.453717,0.08955223880518814,0.08955223880518814,close_eom,0.020327467142990954
2018,SGN.HM,2018-09-30,0.0025482832611458672,0.028735,0.0279,0.0263,78620.303081,80215.497637,-0.0198863636453237,-0.0198863636453237,close_eom,0.02243464690646957
2018,SGN.HM,2018-10-31,0.01902173912984861,-0.097568,-0.10060000000000001,-0.09369999999999999,76911.166058,78620.303081,-0.021739130428423015,-0.021739130428423015,close_eom,0.04076086955827163
2018,SGN.HM,2019-01-31,0.1101269169757486,0.016668000000000002,0.0203,0.0129,76911.166058,71214.042646,0.08000000000449359,0.08000000000449359,close_eom,0.03012691697125501
2019,GAS.HM,2019-08-31,-0.056762497479029846,0.008696,-0.0077,0.0106,60732.944295,65220.63044,-0.06880777009858052,-0.06880777009858052,close_eom,0.012045272619550677
2019,BHN.HM,2019-07-31,-0.03354871220604705,0.023991,0.043899999999999995,0.0219,65182.877208,66584.659513,-0.021052631570884883,-0.021052631570884883,close_eom,-0.012496080635162166
2019,BHN.HM,2019-08-31,0.01075268817204278,0.008696,-0.0077,0.0106,65182.877208,65182.877208,0.0,0.0,close_eom,0.01075268817204278
2019,BHN.HM,2019-11-30,0.04083629016522639,-0.030604,-0.0281,-0.0382,59770.409689,58321.892107,0.024836601311605033,0.024836601311605033,close_eom,0.01599968885362136
2019,BHN.HM,2020-02-29,0.011109462224355271,-0.029866999999999998,-0.0581,-0.0196,46886.226988,50316.926524,-0.06818181818723834,-0.06818181818723834,close_eom,0.07929128041159361
2019,BHN.HM,2020-03-31,-0.2811755053330347,-0.256559,-0.249,-0.2659,34268.876473,46886.226988,-0.2691056910642282,-0.2691056910642282,close_eom,-0.012069814268806489
2019,LGC.HM,2019-07-31,0.317389225561874,0.023991,0.043899999999999995,0.0219,31942.071095,27610.256637,0.15689149561163496,0.15689149561163496,close_eom,0.16049772995023903
2019,LGC.HM,2019-08-31,0.1227355484697457,0.008696,-0.0077,0.0106,36435.822541,31942.071095,0.14068441062055692,0.14068441062055692,close_eom,-0.01794886215081122
2019,LGC.HM,2019-09-30,-0.45790718351947535,0.025217999999999997,0.0127,0.034,29715.437495,36435.822541,-0.18444444443206354,-0.18444444443206354,close_eom,-0.2734627390874118
2019,LGC.HM,2019-10-31,-0.09216067094156888,-0.0029189999999999997,0.0023,-0.0002,32387.397815,29715.437495,0.08991825614041837,0.08991825614041837,close_eom,-0.18207892708198725
2019,LGC.HM,2019-11-30,-0.08696711540710567,-0.030604,-0.0281,-0.0382,31577.712869,32387.397815,-0.025000000019297697,-0.025000000019297697,close_eom,-0.06196711538780797
2019,LGC.HM,2019-12-31,0.2230625128787691,-0.015541000000000001,-0.0101,-0.0095,31982.555342,31577.712869,0.012820512830662878,0.012820512830662878,close_eom,0.21024200004810623
2019,LGC.HM,2020-01-31,0.20214425228204308,-0.032965,-0.0254,-0.0346,31982.555342,31982.555342,0.0,0.0,close_eom,0.20214425228204308
2019,LGC.HM,2020-02-29,0.30724233999211054,-0.029866999999999998,-0.0581,-0.0196,36759.696519,31982.555342,0.1493670885867766,0.1493670885867766,close_eom,0.15787525140533393
2019,LGC.HM,2020-03-31,-0.04784676376263075,-0.256559,-0.249,-0.2659,35950.011574,36759.696519,-0.022026431708474514,-0.022026431708474514,close_eom,-0.025820332054156236
2019,LGC.HM,2020-04-30,0.006500257973254264,0.16735499999999998,0.1609,0.17120000000000002,34006.767705,35950.011574,-0.05405405405781294,-0.05405405405781294,close_eom,0.0605543120310672
2019,LGC.HM,2020-05-31,0.0948603359816891,0.12477,0.124,0.12710000000000002,35950.011574,34006.767705,0.057142857147058024,0.057142857147058024,close_eom,0.03771747883463107
2019,LGC.HM,2020-06-30,-0.07505879029242124,-0.037762,-0.0455,-0.0443,34411.610178,35950.011574,-0.042792792787655354,-0.042792792787655354,close_eom,-0.032265997504765886
2019,NLG.HM,2020-06-30,0.09854847302798353,-0.037762,-0.0455,-0.0443,16589.449564,15399.533443,0.077269621537845,0.077269621537845,close_eom,0.02127885149013853
2019,GEG.HM,2019-09-30,0.09224682755405667,0.025217999999999997,0.0127,0.034,16684.674041,16684.674041,0.0,0.0,close_eom,0.09224682755405667
2019,BWE.HM,2019-12-31,-0.012256022664434709,-0.015541000000000001,-0.0101,-0.0095,17015.786496,17977.548342,-0.053497942417047195,-0.053497942417047195,close_eom,0.04124191975261249
2019,KLB.HM,2019-07-31,-0.06567325342966457,0.023991,0.043899999999999995,0.0219,4271.024426,4484.575647,-0.04761904755533708,-0.04761904755533708,close_eom,-0.01805420587432749
2019,KLB.HM,2019-08-31,0.08340929896997595,0.008696,-0.0077,0.0106,4313.73467,4271.024426,0.009999999939124704,0.009999999939124704,close_eom,0.07340929903085125
2019,KLB.HM,2019-09-30,0.17165938100150238,0.025217999999999997,0.0127,0.034,4313.73467,4313.73467,0.0,0.0,close_eom,0.17165938100150238
2019,KLB.HM,2019-11-30,-0.02845097412921149,-0.030604,-0.0281,-0.0382,4100.183449,4271.024426,-0.03999999999063453,-0.03999999999063453,close_eom,0.011549025861423038
2019,KLB.HM,2019-12-31,0.35457032862504206,-0.015541000000000001,-0.0101,-0.0095,5338.780532,4100.183449,0.30208333319868474,0.30208333319868474,close_eom,0.05248699542635732
2019,KLB.HM,2020-01-31,-0.2819200000006118,-0.032965,-0.0254,-0.0346,4356.444914,5338.780532,-0.1840000000209786,-0.1840000000209786,close_eom,-0.09791999997963319
2019,KLB.HM,2020-02-29,0.02422289214513995,-0.029866999999999998,-0.0581,-0.0196,4783.547357,4356.444914,0.09803921578979491,0.09803921578979491,close_eom,-0.07381632364465496
2019,KLB.HM,2020-03-31,-0.1890422077930187,-0.256559,-0.249,-0.2659,4399.155159,4783.547357,-0.08035714278808181,-0.08035714278808181,close_eom,-0.10868506500493688
2019,KLB.HM,2020-04-30,0.001062314553929911,0.16735499999999998,0.1609,0.17120000000000002,4569.996136,4399.155159,0.038834951445275934,0.038834951445275934,close_eom,-0.03777263689134602
2019,KLB.HM,2020-06-30,-0.002126539287760632,-0.037762,-0.0455,-0.0443,4441.865403,4142.893693,0.07216494850088817,0.07216494850088817,close_eom,-0.0742914877886488
2019,VSH.HM,2019-10-31,-0.02567286955286041,-0.0029189999999999997,0.0023,-0.0002,13488.362258,13664.911502,-0.012919896625321114,-0.012919896625321114,close_eom,-0.012752972927539297
2019,VSH.HM,2020-01-31,-0.059912743506399524,-0.032965,-0.0254,-0.0346,15041.995607,15536.33349,-0.031818181768445086,-0.031818181768445086,close_eom,-0.028094561737954438
2019,VCF.HM,2019-10-31,0.13156054364164832,-0.0029189999999999997,0.0023,-0.0002,120767.320793,110648.9777,0.09144542772400155,0.09144542772400155,close_eom,0.04011511591764677
2019,VCF.HM,2019-12-31,0.005632802821319061,-0.015541000000000001,-0.0101,-0.0095,116197.746493,119461.728136,-0.027322404371081577,-0.027322404371081577,close_eom,0.03295520719240064
2019,VCF.HM,2020-01-31,0.286997897146279,-0.032965,-0.0254,-0.0346,124031.302436,116197.746493,0.06741573033408099,0.06741573033408099,close_eom,0.219582166812198
2019,VCF.HM,2020-02-29,0.109343461447561,-0.029866999999999998,-0.0581,-0.0196,125989.691422,124031.302436,0.015789473685568378,0.015789473685568378,close_eom,0.09355398776199263
2019,VCF.HM,2020-04-30,0.0878637763573915,0.16735499999999998,0.1609,0.17120000000000002,138327.542033,131212.062051,0.054228855722382896,0.054228855722382896,close_eom,0.0336349206350086
2019,VCF.HM,2020-05-31,0.05853658536671169,0.12477,0.124,0.12710000000000002,141656.803309,138327.542033,0.02406795658384331,0.02406795658384331,close_eom,0.03446862878286838
2019,DGC.HM,2019-12-31,-0.02181639445941308,-0.015541000000000001,-0.0101,-0.0095,5682.610479,6034.518127,-0.05831578273424587,-0.05831578273424587,close_eom,0.03649938827483279
2019,TDM.HM,2019-12-31,-0.0111524163578709,-0.015541000000000001,-0.0101,-0.0095,19869.06357,20796.801946,-0.044609665390328956,-0.044609665390328956,close_eom,0.03345724903245806
2019,SGN.HM,2020-02-29,-0.1281045751628149,-0.029866999999999998,-0.0581,-0.0196,58699.283537,68819.849664,-0.14705882352855693,-0.14705882352855693,close_eom,0.018954248365742027
2019,KOS.HM,2019-07-31,0.35642386748737187,0.023991,0.043899999999999995,0.0219,19363.067682,16336.448817,0.18526785710309612,0.18526785710309612,close_eom,0.17115601038427575
2019,HNA.HM,2019-07-31,0.07466666666662625,0.023991,0.043899999999999995,0.0219,10511.699341,10172.612265,0.03333333338248479,0.03333333338248479,close_eom,0.04133333328414146
2019,HNA.HM,2019-08-31,0.6464679811433798,0.008696,-0.0077,0.0106,11020.329954,10511.699341,0.04838709674810904,0.04838709674810904,close_eom,0.5980808843952707
2019,HNA.HM,2019-09-30,-0.1589478400002615,0.025217999999999997,0.0127,0.034,10172.612265,11020.329954,-0.07692307694401734,-0.07692307694401734,close_eom,-0.08202476305624415
2019,HNA.HM,2019-10-31,-0.1055531400951973,-0.0029189999999999997,0.0023,-0.0002,10172.612265,10172.612265,0.0,0.0,close_eom,-0.1055531400951973
2019,HNA.HM,2019-11-30,-0.1666666666674191,-0.030604,-0.0281,-0.0382,11020.329954,10172.612265,0.08333333335790916,0.08333333335790916,close_eom,-0.2500000000253283
2019,HNA.HM,2019-12-31,-0.09459137172487753,-0.015541000000000001,-0.0101,-0.0095,10766.014647,11020.329954,-0.02307692311042764,-0.02307692311042764,close_eom,-0.07151444861444989
2019,HNA.HM,2020-01-31,0.0697495990585335,-0.032965,-0.0254,-0.0346,11359.41703,10766.014647,0.05511811031813485,0.05511811031813485,close_eom,0.014631488740398657
2019,HNA.HM,2020-02-29,0.11779967201643521,-0.029866999999999998,-0.0581,-0.0196,10935.558185,11359.41703,-0.03731343288837774,-0.03731343288837774,close_eom,0.15511310490481295
2019,HNA.HM,2020-03-31,1.493763883883165,-0.256559,-0.249,-0.2659,8477.176888,10935.558185,-0.22480620151352615,-0.22480620151352615,close_eom,1.7185700853966912
2019,HNA.HM,2020-04-30,-0.5588786812603562,0.16735499999999998,0.1609,0.17120000000000002,8901.035732,8477.176888,0.049999999952814456,0.049999999952814456,close_eom,-0.6088786812131707
2019,HNA.HM,2020-05-31,0.06666666666720755,0.12477,0.124,0.12710000000000002,9324.894576,8901.035732,0.04761904757624902,0.04761904757624902,close_eom,0.019047619090958534
2019,HNA.HM,2020-06-30,-0.1648475351782132,-0.037762,-0.0455,-0.0443,9070.57927,9324.894576,-0.02727272720643359,-0.02727272720643359,close_eom,-0.13757480797177962
2019,PGD.HM,2019-07-31,-0.06766462299051225,0.023991,0.043899999999999995,0.0219,19626.604365,20434.758663,-0.03954802262790014,-0.03954802262790014,close_eom,-0.028116600362612112
2019,PGD.HM,2020-02-29,0.1787459283387622,-0.029866999999999998,-0.0581,-0.0196,22922.114598,19148.541991,0.19706840389067826,0.19706840389067826,close_eom,-0.018322475551916045
2019,DBC.HM,2019-07-31,-0.04193314949833072,0.023991,0.043899999999999995,0.0219,5092.949126,5593.149487,-0.08943089437580753,-0.08943089437580753,close_eom,0.047497744877476815
2020,VNM.HM,2021-06-30,0.011185682324792,0.041999,0.060599999999999994,0.0368,67436.935211,67511.533591,-0.001104972380748026,-0.001104972380748026,close_eom,0.012290654705540026
2020,ACB.HM,2020-12-31,0.052218978877985434,0.111723,0.1005,0.10859999999999999,9483.300308,9179.564711,0.03308823528810989,0.03308823528810989,close_eom,0.019130743589875543
2020,BCM.HM,2020-08-31,0.2290394966777447,0.106456,0.1043,0.11230000000000001,30951.098027,24042.370789,0.2873563218299968,0.2873563218299968,close_eom,-0.058316825152252116
2020,VIB.HM,2020-11-30,0.04750021307985453,0.08204399999999999,0.0839,0.08220000000000001,6707.209305,6642.402694,0.009756501372393256,0.009756501372393256,close_eom,0.037743711707461276
2020,BHN.HM,2020-12-31,0.0927919538089026,0.111723,0.1005,0.10859999999999999,58855.556479,53366.437222,0.10285714285489411,0.10285714285489411,close_eom,-0.010065189045991518
2020,VCG.HM,2020-12-31,0.1438979066620176,0.111723,0.1005,0.10859999999999999,22531.2503,20380.762202,0.10551558752738721,0.10551558752738721,close_eom,0.03838231913463039
2020,PGV.HM,2020-07-31,-0.04539247246217371,-0.036821,-0.032400000000000005,-0.0387,7650.704083,7507.700269,0.019047618961358426,0.019047618961358426,close_eom,-0.06444009142353213
2020,LPB.HM,2020-10-31,0.1414234768692024,0.030649000000000003,0.022400000000000003,0.039599999999999996,4670.459574,4259.459131,0.09649122819579903,0.09649122819579903,close_eom,0.04493224867340337
2020,LPB.HM,2020-11-30,0.03681429805990799,0.08204399999999999,0.0839,0.08220000000000001,4651.777735,4670.459574,-0.0040000001507347616,-0.0040000001507347616,close_eom,0.04081429821064275
2020,LGC.HM,2020-07-31,0.016851806946182272,-0.036821,-0.032400000000000005,-0.0387,35626.137596,34411.610178,0.035294117645691125,0.035294117645691125,close_eom,-0.018442310699508854
2020,LGC.HM,2020-08-31,0.222077151305359,0.106456,0.1043,0.11230000000000001,38298.097916,35626.137596,0.07500000000842078,0.07500000000842078,close_eom,0.1470771512969382
2020,LGC.HM,2020-09-30,0.3100618960886812,0.044074,0.026699999999999998,0.042,46439.560085,38298.097916,0.21258137119124898,0.21258137119124898,close_eom,0.0974805248974322
2020,LGC.HM,2020-10-31,0.0774171306333864,0.030649000000000003,0.022400000000000003,0.039599999999999996,52337.965749,46439.560085,0.12701252236679128,0.12701252236679128,close_eom,-0.04959539173340488
2020,LGC.HM,2020-11-30,0.2872638553741433,0.08204399999999999,0.0839,0.08220000000000001,54830.249832,52337.965749,0.04761904761358848,0.04761904761358848,close_eom,0.2396448077605548
2020,LGC.HM,2020-12-31,0.1078779253846707,0.111723,0.1005,0.10859999999999999,57322.533915,54830.249832,0.04545454544957139,0.04545454544957139,close_eom,0.062423379935099305
2020,LGC.HM,2021-01-31,-0.16035949863564192,-0.015859,-0.042800000000000005,-0.021,54830.249832,57322.533915,-0.04347826086501427,-0.04347826086501427,close_eom,-0.11688123777062764
2020,LGC.HM,2021-02-28,0.5674499270242932,0.107973,0.1059,0.1195,69783.954332,54830.249832,0.2727272727339045,0.2727272727339045,close_eom,0.2947226542903887
2020,LGC.HM,2021-04-30,0.2313992953537469,0.077602,0.04019999999999999,0.09699999999999999,52171.813477,55661.011193,-0.06268656715382848,-0.06268656715382848,close_eom,0.2940858625075754
2020,LGC.HM,2021-05-31,0.1993154378303037,0.103057,0.07150000000000001,0.12380000000000001,51424.128252,52171.813477,-0.014331210191296462,-0.014331210191296462,close_eom,0.21364664802160016
2020,LGC.HM,2021-06-30,-0.014184197795919512,0.041999,0.060599999999999994,0.0368,46356.483949,51424.128252,-0.09854604200904293,-0.09854604200904293,close_eom,0.08436184421312343
2020,VBB.HM,2020-07-31,1.089790062763423,-0.036821,-0.032400000000000005,-0.0387,7153.537364,6888.591535,0.03846153856762258,0.03846153856762258,close_eom,1.0513285241958004
2020,VBB.HM,2020-08-31,-0.058871029467155174,0.106456,0.1043,0.11230000000000001,6835.60237,7153.537364,-0.04444444445065743,-0.04444444445065743,close_eom,-0.014426585016497746
2020,VBB.HM,2020-09-30,-0.03172886244783923,0.044074,0.026699999999999998,0.042,6517.667376,6835.60237,-0.04651162791378094,-0.04651162791378094,close_eom,0.014782765465941712
2020,VBB.HM,2020-10-31,-0.1187118902438065,0.030649000000000003,0.022400000000000003,0.039599999999999996,5881.797388,6517.667376,-0.09756097562472488,-0.09756097562472488,close_eom,-0.021150914619081626
2020,CII.HM,2020-10-31,-0.03686099219808514,0.030649000000000003,0.022400000000000003,0.039599999999999996,12764.477855,14006.007616,-0.08864265928155846,-0.08864265928155846,close_eom,0.051781667083473315
2020,CII.HM,2021-04-30,-0.1602934493260953,0.077602,0.04019999999999999,0.09699999999999999,15751.908843,19825.678371,-0.20547945204028462,-0.20547945204028462,close_eom,0.04518600271418932
2020,HHV.HM,2020-07-31,1.549374224697633,-0.036821,-0.032400000000000005,-0.0387,11928.464278,11577.627093,0.03030303033443893,0.03030303033443893,close_eom,1.519071194363194
2020,HHV.HM,2020-08-31,3.485215941246123,0.106456,0.1043,0.11230000000000001,12630.138647,11928.464278,0.058823529387108,0.058823529387108,close_eom,3.426392411859015
2020,HHV.HM,2020-09-30,-0.005774637077732514,0.044074,0.026699999999999998,0.042,11928.464278,12630.138647,-0.055555555533562284,-0.055555555533562284,close_eom,0.04978091845582977
2020,HHV.HM,2020-10-31,-0.4814740421944915,0.030649000000000003,0.022400000000000003,0.039599999999999996,11577.627093,11928.464278,-0.02941176473547058,-0.02941176473547058,close_eom,-0.45206227745902094
2020,HHV.HM,2020-11-30,-0.6447409292324277,0.08204399999999999,0.0839,0.08220000000000001,11296.957345,11577.627093,-0.024242424267550966,-0.024242424267550966,close_eom,-0.6204985049648767
2020,HHV.HM,2020-12-31,4.187072695738873,0.111723,0.1005,0.10859999999999999,11928.464278,11296.957345,0.05590062117739181,0.05590062117739181,close_eom,4.131172074561482
2020,HHV.HM,2021-01-31,0.35537469246379527,-0.015859,-0.042800000000000005,-0.021,11928.464278,11928.464278,0.0,0.0,close_eom,0.35537469246379527
2020,HHV.HM,2021-02-28,0.8463712958885093,0.107973,0.1059,0.1195,13893.152512,11928.464278,0.16470588235096884,0.16470588235096884,close_eom,0.6816654135375405
2020,HHV.HM,2021-03-31,-0.05394353666205576,0.025226000000000002,0.0197,0.019299999999999998,15436.836124,13893.152512,0.11111111107912075,0.11111111107912075,close_eom,-0.1650546477411765
2020,HHV.HM,2021-04-30,-0.18181818181772327,0.077602,0.04019999999999999,0.09699999999999999,12980.975832,15436.836124,-0.1590909090614635,-0.1590909090614635,close_eom,-0.02272727275625977
2020,VCF.HM,2020-07-31,0.009433962264942641,-0.036821,-0.032400000000000005,-0.0387,137087.229008,138392.821666,-0.009433962269740803,-0.009433962269740803,close_eom,0.018867924534683445
2020,VCF.HM,2020-08-31,0.01583940699715281,0.106456,0.1043,0.11230000000000001,142113.760739,137087.229008,0.03666666667182161,0.03666666667182161,close_eom,-0.020827259674668804
2020,VCF.HM,2020-09-30,-0.08561361019159353,0.044074,0.026699999999999998,0.042,135651.077086,142113.760739,-0.045475424894771965,-0.045475424894771965,close_eom,-0.04013818529682156
2020,VCF.HM,2021-01-31,0.1173479342311781,-0.015859,-0.042800000000000005,-0.021,174314.345329,164218.639496,0.061477222463811376,0.061477222463811376,close_eom,0.05587071176736673
2020,VCF.HM,2021-02-28,0.06637168141735715,0.107973,0.1059,0.1195,175040.655102,174314.345329,0.004166666671232111,0.004166666671232111,close_eom,0.06220501474612504
2020,VCF.HM,2021-03-31,0.0007547937934353488,0.025226000000000002,0.0197,0.019299999999999998,180124.823507,175040.655102,0.029045643150943157,0.029045643150943157,close_eom,-0.028290849357507808
2020,VCF.HM,2021-05-31,-0.09762660213901608,0.103057,0.07150000000000001,0.12380000000000001,169230.176924,180052.19253,-0.060104881001084465,-0.060104881001084465,close_eom,-0.03752172113793162
2020,VCF.HM,2021-06-30,0.0756843114299417,0.041999,0.060599999999999994,0.0368,174386.976307,169230.176924,0.030472103006285334,0.030472103006285334,close_eom,0.045212208423656364
2020,PAN.HM,2021-04-30,-0.06253777652501147,0.077602,0.04019999999999999,0.09699999999999999,18947.595117,21028.115366,-0.09893992936542273,-0.09893992936542273,close_eom,0.03640215284041126
2020,KLB.HM,2020-07-31,-0.0005494505482003255,-0.036821,-0.032400000000000005,-0.0387,4356.444914,4441.865403,-0.019230769339005138,-0.019230769339005138,close_eom,0.018681318790804813
2020,VND.HM,2021-03-31,0.1314650092411997,0.025226000000000002,0.0197,0.019299999999999998,5647.937702,5180.39319,0.09025270763279658,0.09025270763279658,close_eom,0.04121230160840311
2020,VND.HM,2021-04-30,0.30934852512264066,0.077602,0.04019999999999999,0.09699999999999999,6866.212705,5647.937702,0.21570262762788528,0.21570262762788528,close_eom,0.09364589749475538
2020,HNA.HM,2020-07-31,-0.2306043019697746,-0.036821,-0.032400000000000005,-0.0387,8901.035732,9070.57927,-0.018691588811835635,-0.018691588811835635,close_eom,-0.21191271315793897
2020,HNA.HM,2020-08-31,0.04897589860933138,0.106456,0.1043,0.11230000000000001,9155.351039,8901.035732,0.02857142861315709,0.02857142861315709,close_eom,0.02040446999617429
2020,HNA.HM,2020-09-30,0.1192776343145132,0.044074,0.026699999999999998,0.042,8901.035732,9155.351039,-0.02777777781722024,-0.02777777781722024,close_eom,0.14705541213173345
2020,HNA.HM,2020-10-31,-0.03727994970376081,0.030649000000000003,0.022400000000000003,0.039599999999999996,9324.894576,8901.035732,0.04761904757624902,0.04761904757624902,close_eom,-0.08489899728000982
2020,HNA.HM,2020-11-30,-0.1143317230267726,0.08204399999999999,0.0839,0.08220000000000001,9324.894576,9324.894576,0.0,0.0,close_eom,-0.1143317230267726
2020,HNA.HM,2020-12-31,0.1728301886816519,0.111723,0.1005,0.10859999999999999,9409.666345,9324.894576,0.009090909104557676,0.009090909104557676,close_eom,0.16373927957709422
2020,HNA.HM,2021-01-31,0.2600438276117787,-0.015859,-0.042800000000000005,-0.021,11444.188798,9409.666345,0.21621621621908838,0.21621621621908838,close_eom,0.04382761139269031
2020,HNA.HM,2021-03-31,-0.03053254438140152,0.025226000000000002,0.0197,0.019299999999999998,11020.329954,11020.329954,0.0,0.0,close_eom,-0.03053254438140152
2020,HNA.HM,2021-04-30,-0.01745562130065681,0.077602,0.04019999999999999,0.09699999999999999,10426.927572,11020.329954,-0.053846153833589705,-0.053846153833589705,close_eom,0.036390532532932895
2021,GVR.HM,2021-10-31,0.12637325904965,0.064027,0.0762,0.0541,37198.977311,33553.851394,0.10863509747950473,0.10863509747950473,close_eom,0.017738161570145267
2021,SHB.HM,2021-10-31,0.1309577445946322,0.064027,0.0762,0.0541,12081.301143,11497.767814,0.05075187970742223,0.05075187970742223,close_eom,0.08020586488720996
2021,PGV.HM,2022-01-31,0.0679016469486966,-0.026025999999999997,-0.0129,-0.0023,30652.946564,30190.841842,0.015306122446613779,0.015306122446613779,close_eom,0.052595524502082824
2021,PGV.HM,2022-02-28,-0.026209970396431248,0.005483,0.0076,-0.0098,28958.562583,30652.946564,-0.0552763819120069,-0.0552763819120069,close_eom,0.029066411515575652
2021,SBT.HM,2021-12-31,0.10483941690776981,0.016153,0.0134,-0.0012,18872.286864,17852.16325,0.05714285712685263,0.05714285712685263,close_eom,0.04769655978091718
2021,LGC.HM,2021-07-31,0.5629951516070669,-0.05673,-0.0699,-0.0535,47436.473718,46356.483949,0.02329749103034162,0.02329749103034162,close_eom,0.5396976605767253
2021,LGC.HM,2021-08-31,0.2255185728644078,0.002103,0.016399999999999998,-0.0128,49845.681666,47436.473718,0.050788091086243936,0.050788091086243936,close_eom,0.17473048177816386
2021,LGC.HM,2021-09-30,-0.2785399710462051,0.010909,0.008,0.0176,41538.068055,49845.681666,-0.16666666666666652,-0.16666666666666652,close_eom,-0.11187330437953857
2021,LGC.HM,2021-10-31,-0.04033567474646804,0.064027,0.0762,0.0541,42701.13396,41538.068055,0.027999999986999757,0.027999999986999757,close_eom,-0.0683356747334678
2021,LGC.HM,2021-11-30,-0.03800483504968188,0.034168,0.023700000000000002,0.0034000000000000002,41538.068055,42701.13396,-0.027237354073301412,-0.027237354073301412,close_eom,-0.010767480976380465
2021,LGC.HM,2021-12-31,0.0066187714752461435,0.016153,0.0134,-0.0012,39959.621469,41538.068055,-0.037999999997833434,-0.037999999997833434,close_eom,0.04461877147307958
2021,LGC.HM,2022-01-31,-0.1296900449398741,-0.026025999999999997,-0.0129,-0.0023,37384.261249,39959.621469,-0.06444906446368404,-0.06444906446368404,close_eom,-0.06524098047619006
2021,LGC.HM,2022-02-28,0.2651134188043986,0.005483,0.0076,-0.0098,44445.732819,37384.261249,0.18888888890880207,0.18888888890880207,close_eom,0.07622452989559653
2021,LGC.HM,2022-03-31,-0.037267284520233306,0.004683,0.0014000000000000002,-0.005699999999999999,38048.870338,44445.732819,-0.1439252336562986,-0.1439252336562986,close_eom,0.1066579491360653
2021,LGC.HM,2022-04-30,-0.02202852610078099,-0.082489,-0.084,-0.0605,35431.972051,38048.870338,-0.06877729256488507,-0.06877729256488507,close_eom,0.046748766464104086
2021,LGC.HM,2022-05-31,-0.1973004153332653,-0.063394,-0.0542,-0.059800000000000006,34725.824894,35431.972051,-0.01992966002523333,-0.01992966002523333,close_eom,-0.17737075530803198
2021,DCM.HM,2021-07-31,0.0047751691190314185,-0.05673,-0.0699,-0.0535,14734.721362,15318.274683,-0.03809523807845139,-0.03809523807845139,close_eom,0.04287040719748281
2021,DPM.HM,2022-01-31,-0.1765326876523675,-0.026025999999999997,-0.0129,-0.0023,15257.89864,18977.485871,-0.1960000000149652,-0.1960000000149652,close_eom,0.019467312362597716
2021,CTR.HM,2022-02-28,-0.08622953628999819,0.005483,0.0076,-0.0098,57081.278776,54873.35673,0.04023668639161082,0.04023668639161082,close_eom,-0.126466222681609
2021,PPC.HM,2021-07-31,-0.05867053256018862,-0.05673,-0.0699,-0.0535,14984.491992,16765.160322,-0.10621242480236393,-0.10621242480236393,close_eom,0.0475418922421753
2021,ORS.HM,2021-10-31,0.1453795839954148,0.064027,0.0762,0.0541,22145.601992,20306.520858,0.090566037720611,0.090566037720611,close_eom,0.05481354627480381
2021,ORS.HM,2021-11-30,0.1508185137736922,0.034168,0.023700000000000002,0.0034000000000000002,23678.169604,22145.601992,0.06920415225350984,0.06920415225350984,close_eom,0.08161436152018237
2021,PAN.HM,2021-08-31,0.1410625577003524,0.002103,0.016399999999999998,-0.0128,20953.811071,19170.508001,0.09302325582123228,0.09302325582123228,close_eom,0.048039301879120117
2021,PAN.HM,2021-09-30,0.036546943918661874,0.010909,0.008,0.0176,20805.202482,20953.811071,-0.007092198574113917,-0.007092198574113917,close_eom,0.04363914249277579
2021,HHV.HM,2022-01-31,-0.1863801003707347,-0.026025999999999997,-0.0129,-0.0023,15857.840746,18875.040534,-0.15985130111721113,-0.15985130111721113,close_eom,-0.026528799253523583
2021,VCF.HM,2021-07-31,0.069411231841499,-0.05673,-0.0699,-0.0535,183030.062596,174386.976307,0.049562682214205456,0.049562682214205456,close_eom,0.019848549627293544
2021,VCF.HM,2021-09-30,-0.07124171774312327,0.010909,0.008,0.0176,182158.490869,176493.274646,0.03209876543093748,0.03209876543093748,close_eom,-0.10334048317406075
2021,VCF.HM,2021-10-31,0.2748091955332719,0.064027,0.0762,0.0541,185208.991912,182158.490869,0.0167464114818221,0.0167464114818221,close_eom,0.2580627840514498
2021,VCF.HM,2021-11-30,-0.1296798877942215,0.034168,0.023700000000000002,0.0034000000000000002,178672.203963,185208.991912,-0.03529411764254875,-0.03529411764254875,close_eom,-0.09438577015167274
2021,VCF.HM,2021-12-31,-0.02428405808850476,0.016153,0.0134,-0.0012,186187.652677,178672.203963,0.04206277499972133,0.04206277499972133,close_eom,-0.06634683308822609
2021,VCF.HM,2022-01-31,0.1197467559309706,-0.026025999999999997,-0.0129,-0.0023,194607.401475,186187.652677,0.045221843000548656,0.045221843000548656,close_eom,0.07452491293042195
2021,VCF.HM,2022-02-28,-0.060589903505063776,0.005483,0.0076,-0.0098,190635.821853,194607.401475,-0.02040816326562067,-0.02040816326562067,close_eom,-0.040181740239443105
2021,VCF.HM,2022-03-31,-0.3221122382971951,0.004683,0.0014000000000000002,-0.005699999999999999,183963.568088,190635.821853,-0.035000000000760645,-0.035000000000760645,close_eom,-0.28711223829643445
2021,VCF.HM,2022-04-30,0.6260276779104584,-0.082489,-0.084,-0.0605,214465.299585,183963.568088,0.1658031088112475,0.1658031088112475,close_eom,0.46022456909921095
2021,VCF.HM,2022-05-31,-0.2458123135469111,-0.063394,-0.0542,-0.059800000000000006,187537.989748,214465.299585,-0.12555555555656583,-0.12555555555656583,close_eom,-0.12025675799034527
2021,VCF.HM,2022-06-30,0.04668143693868676,-0.077027,-0.0736,-0.06280000000000001,188650.032042,187537.989748,0.005929690808216037,0.005929690808216037,close_eom,0.04075174613047072
2022,CTG.HM,2022-11-30,0.1402439024381752,0.0029230000000000003,0.0199,0.0218,16471.726874,14869.889214,0.10772357728744009,0.10772357728744009,close_eom,0.03252032515073511
2022,PGV.HM,2022-11-30,-0.04857733802692755,0.0029230000000000003,0.0199,0.0218,14957.90682,16251.563626,-0.07960199004668989,-0.07960199004668989,close_eom,0.031024652019762337
2022,PGV.HM,2023-01-31,0.08544734025595148,0.10734,0.10339999999999999,0.1193,15840.886151,15090.528386,0.04972375690278241,0.04972375690278241,close_eom,0.03572358335316907
2022,OCB.HM,2022-10-31,0.02614379085972351,-0.11184799999999999,-0.092,-0.10869999999999999,5600.546575,6491.542621,-0.1372549019577637,-0.1372549019577637,close_eom,0.1633986928174872
2022,DIG.HM,2022-10-31,-0.32996632996678726,-0.11184799999999999,-0.092,-0.10869999999999999,14438.331713,24227.03118,-0.40404040405416286,-0.40404040405416286,close_eom,0.0740740740873756
2022,SBT.HM,2022-12-31,0.2145299145242727,-0.022414,-0.0394,-0.042,11305.160939,10135.661531,0.11538461544153544,0.11538461544153544,close_eom,0.09914529908273725
2022,BHN.HM,2022-09-30,-0.08417202133842283,-0.118337,-0.1159,-0.1148,41912.776752,44624.779954,-0.06077348067140231,-0.06077348067140231,close_eom,-0.023398540667020518
2022,BHN.HM,2022-11-30,-0.05398948877209753,0.0029230000000000003,0.0199,0.0218,36981.86184,37803.680992,-0.021739130434782705,-0.021739130434782705,close_eom,-0.03225035833731482
2022,BHN.HM,2022-12-31,0.052037037037037326,-0.022414,-0.0394,-0.042,37803.680992,36981.86184,0.022222222222222365,0.022222222222222365,close_eom,0.02981481481481496
2022,BHN.HM,2023-03-31,-0.05496659242761714,0.054584,0.039,0.0579,35502.587367,36981.86184,-0.03999999998377579,-0.03999999998377579,close_eom,-0.014966592443841346
2022,BHN.HM,2023-04-30,-0.013677971821479451,-0.007672,-0.0146,-0.0207,35420.405451,35502.587367,-0.0023148148373093314,-0.0023148148373093314,close_eom,-0.01136315698417012
2022,BHN.HM,2023-05-31,0.006880733944953921,0.022926000000000002,0.0248,0.014199999999999999,36077.860773,35420.405451,0.018561484930191385,0.018561484930191385,close_eom,-0.011680750985237465
2022,BHN.HM,2023-06-30,0.012672811059907469,0.054263000000000006,0.04190000000000001,0.0533,36118.951731,36077.860773,0.001138952175089969,0.001138952175089969,close_eom,0.0115338588848175
2022,SJS.HM,2022-10-31,-0.01250000000035456,-0.11184799999999999,-0.092,-0.10869999999999999,24015.442412,24710.423061,-0.028125000016566926,-0.028125000016566926,close_eom,0.015625000016212365
2022,SJS.HM,2022-12-31,0.0472972972965513,-0.022414,-0.0394,-0.042,17567.566395,17142.855998,0.02477477481287549,0.02477477481287549,close_eom,0.02252252248367581
2022,GEE.HM,2022-09-30,-0.09831374102936664,-0.118337,-0.1159,-0.1148,11755.915132,12453.922593,-0.05604719764296029,-0.05604719764296029,close_eom,-0.042266543386406355
2022,GEE.HM,2023-02-28,-0.08486951297447709,-0.103497,-0.07780000000000001,-0.09789999999999999,9588.902865,10240.948259,-0.06367041191004619,-0.06367041191004619,close_eom,-0.021199101064430903
2022,GEE.HM,2023-03-31,-0.02757378118998655,0.054584,0.039,0.0579,10011.569017,9588.902865,0.04407867698219725,0.04407867698219725,close_eom,-0.0716524581721838
2022,GEE.HM,2023-04-30,-0.05369471261787173,-0.007672,-0.0146,-0.0207,9737.815177,10011.569017,-0.027343749969176212,-0.027343749969176212,close_eom,-0.02635096264869552
2022,GEE.HM,2023-06-30,0.06120165239909126,0.054263000000000006,0.04190000000000001,0.0533,10559.076698,10480.861315,0.007462686572148547,0.007462686572148547,close_eom,0.053738965826942715
2022,LGC.HM,2022-07-31,0.06044035427768524,0.001925,0.0073,-0.013500000000000002,38173.484542,34850.439098,0.09535160904732187,0.09535160904732187,close_eom,-0.034911254769636635
2022,LGC.HM,2022-08-31,0.2023191889221403,0.055857000000000004,0.061500000000000006,0.0564,38215.02261,38173.484542,0.0010881392804029666,0.0010881392804029666,close_eom,0.20123104964173733
2022,LGC.HM,2022-09-30,0.31628468857791203,-0.118337,-0.1159,-0.1148,40665.768626,38215.02261,0.06413043480337222,0.06413043480337222,close_eom,0.2521542537745398
2022,LGC.HM,2022-10-31,0.6758402863464521,-0.11184799999999999,-0.092,-0.10869999999999999,40749.545503,40665.768626,0.0020601326331857184,0.0020601326331857184,close_eom,0.6737801537132664
2022,LGC.HM,2022-11-30,0.01727266856515675,0.0029230000000000003,0.0199,0.0218,40958.947073,40749.545503,0.005138746148336537,0.005138746148336537,close_eom,0.012133922416820212
2022,LGC.HM,2022-12-31,0.5612851303205066,-0.022414,-0.0394,-0.042,47743.557938,40958.947073,0.16564417178273572,0.16564417178273572,close_eom,0.3956409585377709
2022,LGC.HM,2023-01-31,0.1141975308651355,0.10734,0.10339999999999999,0.1193,47743.557938,47743.557938,0.0,0.0,close_eom,0.1141975308651355
2022,LGC.HM,2023-02-28,0.07722939551195451,-0.103497,-0.07780000000000001,-0.09789999999999999,47659.79731,47743.557938,-0.0017543859657206395,-0.0017543859657206395,close_eom,0.07898378147767515
2022,LGC.HM,2023-03-31,0.9149648198836495,0.054584,0.039,0.0579,50256.376777,47659.79731,0.0544815465771018,0.0544815465771018,close_eom,0.8604832733065477
2022,LGC.HM,2023-04-30,-0.112375992605404,-0.007672,-0.0146,-0.0207,50256.376777,50256.376777,0.0,0.0,close_eom,-0.112375992605404
2022,LGC.HM,2023-06-30,-0.4115337078764068,0.054263000000000006,0.04190000000000001,0.0533,43388.005284,50256.376777,-0.13666666666951865,-0.13666666666951865,close_eom,-0.27486704120688815
2022,VCF.HM,2022-07-31,-0.30111479656005047,0.001925,0.0073,-0.013500000000000002,185869.926307,188650.032042,-0.014736842103377334,-0.014736842103377334,close_eom,-0.28637795445667313
2022,VCF.HM,2022-08-31,-0.1263775388254133,0.055857000000000004,0.061500000000000006,0.0564,194607.401475,185869.926307,0.04700854700705248,0.04700854700705248,close_eom,-0.17338608583246579
2022,VCF.HM,2022-09-30,0.01726361635856177,-0.118337,-0.1159,-0.1148,185155.041975,194607.401475,-0.04857142857032737,-0.04857142857032737,close_eom,0.06583504492888914
2022,VCF.HM,2022-10-31,0.08858517243859998,-0.11184799999999999,-0.092,-0.10869999999999999,190476.958668,185155.041975,0.02874302874084611,0.02874302874084611,close_eom,0.05984214369775387
2022,VCF.HM,2022-11-30,0.1228671373674313,0.0029230000000000003,0.0199,0.0218,198499.549505,190476.958668,0.04211843203031873,0.04211843203031873,close_eom,0.08074870533711256
2022,VCF.HM,2022-12-31,0.6829672787122765,-0.022414,-0.0394,-0.042,177132.451139,198499.549505,-0.1076430572224637,-0.1076430572224637,close_eom,0.7906103359347402
2022,VCF.HM,2023-01-31,-0.001182396719094148,0.10734,0.10339999999999999,0.1193,188252.87408,177132.451139,0.06278026905568845,0.06278026905568845,close_eom,-0.0639626657747826
2022,VCF.HM,2023-02-28,0.4546408665005255,-0.103497,-0.07780000000000001,-0.09789999999999999,206522.140341,188252.87408,0.09704641350249066,0.09704641350249066,close_eom,0.35759445299803483
2022,VCF.HM,2023-03-31,-0.14077844221328528,0.054584,0.039,0.0579,173875.755849,206522.140341,-0.15807692307515187,-0.15807692307515187,close_eom,0.017298480861866583
2022,VCF.HM,2023-04-30,-0.09686608468148916,-0.007672,-0.0146,-0.0207,162834.7645,173875.755849,-0.06349931475546489,-0.06349931475546489,close_eom,-0.033366769926024276
2022,VCF.HM,2023-05-31,-0.04003914921007601,0.022926000000000002,0.0248,0.014199999999999999,160054.658764,162834.7645,-0.017073170735601773,-0.017073170735601773,close_eom,-0.022965978474474236
2022,VCF.HM,2023-06-30,-0.07409555404370116,0.054263000000000006,0.04190000000000001,0.0533,156083.079142,160054.658764,-0.02481389578204074,-0.02481389578204074,close_eom,-0.04928165826166042
2023,TCB.HM,2024-05-31,0.04063613879335182,0.047544,0.0432,0.0286,22422.226407,22231.398949,0.008583690951602607,0.008583690951602607,close_eom,0.03205244784174921
2023,ACB.HM,2024-05-31,0.09301703314815925,0.047544,0.0432,0.0286,17894.925136,16949.594137,0.055773075824653295,0.055773075824653295,close_eom,0.03724395732350595
2023,KBC.HM,2023-12-31,0.08520900321571802,0.043689,0.0327,0.046,31750.0,31100.0,0.020900321543408262,0.020900321543408262,close_eom,0.06430868167230976
2023,PVD.HM,2023-12-31,0.10000000000132371,0.043689,0.0327,0.046,16581.946942,16406.166586,0.010714285697305925,0.010714285697305925,close_eom,0.08928571430401779
2023,NAB.HM,2024-03-31,-0.02093939832955694,0.033559,0.025,0.0246,8879.996448,8799.99648,0.009090909090909038,0.009090909090909038,close_eom,-0.030030307420465977
2023,SIP.HM,2023-08-31,-0.02874991452410736,0.020888,0.0009,0.003,39178.923292,39296.75464,-0.002998500743368271,-0.002998500743368271,close_eom,-0.02575141378073909
2023,BHN.HM,2023-11-30,0.11216995607332089,0.073232,0.0641,0.0407,34048.746334,31352.400649,0.08600125123388302,0.08600125123388302,close_eom,0.026168704839437867
2023,BHN.HM,2024-03-31,0.005228365384615685,0.033559,0.025,0.0246,32737.552376,32991.331851,-0.007692307668758502,-0.007692307668758502,close_eom,0.012920673053374188
2023,LGC.HM,2023-07-31,0.7317136635234271,0.103106,0.0917,0.0959,44895.696587,43388.005284,0.03474903474200475,0.03474903474200475,close_eom,0.6969646287814224
2023,LGC.HM,2023-08-31,0.072408750777738,0.020888,0.0009,0.003,46191.67519,44895.696587,0.028866432676651455,0.028866432676651455,close_eom,0.04354231810108655
2023,LGC.HM,2023-09-30,0.02291934144859065,-0.057797,-0.0571,-0.0553,44115.644844,46191.67519,-0.044943820232989484,-0.044943820232989484,close_eom,0.06786316168158013
2023,LGC.HM,2023-10-31,0.1847215385172445,-0.11254099999999999,-0.1091,-0.10880000000000001,44115.644844,44115.644844,0.0,0.0,close_eom,0.1847215385172445
2023,LGC.HM,2023-12-31,-0.004053046544235661,0.043689,0.0327,0.046,45899.093476,43856.141051,0.04658304118969947,0.04658304118969947,close_eom,-0.05063608773393513
2023,LGC.HM,2024-01-31,-0.02942104484269525,0.025638,0.0304,0.0308,54325.880169,45899.093476,0.18359375000306355,0.18359375000306355,close_eom,-0.2130147948457588
2023,LGC.HM,2024-02-29,-0.1722864272013057,0.074446,0.0759,0.0852,51815.773495,54325.880169,-0.046204620453297984,-0.046204620453297984,close_eom,-0.1260818067480077
2023,LGC.HM,2024-03-31,0.32776200079760076,0.033559,0.025,0.0246,52443.300163,51815.773495,0.012110726631544999,0.012110726631544999,close_eom,0.31565127416605576
2023,LGC.HM,2024-04-30,0.1392651016917668,-0.050826,-0.0581,-0.0435,51995.066829,52443.300163,-0.008547008533155487,-0.008547008533155487,close_eom,0.1478121102249223
2023,LGC.HM,2024-05-31,-0.1950556201194999,0.047544,0.0432,0.0286,49753.900155,51995.066829,-0.04310344828232815,-0.04310344828232815,close_eom,-0.15195217183717175
2023,LGC.HM,2024-06-30,1.016797834168789,-0.007463999999999999,-0.013000000000000001,0.0018,51995.066829,49753.900155,0.045045045052106936,0.045045045052106936,close_eom,0.9717527891166822
2023,GEE.HM,2024-04-30,-0.09598991172761717,-0.050826,-0.0581,-0.0435,12234.396708,13710.961828,-0.10769230769679594,-0.10769230769679594,close_eom,0.01170239596917877
2023,TMS.HM,2023-08-31,0.0647521849725392,0.020888,0.0009,0.003,36037.080672,35848.404857,0.005263157893709014,0.005263157893709014,close_eom,0.05948902707883019
2023,TMS.HM,2024-03-31,0.10449184564203721,0.033559,0.025,0.0246,44967.722427,44967.722427,0.0,0.0,close_eom,0.10449184564203721
2023,VBB.HM,2023-10-31,-0.19473122107379973,-0.11254099999999999,-0.1091,-0.10880000000000001,5255.465345,6403.21065,-0.17924528298940168,-0.17924528298940168,close_eom,-0.015485938084398049
2024,BSR.HM,2025-01-31,-0.1721037410135201,-0.001226,-0.0014000000000000002,-0.0053,12429.493118,13960.218871,-0.10964912277842742,-0.10964912277842742,close_eom,-0.062454618235092685
2024,LGC.HM,2024-07-31,1.01968122683437,0.0044729999999999995,0.005,0.016200000000000003,54289.746,51995.066829,0.04413263240042897,0.04413263240042897,close_eom,0.975548594433941
2024,LGC.HM,2024-08-31,0.2971510283733283,0.025214,0.0259,0.025,53837.33145,54289.746,-0.008333333333333304,-0.008333333333333304,close_eom,0.3054843617066616
2024,LGC.HM,2024-09-30,0.1485700315969847,0.014036999999999999,0.0032,0.0158,56008.92129,53837.33145,0.04033613445378159,0.04033613445378159,close_eom,0.10823389714320311
2024,LGC.HM,2024-10-31,0.05225273738886793,-0.015253000000000001,-0.0182,-0.0103,56099.4042,56008.92129,0.001615508885298933,0.001615508885298933,close_eom,0.050637228503569
2024,LGC.HM,2024-11-30,0.06605555555444997,-0.017824,-0.0111,-0.0204,56008.92129,56099.4042,-0.001612903225806428,-0.001612903225806428,close_eom,0.0676684587802564
2024,LGC.HM,2024-12-31,1.283343214175637,0.025977999999999998,0.0131,0.0255,61890.31044,56008.92129,0.10500807754442665,0.10500807754442665,close_eom,1.1783351366312103
2024,LGC.HM,2025-01-31,0.565453700041588,-0.001226,-0.0014000000000000002,-0.0053,57547.13076,61890.31044,-0.07017543859649122,-0.07017543859649122,close_eom,0.6356291386380792
2024,LGC.HM,2025-02-28,-0.049681579051782714,0.020495,0.0319,0.0141,56099.4042,57547.13076,-0.02515723270440251,-0.02515723270440251,close_eom,-0.024524346347380203
2024,LGC.HM,2025-03-31,1.9069502378312089,-0.007946,0.0011,0.0055000000000000005,62885.62245,56099.4042,0.12096774193548399,0.12096774193548399,close_eom,1.7859824958957249
2024,LGC.HM,2025-04-30,0.448291162099107,-0.052716000000000006,-0.0616,-0.0397,57004.2333,62885.62245,-0.09352517985611519,-0.09352517985611519,close_eom,0.5418163419552222
2024,LGC.HM,2025-05-31,0.6482728397734057,0.076973,0.0867,0.087,59085.34023,57004.2333,0.0365079365079366,0.0365079365079366,close_eom,0.6117649032654691
2024,LGC.HM,2025-06-30,-0.3443147023528258,0.040679,0.0326,0.0378,57185.19912,59085.34023,-0.03215926493108734,-0.03215926493108734,close_eom,-0.31215543742173846
2024,VSH.HM,2024-12-31,-0.03513449928600787,0.025977999999999998,0.0131,0.0255,44965.892048,45780.864041,-0.01780158610091187,-0.01780158610091187,close_eom,-0.017332913185096
2024,VSH.HM,2025-02-28,0.07702811245034867,0.020495,0.0319,0.0141,48537.520948,45606.953646,0.06425702810029765,0.06425702810029765,close_eom,0.012771084350051018
2024,VSH.HM,2025-05-31,-0.01189436595071425,0.076973,0.0867,0.087,46522.755928,48079.619807,-0.03238095237128591,-0.03238095237128591,close_eom,0.020486586420571662
2024,GEE.HM,2024-07-31,0.6527242533558375,0.0044729999999999995,0.005,0.016200000000000003,18428.604127,15685.742117,0.17486338800810208,0.17486338800810208,close_eom,0.4778608653477354
2024,GEE.HM,2024-08-31,0.07958915803308875,0.025214,0.0259,0.025,14142.882237,18428.604127,-0.2325581395348837,-0.2325581395348837,close_eom,0.31214729756797244
2024,TAL.HM,2024-09-30,0.11175834734766349,0.014036999999999999,0.0032,0.0158,12223.520961,12027.421694,0.016304347846872735,0.016304347846872735,close_eom,0.09545399950079075
2024,TAL.HM,2024-10-31,-0.06393411236577107,-0.015253000000000001,-0.0182,-0.0103,11700.589583,12223.520961,-0.042780748662226586,-0.042780748662226586,close_eom,-0.02115336370354448
2024,BHN.HM,2024-07-31,0.010533133351513511,0.0044729999999999995,0.005,0.016200000000000003,32568.366058,32652.959217,-0.002590673587585801,-0.002590673587585801,close_eom,0.013123806939099312
2024,BHN.HM,2024-08-31,0.08758647117438301,0.025214,0.0259,0.025,34205.700156,32568.366058,0.05027375629112374,0.05027375629112374,close_eom,0.03731271488325927
2024,BHN.HM,2024-10-31,0.0726622146972653,-0.015253000000000001,-0.0182,-0.0103,33766.0382,32534.984724,0.037837837836508736,0.037837837836508736,close_eom,0.03482437686075657
2024,BHN.HM,2024-11-30,-0.05053266375325016,-0.017824,-0.0111,-0.0204,33853.970592,33766.0382,0.0026041666919631723,0.0026041666919631723,close_eom,-0.053136830445213334
2024,BHN.HM,2024-12-31,-0.03719205402457204,0.025977999999999998,0.0131,0.0255,33458.274831,33853.970592,-0.011688311712939825,-0.011688311712939825,close_eom,-0.025503742311632216
2024,BHN.HM,2025-01-31,0.032913657042163307,-0.001226,-0.0014000000000000002,-0.0053,32534.984724,33458.274831,-0.027595269381449072,-0.027595269381449072,close_eom,0.06050892642361238
2024,BHN.HM,2025-02-28,0.1191049549566576,0.020495,0.0319,0.0141,32534.984724,32534.984724,0.0,0.0,close_eom,0.1191049549566576
2024,BHN.HM,2025-03-31,-0.04305991160962752,-0.007946,0.0011,0.0055000000000000005,32139.288964,32534.984724,-0.012162162157344114,-0.012162162157344114,close_eom,-0.030897749452283407
2024,BHN.HM,2025-04-30,0.1986332385784133,-0.052716000000000006,-0.0616,-0.0397,32534.984724,32139.288964,0.012311901499850508,0.012311901499850508,close_eom,0.1863213370785628
2024,BHN.HM,2025-05-31,0.06601967714203781,0.076973,0.0867,0.087,32886.714289,32534.984724,0.0108108108236038,0.0108108108236038,close_eom,0.05520886631843401
2024,BHN.HM,2025-06-30,0.04915417266056976,0.040679,0.0326,0.0378,33299.200468,32886.714289,0.012542638810772555,0.012542638810772555,close_eom,0.036611533849797206
2024,TMS.HM,2025-01-31,0.02386011586906012,-0.001226,-0.0014000000000000002,-0.0053,37555.705023,37113.873199,0.011904761910214834,0.011904761910214834,close_eom,0.011955353958845286
2024,TMS.HM,2025-02-28,0.1005089492278113,0.020495,0.0319,0.0141,38439.36867,37555.705023,0.02352941174872969,0.02352941174872969,close_eom,0.07697953747908161
2024,TMS.HM,2025-06-30,0.01606272662186203,0.040679,0.0326,0.0378,36937.140469,37511.52184,-0.015312131921758398,-0.015312131921758398,close_eom,0.03137485854362043
2024,ACG.HM,2025-04-30,-0.05755674505674568,-0.052716000000000006,-0.0616,-0.0397,32907.011918,35611.07,-0.07593307592273979,-0.07593307592273979,close_eom,0.018376330865994113
2025,MCH.HM,2025-12-31,-0.003552607278807129,0.048156,0.0553,0.0555,176879.492591,172178.641211,0.027302174920983413,0.027302174920983413,close_eom,-0.030854782199790542
2025,VIX.HM,2025-07-31,1.141176470588948,0.119276,0.0919,0.0932,21957.313098,10254.789084,1.1411764706364194,1.1411764706364194,close_eom,-4.7471360176132293e-11
2025,TAL.HM,2025-07-31,0.3198204783219691,0.119276,0.0919,0.0932,20316.950144,18755.756052,0.08323813167923566,0.08323813167923566,close_eom,0.23658234664273342
2025,LGC.HM,2025-07-31,-0.0948751609719064,0.119276,0.0919,0.0932,54289.746,57185.19912,-0.050632911392405,-0.050632911392405,close_eom,-0.0442422495795014
2025,LGC.HM,2025-08-31,0.0802140676667673,0.154337,0.11960000000000001,0.1549,54289.746,54289.746,0.0,0.0,close_eom,0.0802140676667673
2025,LGC.HM,2025-09-30,0.1225907029482496,-0.014476,-0.012199999999999999,-0.0012,57521.2785,54289.746,0.059523809523809534,0.059523809523809534,close_eom,0.06306689342444007
2025,LGC.HM,2025-10-31,0.09450491572076825,-0.010497000000000001,-0.013300000000000001,0.011899999999999999,60000.0,57521.2785,0.043092253243293355,0.043092253243293355,close_eom,0.05141266247747489
2025,LGC.HM,2025-11-30,2.249268453661851,0.01738,0.0313,0.020499999999999997,64000.0,60000.0,0.06666666666666665,0.06666666666666665,close_eom,2.1826017869951846
2025,LGC.HM,2025-12-31,-0.07377777777733742,0.048156,0.0553,0.0555,52100.0,64000.0,-0.18593749999999998,-0.18593749999999998,close_eom,0.11215972222266256
2025,LGC.HM,2026-01-31,0.3613472216003044,-0.011782999999999998,0.025,-0.0004,59000.0,52100.0,0.13243761996161219,0.13243761996161219,close_eom,0.22890960163869223
2025,LGC.HM,2026-02-28,-0.1171671821975675,0.028131,0.027999999999999997,0.015700000000000002,58800.0,59000.0,-0.003389830508474523,-0.003389830508474523,close_eom,-0.11377735168909298
2025,LGC.HM,2026-03-31,-0.044714906898435484,-0.093225,-0.10949999999999999,-0.11259999999999999,61000.0,58800.0,0.03741496598639449,0.03741496598639449,close_eom,-0.08212987288482998
2025,LGC.HM,2026-05-31,2.6959517752159057,-0.0055569999999999994,0.0051,-0.0127,64800.0,64800.0,0.0,0.0,close_eom,2.6959517752159057
2025,LGC.HM,2026-06-30,3.212102446258336,0.0031,-0.0019,-0.0007000000000000001,64800.0,64800.0,0.0,0.0,close_eom,3.212102446258336
2025,BHN.HM,2025-07-31,0.02177426088735923,0.119276,0.0919,0.0932,33571.401017,33299.200468,0.008174386927445099,0.008174386927445099,close_eom,0.013599873959914133
2025,BHN.HM,2025-09-30,0.00899908172635433,-0.014476,-0.012199999999999999,-0.0012,29760.593334,29942.060366,-0.006060606043198691,-0.006060606043198691,close_eom,0.01505968776955302
2025,BHN.HM,2026-06-30,0.035964429131099214,0.0031,-0.0019,-0.0007000000000000001,27129.321362,26721.020539,0.015280135816821527,0.015280135816821527,close_eom,0.020684293314277687
