period,source_period,formation_date,holding_start,holding_end,scheduled_months,observed_market_months,complete
2018,2,2018-06-30,2018-07-31,2019-06-30,12,12,True
2019,4,2019-06-30,2019-07-31,2020-06-30,12,12,True
2020,6,2020-06-30,2020-07-31,2021-06-30,12,12,True
2021,8,2021-06-30,2021-07-31,2022-06-30,12,12,True
2022,10,2022-06-30,2022-07-31,2023-06-30,12,12,True
2023,12,2023-06-30,2023-07-31,2024-06-30,12,12,True
2024,14,2024-06-30,2024-07-31,2025-06-30,12,12,True
2025,16,2025-06-30,2025-07-31,2026-06-30,12,12,True
2026,18,2026-06-30,2026-07-31,2027-06-30,12,3,False
