period,sort,ticker,portfolio,formation_market_cap,characteristic
2018,BM,AAA.HM,SN,2750175310093.0,0.5501259487562771
2018,BM,ACB.HM,BN,34988186959078.0,0.4909445585188633
2018,BM,ANV.HM,SN,2006415443093.0,0.7324409509834913
2018,BM,ASM.HM,SH,2422094867321.0,2.0534219285263244
2018,BM,BHN.HM,BL,16383902768707.0,0.28222732623229063
2018,BM,BIC.HM,SN,2405834572662.0,0.8947703063968864
2018,BM,BID.HM,BN,76993058952417.0,0.6598418960259425
2018,BM,BMP.HM,SN,2378494628496.0,1.0660773299834527
2018,BM,BVH.HM,BL,47329494415998.0,0.3162820022118622
2018,BM,BWE.HM,SH,2073595687192.0,1.668105380856593
2018,BM,CHP.HM,SN,1855053273094.0,0.8982965811869491
2018,BM,CII.HM,BH,5767033465843.0,1.3327685048943054
2018,BM,CTD.HM,BN,10339095315014.0,0.7418621944471951
2018,BM,CTG.HM,BN,86193176525288.0,0.7677160729838747
2018,BM,DBD.HM,SN,1827568667274.0,0.4891955439302574
2018,BM,DCM.HM,SH,3368365021428.0,1.8982544010094526
2018,BM,DHG.HM,BL,9031350597241.0,0.3096708659733996
2018,BM,DIG.HM,SN,4043965052568.0,0.7150112049395311
2018,BM,DMC.HM,SL,2351858620344.0,0.4272842614493614
2018,BM,DPM.HM,SH,3865105791180.0,2.1234382147346977
2018,BM,DRC.HM,SN,1877512033535.0,0.8242401049112379
2018,BM,DTL.HM,SL,2928476527200.0,0.40752422782540376
2018,BM,DXG.HM,BN,8152648564452.0,0.5885502780409039
2018,BM,EIB.HM,BN,17557335645165.0,0.8363758201571933
2018,BM,FPT.HM,BN,19027605973603.0,0.7305089437547343
2018,BM,FRT.HM,SL,5144922105507.0,0.16722059662713187
2018,BM,GAS.HM,BL,126260099487340.0,0.3625707985495857
2018,BM,GEX.HM,BN,10430821133139.0,0.6779190262127535
2018,BM,GMD.HM,SH,5355954036795.0,1.1892908990530988
2018,BM,HAG.HM,SH,4831750264430.0,3.784275862021821
2018,BM,HCM.HM,SN,4612918162410.0,0.6579175643940794
2018,BM,HDB.HM,BL,32314632935909.0,0.48830067267963956
2018,BM,HDG.HM,SH,1843826622774.0,1.113174734295274
2018,BM,HNA.HM,SH,1912953039576.0,1.1828666916504837
2018,BM,HPG.HM,BN,53967209667778.0,0.6379465071966638
2018,BM,HSG.HM,SH,3391955508891.0,1.6313256413820534
2018,BM,HT1.HM,SH,3017838658004.0,1.7465514504152175
2018,BM,HVN.HM,BL,44693190017687.0,0.41550864758275025
2018,BM,IDI.HM,SH,1855780540883.0,1.2867439221632344
2018,BM,IMP.HM,SN,2235279755538.0,0.633563957912795
2018,BM,KBC.HM,SH,5254432642048.0,1.7638760055305576
2018,BM,KDC.HM,SH,4926322825610.0,1.5900333193188734
2018,BM,KDH.HM,BN,10936047227004.0,0.5945818773481437
2018,BM,KLB.HM,SH,3258201306538.0,1.1081258216780754
2018,BM,LDG.HM,SN,2283867322470.0,0.8706697568790668
2018,BM,LGC.HM,SN,4236561057773.0,0.7402762832214662
2018,BM,LPB.HM,BH,7824642024088.0,1.2343482258059884
2018,BM,MBB.HM,BN,35147515397706.0,0.8828399575016683
2018,BM,MCH.HM,BL,32300323756061.0,0.3256531427366333
2018,BM,MSN.HM,BL,80925237891395.0,0.24195088590628644
2018,BM,MWG.HM,BL,34276534056238.0,0.21207331179396438
2018,BM,NKG.HM,SH,2442130024620.0,1.2536519814297717
2018,BM,NLG.HM,SN,4984599410885.0,0.7323456984407648
2018,BM,NT2.HM,SH,4363938829649.0,1.1962332058244909
2018,BM,NVL.HM,BL,46280278664071.0,0.2910818758791589
2018,BM,PAN.HM,BN,6288402443678.0,0.7468789353274883
2018,BM,PC1.HM,SN,3729103707362.0,0.7713390078574115
2018,BM,PDR.HM,BL,7822571578146.0,0.3780314135811168
2018,BM,PGD.HM,SN,2108713373082.0,0.6905689099332958
2018,BM,PHR.HM,SH,1911279283669.0,1.3144071941838034
2018,BM,PLX.HM,BL,52173332613197.0,0.4648389212692831
2018,BM,PNJ.HM,BL,7906269471448.0,0.4046034289702921
2018,BM,PPC.HM,SH,2679480739573.0,2.115250571379816
2018,BM,PTB.HM,SN,1958087853560.0,0.5965157586981625
2018,BM,PVD.HM,SH,5110541822344.0,2.5899959599937388
2018,BM,PVT.HM,SH,3518674987007.0,1.3674496361909734
2018,BM,QCG.HM,SH,2476162269000.0,1.6860329036602406
2018,BM,REE.HM,BN,8330133632261.0,1.0250947596998226
2018,BM,SAB.HM,BL,111238609098873.0,0.1398007885047401
2018,BM,SAM.HM,SH,1692499615621.0,1.6018776004922364
2018,BM,SBT.HM,BN,6719133601705.0,1.0852673519624048
2018,BM,SCR.HM,SH,2805737658899.0,1.2427286235086727
2018,BM,SCS.HM,BL,5976389607475.0,0.14315461595055973
2018,BM,SHB.HM,BH,9104463151531.0,1.6697572110491328
2018,BM,SJS.HM,SN,2241699244599.0,1.037395007429284
2018,BM,SSI.HM,BN,10090122826482.0,0.8929988267512071
2018,BM,STB.HM,BH,20832197104950.0,1.1362431375217545
2018,BM,TCB.HM,BL,104120939115926.0,0.36127026244086585
2018,BM,TCH.HM,SN,5435658284980.0,0.8111163672648385
2018,BM,TLG.HM,SL,3456949244933.0,0.3198448141391297
2018,BM,TPB.HM,BL,14967561907890.0,0.48626129257320116
2018,BM,VCB.HM,BL,200412034928000.0,0.2797523513003706
2018,BM,VCF.HM,SL,2760156749394.0,0.3301556450926471
2018,BM,VCG.HM,BH,5971754431373.0,1.2762271872840123
2018,BM,VCI.HM,BN,5621795772481.0,0.6388132292100509
2018,BM,VGC.HM,BH,5923133445233.0,1.1595666901784316
2018,BM,VHC.HM,SN,4277949181080.0,0.6676745260164384
2018,BM,VHM.HM,BL,286041784365979.0,0.1337134855505959
2018,BM,VIB.HM,BN,10003787336565.0,0.9153878118269113
2018,BM,VIC.HM,BL,343099305356297.0,0.17270892354161232
2018,BM,VJC.HM,BL,57755930986717.0,0.19947579838913232
2018,BM,VND.HM,SN,3171445620698.0,0.8341727249397854
2018,BM,VNM.HM,BL,168060928336596.0,0.15643695010843298
2018,BM,VPB.HM,BN,60202451408691.0,0.5254807281059164
2018,BM,VPI.HM,BL,5987691088817.0,0.3410934864994035
2018,BM,VRE.HM,BL,71645742184902.0,0.37176743766360126
2018,BM,VSH.HM,SH,2772596649860.0,1.10372060055707
2018,BM,YEG.HM,BL,8731010356328.0,0.037845676762771514
2019,BM,AAA.HM,SH,2734022799567.0,1.1427384196078416
2019,BM,ACB.HM,BN,32663839552618.0,0.6852668059412499
2019,BM,ANV.HM,SN,2729109341801.0,0.7596696333646474
2019,BM,AST.HM,SL,2024402609655.0,0.2955284318730242
2019,BM,BHN.HM,BL,17010609432115.0,0.2940934169014656
2019,BM,BID.HM,BN,93872306486709.0,0.6035038886364337
2019,BM,BSR.HM,SH,2910591431365.0,10.985853703370628
2019,BM,BVH.HM,BL,47649327137804.0,0.33390462217054206
2019,BM,BWE.HM,SH,3400396967874.0,1.2598057265529639
2019,BM,CII.HM,SH,4932793221236.0,1.571535437990969
2019,BM,CMG.HM,SN,2528103089434.0,0.5389635858967498
2019,BM,CTD.HM,BH,7314985860322.0,1.1212107010567713
2019,BM,CTG.HM,BN,69309977002519.0,1.0117662569337076
2019,BM,DBC.HM,SH,2051564056325.0,1.348524736856537
2019,BM,DCM.HM,SH,2950980538727.0,2.022025156108294
2019,BM,DGC.HM,SH,2744268731645.0,1.1579094863709791
2019,BM,DHG.HM,BL,9916198059815.0,0.30434486126543786
2019,BM,DIG.HM,SN,4049303949478.0,0.7521086763606868
2019,BM,DPM.HM,SH,3589486324259.0,2.249487487744885
2019,BM,DXG.HM,SH,5722951288983.0,1.1566698493102732
2019,BM,EIB.HM,BN,22763993800825.0,0.6693024577896267
2019,BM,FPT.HM,BN,24041244007157.0,0.6460881637195623
2019,BM,FRT.HM,SL,4183244390745.0,0.29229484981087617
2019,BM,GAS.HM,BL,144725410741196.0,0.317347184792384
2019,BM,GEG.HM,SN,4531994208616.0,0.5664220684520531
2019,BM,GEX.HM,BN,8816290169242.0,0.8940060048027726
2019,BM,GMD.HM,BN,6061996187399.0,1.100346593156305
2019,BM,HAG.HM,SH,4961586164050.0,3.3783147765225596
2019,BM,HCM.HM,SN,4843796419021.0,0.6404831222165677
2019,BM,HDB.HM,BN,24582362537853.0,0.7205637364075361
2019,BM,HDG.HM,SN,3578796878827.0,0.8243199465402259
2019,BM,HNA.HM,SN,2295543647356.0,1.084265472033955
2019,BM,HPG.HM,BN,55815183642639.0,0.7562659761597483
2019,BM,HPX.HM,SL,5299898066238.0,0.48911236077697634
2019,BM,HSG.HM,SH,2287056736852.0,2.2851496789382897
2019,BM,HT1.HM,SH,4637622750001.0,1.1364989683373585
2019,BM,HVN.HM,BL,59568265370106.0,0.3336396995297235
2019,BM,IMP.HM,SN,2097792310338.0,0.7345504075881192
2019,BM,KBC.HM,BH,6243760963720.0,1.5920884459051152
2019,BM,KDC.HM,SH,2971745523917.0,2.82642135927975
2019,BM,KDH.HM,BN,12878060574962.0,0.5437117584004423
2019,BM,KLB.HM,SH,3358907798483.0,1.1346917595419939
2019,BM,KOS.HM,SL,2324001448557.0,0.4841658556037697
2019,BM,LDG.HM,SH,2041273285928.0,1.2978210097917497
2019,BM,LGC.HM,SN,5767135012900.0,0.6256170599751072
2019,BM,LPB.HM,BH,6453027790936.0,1.800338132173902
2019,BM,MBB.HM,BN,33526095205244.0,1.0777103858593258
2019,BM,MCH.HM,BL,41904729809673.0,0.27881731994885695
2019,BM,MSN.HM,BL,94362250826621.0,0.3700008498541475
2019,BM,MWG.HM,BL,38936103407494.0,0.25727045873717336
2019,BM,NLG.HM,SN,5750009612593.0,1.0031466903553299
2019,BM,NT2.HM,SN,4842963974213.0,0.7974272129144994
2019,BM,NVL.HM,BL,55454653341119.0,0.37416752954043997
2019,BM,PAN.HM,SH,4306829827933.0,1.3554696541241695
2019,BM,PC1.HM,SH,2915614743414.0,1.156951626103443
2019,BM,PDR.HM,BL,8180054311946.0,0.4463668669156269
2019,BM,PGD.HM,SN,2116223728521.0,0.667673451779831
2019,BM,PHR.HM,BL,5902890619881.0,0.4740707669345929
2019,BM,PLX.HM,BL,55785999500776.0,0.4481458653365929
2019,BM,PNJ.HM,BL,9306193725515.0,0.43414289922923527
2019,BM,POW.HM,BN,33957254339027.0,0.8165042472987661
2019,BM,PPC.HM,SH,4966554576978.0,1.1792104937976084
2019,BM,PTB.HM,SN,2429509146032.0,0.716888026233452
2019,BM,PVD.HM,BH,6982535163783.0,1.9720260211593157
2019,BM,PVT.HM,SH,3990269172381.0,1.272961622691754
2019,BM,REE.HM,BN,8732496197862.0,1.1114384334707474
2019,BM,SAB.HM,BL,137716010822117.0,0.12534176680140097
2019,BM,SAM.HM,SH,2042096547190.0,1.3848098332967242
2019,BM,SBT.HM,BN,8060668813274.0,0.7692408255588045
2019,BM,SCR.HM,SH,2472925008168.0,1.8589719620465308
2019,BM,SCS.HM,SL,5560873819328.0,0.16609522668896234
2019,BM,SGN.HM,SL,2376842654915.0,0.32554812439306025
2019,BM,SHB.HM,BH,7550042614882.0,2.2603612814530747
2019,BM,SIP.HM,SL,3917607178151.0,0.3803903890530806
2019,BM,SJS.HM,SN,2232390449779.0,1.011603173005226
2019,BM,SSI.HM,BN,9220406155225.0,1.0163208777955757
2019,BM,STB.HM,BH,20471466419150.0,1.2445243285633587
2019,BM,TCB.HM,BN,69319407740333.0,0.7771988070326983
2019,BM,TCH.HM,SN,5467974208086.0,0.8209539536252323
2019,BM,TDM.HM,SL,2494784154909.0,0.44821869653841373
2019,BM,TLG.HM,SN,2826258405641.0,0.6021460566136819
2019,BM,TPB.HM,BN,15439213473048.0,0.7346544576121321
2019,BM,VCB.HM,BL,254357274961789.0,0.2869659537395392
2019,BM,VCF.HM,SN,2773957533145.0,0.5431799734477907
2019,BM,VCG.HM,BN,10162825763268.0,0.7448032296566681
2019,BM,VCI.HM,SH,2947507586676.0,1.2267793943132186
2019,BM,VGC.HM,BH,6181144627498.0,1.1478584577605881
2019,BM,VHC.HM,BN,6694352435374.0,0.645698404449408
2019,BM,VHM.HM,BL,121457938386289.0,0.41788813090844185
2019,BM,VIB.HM,BH,9154433342230.0,1.2292864647435067
2019,BM,VIC.HM,BL,387124750619210.0,0.26444416536838194
2019,BM,VJC.HM,BL,53327901192212.0,0.2907881217106976
2019,BM,VND.HM,SN,2799443734120.0,1.0973568582155033
2019,BM,VNM.HM,BL,150429979240154.0,0.19227039031440998
2019,BM,VPB.HM,BN,40196829223116.0,0.9000686048936918
2019,BM,VPI.HM,BL,5767959305733.0,0.42644883278825646
2019,BM,VRE.HM,BL,78714062258000.0,0.36984843853893734
2019,BM,VSH.HM,SN,2868756071235.0,1.0693904753154222
2019,BM,VTP.HM,BL,7398286553209.0,0.10121551877781747
2019,BM,YEG.HM,SN,2299075149827.0,0.6810766148365469
2020,BM,ACB.HM,BN,34356093947829.0,0.856103288245275
2020,BM,AGG.HM,SN,2037966799776.0,0.7135272915951477
2020,BM,BCM.HM,BN,25360555946175.0,0.632989966389092
2020,BM,BHN.HM,BL,10127895310772.0,0.5018974260195562
2020,BM,BID.HM,BL,136529815706726.0,0.5806007837165408
2020,BM,BMP.HM,SN,2485335082098.0,1.0347305588255469
2020,BM,BVH.HM,BN,28810518261159.0,0.6945168451431757
2020,BM,BWE.HM,SN,3044842151929.0,0.7349149000667733
2020,BM,CII.HM,SH,3834622096221.0,2.3240346220297763
2020,BM,CMG.HM,SN,2997426953577.0,0.7514454265703054
2020,BM,CTD.HM,SH,4901307123201.0,1.7532023192841666
2020,BM,CTG.HM,BN,76596410482729.0,1.0289155001300014
2020,BM,CTR.HM,SL,2351440689208.0,0.3967323698188671
2020,BM,DBC.HM,SN,4357136579145.0,0.7745165081311753
2020,BM,DBD.HM,SL,2207495213485.0,0.45050294067591534
2020,BM,DCM.HM,SH,3309591261070.0,1.8685647490175676
2020,BM,DGC.HM,SN,4120307452837.0,0.8861256904052297
2020,BM,DHG.HM,BL,8633704811991.0,0.408814509921732
2020,BM,DIG.HM,SN,3756929855124.0,1.0610380811596045
2020,BM,DPM.HM,SH,3431395780572.0,2.4093016806341354
2020,BM,DXG.HM,SH,5096943138781.0,1.7677165768611747
2020,BM,EIB.HM,BN,21553143067254.0,0.7496587365277747
2020,BM,FIT.HM,SH,2279837018078.0,1.7840381621129748
2020,BM,FPT.HM,BL,28872387032169.0,0.6106419070174994
2020,BM,GAS.HM,BL,103432108770881.0,0.5023886819310219
2020,BM,GEG.HM,SL,4392241083280.0,0.6054718953229798
2020,BM,GEX.HM,BN,7341612953117.0,1.1761051407918584
2020,BM,GMD.HM,SH,4592760311562.0,1.4552539015098076
2020,BM,GVR.HM,BH,39204271368000.0,1.2906451408260744
2020,BM,HAG.HM,SH,4822476271600.0,3.403550632205458
2020,BM,HCM.HM,SN,3888024017925.0,1.1324201296474428
2020,BM,HDB.HM,BN,21828075096893.0,0.9798302830213523
2020,BM,HDG.HM,SH,2772896905268.0,1.2362762410659036
2020,BM,HHV.HM,SH,3745648042534.0,1.9666040578429855
2020,BM,HNA.HM,SN,2133692407662.0,1.147488071857474
2020,BM,HPG.HM,BN,63653060496805.0,0.7865043489569034
2020,BM,HPX.HM,BL,6577868146276.0,0.4597789238854258
2020,BM,HSG.HM,SH,3705258799962.0,1.5763598972001367
2020,BM,HT1.HM,SH,4190642559900.0,1.3010341884789867
2020,BM,HVN.HM,BL,35599130018384.0,0.4478309477879677
2020,BM,IMP.HM,SN,2505109435507.0,0.6386960405125699
2020,BM,KBC.HM,BH,6506178621113.0,1.6100592526220874
2020,BM,KDC.HM,SH,4624650230279.0,1.7738579374784618
2020,BM,KDH.HM,BN,11934161242584.0,0.6551396236462379
2020,BM,KLB.HM,SN,3326918200594.0,1.1534449507399531
2020,BM,KOS.HM,SL,3413377127572.0,0.33481968476420365
2020,BM,LGC.HM,BL,7187778241867.0,0.5527574705586634
2020,BM,LPB.HM,BH,7462268984025.0,1.7508690758762695
2020,BM,MBB.HM,BH,30383474861679.0,1.447630667665161
2020,BM,MCH.HM,BL,34961370872264.0,0.3880322991164933
2020,BM,MSN.HM,BN,61505997224708.0,0.8383964219229812
2020,BM,MWG.HM,BL,34657329535717.0,0.3860300581014231
2020,BM,NLG.HM,SN,5512964621147.0,1.1439590099812538
2020,BM,NT2.HM,SN,4023476409856.0,1.0702444933082422
2020,BM,NTC.HM,SL,2360204430168.0,0.28216396028991286
2020,BM,NVL.HM,BL,59626792953406.0,0.41417808954959584
2020,BM,PAN.HM,SH,3624625729132.0,1.7004295190560192
2020,BM,PC1.HM,SH,2668663767883.0,1.4210566298385265
2020,BM,PDR.HM,BL,8923091598126.0,0.463239406116722
2020,BM,PGV.HM,BH,9109434359263.0,1.283122337527954
2020,BM,PHR.HM,SL,5178897343107.0,0.5355354483584128
2020,BM,PLX.HM,BL,44698213137477.0,0.4912923227694943
2020,BM,PNJ.HM,BN,7638757438236.0,0.652662166777912
2020,BM,POW.HM,BH,21670089941547.0,1.3795069786138554
2020,BM,PPC.HM,SH,4556211108636.0,1.3328833654400296
2020,BM,PVD.HM,SH,4110094403870.0,3.4510226323863855
2020,BM,PVT.HM,SH,2744031600282.0,2.1200149026400266
2020,BM,QCG.HM,SH,2107489220060.0,2.0187338115698052
2020,BM,REE.HM,BH,8844967754058.0,1.2187614495950272
2020,BM,SAB.HM,BL,80549558568933.0,0.2295071530799065
2020,BM,SAM.HM,SN,2459877037939.0,1.1733985725710805
2020,BM,SBT.HM,BN,7157225057216.0,1.0875156433143718
2020,BM,SCR.HM,SH,2117539588755.0,2.2597839915472044
2020,BM,SCS.HM,SL,4127862073924.0,0.2727127567203027
2020,BM,SHB.HM,BN,21058883513265.0,0.9119365225560587
2020,BM,SIP.HM,SL,4933966806383.0,0.3783090282276025
2020,BM,SJS.HM,SN,2670895716943.0,0.8391370365669844
2020,BM,SSI.HM,BH,6787393022537.0,1.3672578061342715
2020,BM,STB.HM,BH,19389274361750.0,1.4207104652839497
2020,BM,TCB.HM,BN,66661890095249.0,0.9689309725198354
2020,BM,TCH.HM,SN,5830281436321.0,0.8096260257332645
2020,BM,TLG.HM,SN,2043883183788.0,0.8462256322191062
2020,BM,TPB.HM,BN,13750547476670.0,1.0081661856388275
2020,BM,VBB.HM,SN,5447254412401.0,0.9525652020561476
2020,BM,VCB.HM,BL,289714740130440.0,0.2936405167431161
2020,BM,VCF.HM,SL,3678361490092.0,0.4200337937409618
2020,BM,VCG.HM,BN,10124183840192.0,0.7577498028725556
2020,BM,VGC.HM,BN,6069921723845.0,1.180929834468001
2020,BM,VHC.HM,SN,5257570293649.0,0.9566049397906098
2020,BM,VHM.HM,BN,114934631923835.0,0.6293888777399783
2020,BM,VIB.HM,BN,11825472108398.0,1.2079690239052254
2020,BM,VIC.HM,BL,301036342833983.0,0.4056398667696515
2020,BM,VJC.HM,BL,43518911634131.0,0.3160398776625021
2020,BM,VND.HM,SH,2389924195381.0,1.3835840089199376
2020,BM,VNM.HM,BL,143177909992769.0,0.22522164234378458
2020,BM,VPB.HM,BN,43157025374684.0,1.0316683463109513
2020,BM,VPI.HM,BL,6056709844311.0,0.44471212861616066
2020,BM,VRE.HM,BL,56353496568000.0,0.4870275434796158
2020,BM,VSH.HM,SN,2820676360547.0,1.1160535370802054
2020,BM,VTP.HM,BL,7233204085703.0,0.14739816292303318
2020,OP,ACB.HM,BN,34356093947829.0,0.045782
2020,OP,BCM.HM,BN,25360555946175.0,0.051335
2020,OP,BHN.HM,BW,10127895310772.0,-0.007877
2020,OP,BID.HM,BR,136529815706726.0,0.1022
2020,OP,BMP.HM,SN,2485335082098.0,0.057575
2020,OP,BVH.HM,BR,28810518261159.0,0.670236
2020,OP,BWE.HM,SW,3044842151929.0,0.022887
2020,OP,CII.HM,SW,3834622096221.0,-0.011339
2020,OP,CMG.HM,SN,2997426953577.0,0.045791
2020,OP,CTD.HM,SN,4901307123201.0,0.045999
2020,OP,CTG.HM,BW,76596410482729.0,-0.032217
2020,OP,CTR.HM,SN,2351440689208.0,0.06094
2020,OP,DBC.HM,SN,4357136579145.0,0.039423
2020,OP,DBD.HM,SN,2207495213485.0,0.04742
2020,OP,DCM.HM,SW,3309591261070.0,0.015642
2020,OP,DGC.HM,SR,4120307452837.0,0.093018
2020,OP,DHG.HM,BR,8633704811991.0,0.070584
2020,OP,DIG.HM,SN,3756929855124.0,0.051632
2020,OP,DPM.HM,SW,3431395780572.0,0.027824
2020,OP,DXG.HM,SR,5096943138781.0,0.118563
2020,OP,EIB.HM,BW,21553143067254.0,-0.005801
2020,OP,FIT.HM,SW,2279837018078.0,0.001409
2020,OP,FPT.HM,BN,28872387032169.0,0.060937
2020,OP,GAS.HM,BR,103432108770881.0,0.069911
2020,OP,GEG.HM,SW,4392241083280.0,0.025343
2020,OP,GEX.HM,BN,7341612953117.0,0.033
2020,OP,GMD.HM,SW,4592760311562.0,0.007188
2020,OP,HAG.HM,SW,4822476271600.0,-0.02241
2020,OP,HCM.HM,SN,3888024017925.0,0.028847
2020,OP,HDB.HM,BR,21828075096893.0,0.075143
2020,OP,HDG.HM,SR,2772896905268.0,0.263712
2020,OP,HNA.HM,SW,2133692407662.0,0.020826
2020,OP,HPG.HM,BN,63653060496805.0,0.049592
2020,OP,HPX.HM,BR,6577868146276.0,0.128621
2020,OP,HSG.HM,SW,3705258799962.0,-0.024747
2020,OP,HT1.HM,SN,4190642559900.0,0.048816
2020,OP,HVN.HM,BW,35599130018384.0,0.019142
2020,OP,IMP.HM,SN,2505109435507.0,0.029817
2020,OP,KBC.HM,BN,6506178621113.0,0.037069
2020,OP,KDC.HM,SW,4624650230279.0,-0.007218
2020,OP,KDH.HM,BR,11934161242584.0,0.085587
2020,OP,KLB.HM,SW,3326918200594.0,-4.3e-05
2020,OP,LGC.HM,BW,7187778241867.0,0.020075
2020,OP,LPB.HM,BN,7462268984025.0,0.052016
2020,OP,MBB.HM,BN,30383474861679.0,0.057724
2020,OP,MCH.HM,BR,34961370872264.0,0.092443
2020,OP,MSN.HM,BN,61505997224708.0,0.035659
2020,OP,MWG.HM,BR,34657329535717.0,0.093927
2020,OP,NLG.HM,SN,5512964621147.0,0.030335
2020,OP,NT2.HM,SN,4023476409856.0,0.056109
2020,OP,NTC.HM,SR,2360204430168.0,0.657899
2020,OP,NVL.HM,BR,59626792953406.0,0.116694
2020,OP,PAN.HM,SN,3624625729132.0,0.031376
2020,OP,PC1.HM,SW,2668663767883.0,0.021408
2020,OP,PDR.HM,BR,8923091598126.0,0.104178
2020,OP,PHR.HM,SN,5178897343107.0,0.030562
2020,OP,PLX.HM,BN,44698213137477.0,0.033555
2020,OP,PNJ.HM,BR,7638757438236.0,0.090727
2020,OP,PPC.HM,SN,4556211108636.0,0.066105
2020,OP,PVD.HM,SW,4110094403870.0,0.025516
2020,OP,PVT.HM,SN,2744031600282.0,0.052981
2020,OP,QCG.HM,SW,2107489220060.0,0.00219
2020,OP,REE.HM,BW,8844967754058.0,0.020271
2020,OP,SAB.HM,BR,80549558568933.0,0.06846
2020,OP,SAM.HM,SW,2459877037939.0,0.025171
2020,OP,SBT.HM,BW,7157225057216.0,-0.031295
2020,OP,SCR.HM,SW,2117539588755.0,0.013455
2020,OP,SCS.HM,SR,4127862073924.0,0.138873
2020,OP,SHB.HM,BR,21058883513265.0,0.094847
2020,OP,SJS.HM,SN,2670895716943.0,0.028091
2020,OP,SSI.HM,BN,6787393022537.0,0.045986
2020,OP,STB.HM,BN,19389274361750.0,0.029197
2020,OP,TCB.HM,BN,66661890095249.0,0.045694
2020,OP,TCH.HM,SW,5830281436321.0,0.008677
2020,OP,TLG.HM,SN,2043883183788.0,0.043717
2020,OP,TPB.HM,BN,13750547476670.0,0.06671
2020,OP,VBB.HM,SW,5447254412401.0,0.012859
2020,OP,VCB.HM,BR,289714740130440.0,0.123053
2020,OP,VCF.HM,SR,3678361490092.0,0.177559
2020,OP,VCG.HM,BN,10124183840192.0,0.03532
2020,OP,VGC.HM,BW,6069921723845.0,0.021524
2020,OP,VHC.HM,SR,5257570293649.0,0.115752
2020,OP,VHM.HM,BN,114934631923835.0,0.036949
2020,OP,VIB.HM,BR,11825472108398.0,0.07662
2020,OP,VIC.HM,BN,301036342833983.0,0.055014
2020,OP,VJC.HM,BR,43518911634131.0,0.14254
2020,OP,VND.HM,SN,2389924195381.0,0.067037
2020,OP,VNM.HM,BR,143177909992769.0,0.099421
2020,OP,VPB.HM,BR,43157025374684.0,0.112
2020,OP,VPI.HM,SR,6056709844311.0,0.170988
2020,OP,VRE.HM,BN,56353496568000.0,0.031549
2020,OP,VSH.HM,SW,2820676360547.0,0.007267
2020,OP,VTP.HM,BR,7233204085703.0,0.156355
2021,BM,AAA.HM,SH,5400348994974.0,0.7643312302968805
2021,BM,ACB.HM,BN,87415890525933.0,0.4338951965346369
2021,BM,APH.HM,SN,11433296124640.0,0.39079140061297807
2021,BM,BCM.HM,BL,52418421139410.0,0.3249395332573291
2021,BM,BHN.HM,BN,13250106480594.0,0.3862983801665674
2021,BM,BID.HM,BN,173093812285973.0,0.4752526558493643
2021,BM,BSR.HM,BN,60178349709447.0,0.5468883043179322
2021,BM,BVB.HM,SN,8516489218620.0,0.47257078552987913
2021,BM,BVH.HM,BN,37519582347562.0,0.566829035239752
2021,BM,BWE.HM,SN,6093324450072.0,0.5724948727881675
2021,BM,CTD.HM,SH,4610243107131.0,1.8166214960360056
2021,BM,CTG.HM,BN,189998190231221.0,0.4833577882412329
2021,BM,CTR.HM,SL,5890354835435.0,0.19405157025308264
2021,BM,DBC.HM,SH,7027185105684.0,0.6445056054565333
2021,BM,DCM.HM,SH,8577572763036.0,0.7529286114349567
2021,BM,DGC.HM,SN,11748042130470.0,0.3665082728056016
2021,BM,DGW.HM,SL,5310892880493.0,0.23827993502111983
2021,BM,DHG.HM,SN,9487930495891.0,0.3975572036677084
2021,BM,DIG.HM,SN,10504662565749.0,0.45795461184773356
2021,BM,DPM.HM,SH,6365700345319.0,1.2802215652134359
2021,BM,DXG.HM,SH,10911302879891.0,0.887111700154152
2021,BM,EIB.HM,BN,36688777243414.0,0.4631562640330388
2021,BM,FPT.HM,BL,66397239674646.0,0.2971554318297373
2021,BM,GAS.HM,BL,150860386614033.0,0.3418828499792162
2021,BM,GEG.HM,SH,4593671815913.0,0.7262959153232177
2021,BM,GEX.HM,BN,16221973747692.0,0.5289573249568865
2021,BM,GMD.HM,SH,10948577147029.0,0.6170597879648941
2021,BM,GVR.HM,BN,130850673960000.0,0.39844775036652014
2021,BM,HAG.HM,SH,5471655769700.0,0.867023696057566
2021,BM,HCM.HM,SN,11643911428511.0,0.4089835128261515
2021,BM,HDB.HM,BN,51555687088701.0,0.5122901757580953
2021,BM,HDG.HM,SH,6437496427330.0,0.6763809709463307
2021,BM,HHV.HM,SH,4866387911925.0,1.529632894115187
2021,BM,HPG.HM,BL,202337516490627.0,0.32728265873457835
2021,BM,HPX.HM,SN,9177959661683.0,0.40192344323232326
2021,BM,HSG.HM,BN,14922953803177.0,0.5457957682034107
2021,BM,HT1.HM,SH,5382583951234.0,1.017576568209644
2021,BM,HVN.HM,BL,39144860101266.0,0.026322168224626664
2021,BM,IJC.HM,SN,5721594039690.0,0.5878774754115974
2021,BM,IMP.HM,SL,4951365706381.0,0.3579500622823963
2021,BM,KBC.HM,BH,18038791267200.0,0.6301715846823743
2021,BM,KDC.HM,SH,12015342332733.0,0.6519829261617992
2021,BM,KDH.HM,BL,23396904673006.0,0.3574783136441877
2021,BM,KLB.HM,SN,8349285099749.0,0.5321180133294959
2021,BM,KOS.HM,SL,4769405581500.0,0.3623818453069003
2021,BM,LGC.HM,SN,9682782205615.0,0.4684203514976119
2021,BM,LPB.HM,BN,29980909554077.0,0.503944017200286
2021,BM,MBB.HM,BN,92089361997746.0,0.5833873080944458
2021,BM,MCH.HM,BL,64446682729168.0,0.23550997049087283
2021,BM,MSB.HM,BN,34941403560059.0,0.508889403066955
2021,BM,MSN.HM,BL,129437352664435.0,0.19627333591921076
2021,BM,MWG.HM,BL,69395823708707.0,0.24430179438956445
2021,BM,NAB.HM,SH,10133127227398.0,0.687519345574123
2021,BM,NKG.HM,SH,5358161090983.0,0.6531733046885552
2021,BM,NLG.HM,SH,10235390250985.0,0.9575178118575249
2021,BM,NVL.HM,BL,178306331248516.0,0.21176432885840255
2021,BM,OCB.HM,BN,31912623563437.0,0.5785603634557925
2021,BM,ORS.HM,SL,5080001882856.0,0.20814666665803147
2021,BM,PAN.HM,SH,5047681893433.0,1.2061955015214183
2021,BM,PC1.HM,SH,5066467642889.0,1.016899564587405
2021,BM,PDR.HM,BL,45464506308501.0,0.15105473543879402
2021,BM,PGV.HM,BH,15182390597963.0,1.0376654837353958
2021,BM,PHR.HM,SN,6133818099299.0,0.5408359284391113
2021,BM,PLX.HM,BN,59826904228320.0,0.4425703768388605
2021,BM,PNJ.HM,BN,13688551415972.0,0.42027451254669473
2021,BM,POW.HM,BH,27756960293362.0,1.1364178782825345
2021,BM,PPC.HM,SH,5375129251636.0,1.1604691333170216
2021,BM,PVD.HM,SH,9060328345168.0,1.5348653224743747
2021,BM,PVT.HM,SH,6401064977500.0,1.0082146287650304
2021,BM,REE.HM,BH,16597344361208.0,0.7608135608406414
2021,BM,SAB.HM,BL,88369415767850.0,0.23968722172577658
2021,BM,SBT.HM,BH,12226711741536.0,0.6706784439170754
2021,BM,SCS.HM,SL,5442759922246.0,0.2118474810890043
2021,BM,SHB.HM,BN,51012974371368.0,0.5020751939211648
2021,BM,SIP.HM,SL,11905293415502.0,0.25275987898657887
2021,BM,SJS.HM,SL,6549104636244.0,0.33289929937603957
2021,BM,SSB.HM,BL,49739861031231.0,0.2859967781387253
2021,BM,SSI.HM,BN,29802291735530.0,0.3841051997573308
2021,BM,STB.HM,BN,55191794927400.0,0.5387371445178095
2021,BM,TCB.HM,BN,179941969264968.0,0.4395459565274313
2021,BM,TCH.HM,SH,7116406024089.0,1.2450085188612046
2021,BM,TCM.HM,SL,6008971759393.0,0.27765672736470604
2021,BM,TPB.HM,BN,32194165307046.0,0.5575490412255387
2021,BM,VBB.HM,SH,9075963273270.0,0.5936229398225465
2021,BM,VCB.HM,BL,423384856636704.0,0.2385717803002864
2021,BM,VCF.HM,SL,4635054985506.0,0.33975034004932875
2021,BM,VCG.HM,BN,19733423255524.0,0.38985485788232116
2021,BM,VCI.HM,SN,11668605436666.0,0.4208644574152438
2021,BM,VGC.HM,SH,10471308258235.0,0.6966535133808193
2021,BM,VHC.HM,SH,7131993762170.0,0.7531024194968965
2021,BM,VHM.HM,BN,179632934665674.0,0.5266555221406065
2021,BM,VIB.HM,BL,56460419980532.0,0.3422882261000479
2021,BM,VIC.HM,BL,405806279469779.0,0.34443640246924573
2021,BM,VJC.HM,BL,50619843709795.0,0.28900851407812944
2021,BM,VND.HM,BL,17498865670321.0,0.25668572613059004
2021,BM,VNM.HM,BL,140940189938342.0,0.24098123208352012
2021,BM,VPB.HM,BN,143868251352469.0,0.38921243202445466
2021,BM,VPI.HM,SN,6375950178751.0,0.4649320455778248
2021,BM,VRE.HM,BN,72146109517500.0,0.4174438954701325
2021,BM,VTP.HM,SL,7831436878853.0,0.16819919543933354
2021,OP,AAA.HM,SW,5400348994974.0,0.025845
2021,OP,ACB.HM,BN,87415890525933.0,0.044615
2021,OP,BCM.HM,BN,52418421139410.0,0.03063
2021,OP,BHN.HM,BW,13250106480594.0,0.028286
2021,OP,BID.HM,BR,173093812285973.0,0.071123
2021,OP,BSR.HM,BN,60178349709447.0,0.049086
2021,OP,BVB.HM,SW,8516489218620.0,0.020257
2021,OP,BVH.HM,BR,37519582347562.0,0.609772
2021,OP,BWE.HM,SR,6093324450072.0,0.076273
2021,OP,CTD.HM,SN,4610243107131.0,0.031594
2021,OP,CTG.HM,BN,189998190231221.0,0.057311
2021,OP,CTR.HM,SR,5890354835435.0,0.092009
2021,OP,DBC.HM,SR,7027185105684.0,0.090677
2021,OP,DCM.HM,SW,8577572763036.0,0.02046
2021,OP,DGC.HM,SN,11748042130470.0,0.053603
2021,OP,DGW.HM,SN,5310892880493.0,0.052489
2021,OP,DHG.HM,SR,9487930495891.0,0.07534
2021,OP,DIG.HM,SR,10504662565749.0,0.087498
2021,OP,DPM.HM,SN,6365700345319.0,0.035711
2021,OP,DXG.HM,SN,10911302879891.0,0.069044
2021,OP,EIB.HM,BN,36688777243414.0,0.031044
2021,OP,FPT.HM,BN,66397239674646.0,0.066063
2021,OP,GAS.HM,BR,150860386614033.0,0.075915
2021,OP,GEG.HM,SN,4593671815913.0,0.031264
2021,OP,GEX.HM,BW,16221973747692.0,0.027934
2021,OP,GMD.HM,SW,10948577147029.0,0.002689
2021,OP,GVR.HM,BW,130850673960000.0,0.021734
2021,OP,HAG.HM,SW,5471655769700.0,-0.042038
2021,OP,HCM.HM,SN,11643911428511.0,0.039819
2021,OP,HDB.HM,BR,51555687088701.0,0.088781
2021,OP,HDG.HM,SR,6437496427330.0,0.10088
2021,OP,HHV.HM,SW,4866387911925.0,-0.012205
2021,OP,HPG.HM,BN,202337516490627.0,0.047101
2021,OP,HPX.HM,SN,9177959661683.0,0.036268
2021,OP,HSG.HM,BN,14922953803177.0,0.039542
2021,OP,HT1.HM,SN,5382583951234.0,0.051789
2021,OP,HVN.HM,BW,39144860101266.0,-0.030306
2021,OP,IJC.HM,SN,5721594039690.0,0.039621
2021,OP,IMP.HM,SN,4951365706381.0,0.045474
2021,OP,KBC.HM,BN,18038791267200.0,0.048278
2021,OP,KDC.HM,SW,12015342332733.0,-0.002161
2021,OP,KDH.HM,BN,23396904673006.0,0.068824
2021,OP,KLB.HM,SW,8349285099749.0,-0.032622
2021,OP,KOS.HM,SW,4769405581500.0,0.002989
2021,OP,LGC.HM,SW,9682782205615.0,0.009007
2021,OP,LPB.HM,BN,29980909554077.0,0.040895
2021,OP,MBB.HM,BR,92089361997746.0,0.077566
2021,OP,MCH.HM,BR,64446682729168.0,0.12925
2021,OP,MSB.HM,BW,34941403560059.0,0.028997
2021,OP,MSN.HM,BN,129437352664435.0,0.038876
2021,OP,MWG.HM,BR,69395823708707.0,0.090105
2021,OP,NAB.HM,SN,10133127227398.0,0.065025
2021,OP,NKG.HM,SW,5358161090983.0,0.00473
2021,OP,NLG.HM,SN,10235390250985.0,0.060252
2021,OP,NVL.HM,BW,178306331248516.0,-0.012155
2021,OP,OCB.HM,BR,31912623563437.0,0.085476
2021,OP,ORS.HM,SR,5080001882856.0,0.091905
2021,OP,PAN.HM,SW,5047681893433.0,0.025359
2021,OP,PC1.HM,SW,5066467642889.0,0.020789
2021,OP,PDR.HM,BR,45464506308501.0,0.137186
2021,OP,PGV.HM,BW,15182390597963.0,0.025707
2021,OP,PHR.HM,SW,6133818099299.0,0.008799
2021,OP,PLX.HM,BN,59826904228320.0,0.037774
2021,OP,PNJ.HM,BR,13688551415972.0,0.10921
2021,OP,POW.HM,BW,27756960293362.0,0.014173
2021,OP,PPC.HM,SR,5375129251636.0,0.085391
2021,OP,PVD.HM,SW,9060328345168.0,0.002176
2021,OP,PVT.HM,SN,6401064977500.0,0.03518
2021,OP,REE.HM,BW,16597344361208.0,0.017254
2021,OP,SAB.HM,BN,88369415767850.0,0.068049
2021,OP,SBT.HM,BW,12226711741536.0,-0.022845
2021,OP,SCS.HM,SR,5442759922246.0,0.145676
2021,OP,SHB.HM,BR,51012974371368.0,0.102332
2021,OP,SIP.HM,SR,11905293415502.0,0.173729
2021,OP,SJS.HM,SN,6549104636244.0,0.050108
2021,OP,SSI.HM,BN,29802291735530.0,0.033558
2021,OP,STB.HM,BW,55191794927400.0,0.022985
2021,OP,TCB.HM,BN,179941969264968.0,0.059245
2021,OP,TCH.HM,SN,7116406024089.0,0.060554
2021,OP,TCM.HM,SN,6008971759393.0,0.050924
2021,OP,TPB.HM,BR,32194165307046.0,0.087482
2021,OP,VBB.HM,SN,9075963273270.0,0.034481
2021,OP,VCB.HM,BR,423384856636704.0,0.088004
2021,OP,VCF.HM,SR,4635054985506.0,0.203172
2021,OP,VCG.HM,BW,19733423255524.0,0.025383
2021,OP,VCI.HM,SN,11668605436666.0,0.055268
2021,OP,VGC.HM,SW,10471308258235.0,0.028372
2021,OP,VHC.HM,SN,7131993762170.0,0.041675
2021,OP,VHM.HM,BR,179632934665674.0,0.120457
2021,OP,VIB.HM,BR,56460419980532.0,0.092093
2021,OP,VIC.HM,BW,405806279469779.0,-0.014756
2021,OP,VJC.HM,BW,50619843709795.0,-0.011672
2021,OP,VND.HM,BN,17498865670321.0,0.051379
2021,OP,VNM.HM,BR,140940189938342.0,0.089781
2021,OP,VPB.HM,BR,143868251352469.0,0.146897
2021,OP,VPI.HM,SR,6375950178751.0,0.228912
2021,OP,VRE.HM,BN,72146109517500.0,0.040792
2021,OP,VTP.HM,SR,7831436878853.0,0.163251
2021,INV,AAA.HM,SN,5400348994974.0,0.060868
2021,INV,ACB.HM,BN,87415890525933.0,0.164518
2021,INV,BCM.HM,BC,52418421139410.0,-0.036947
2021,INV,BHN.HM,BC,13250106480594.0,-0.15546
2021,INV,BID.HM,BN,173093812285973.0,0.134889
2021,INV,BSR.HM,BC,60178349709447.0,0.006998
2021,INV,BVB.HM,SN,8516489218620.0,0.11293
2021,INV,BVH.HM,BN,37519582347562.0,0.133099
2021,INV,BWE.HM,SC,6093324450072.0,-0.549464
2021,INV,CTD.HM,SC,4610243107131.0,-0.03712
2021,INV,CTG.HM,BN,189998190231221.0,0.065638
2021,INV,CTR.HM,SN,5890354835435.0,0.052902
2021,INV,DBC.HM,SN,7027185105684.0,0.148732
2021,INV,DCM.HM,SC,8577572763036.0,-0.077783
2021,INV,DGC.HM,SC,11748042130470.0,-0.001721
2021,INV,DGW.HM,SN,5310892880493.0,0.081733
2021,INV,DHG.HM,SC,9487930495891.0,-0.014062
2021,INV,DIG.HM,SN,10504662565749.0,0.19981
2021,INV,DPM.HM,SC,6365700345319.0,0.027487
2021,INV,DXG.HM,SA,10911302879891.0,0.448097
2021,INV,EIB.HM,BN,36688777243414.0,0.097518
2021,INV,FPT.HM,BN,66397239674646.0,0.122226
2021,INV,GAS.HM,BC,150860386614033.0,-0.006957
2021,INV,GEG.HM,SA,4593671815913.0,0.550998
2021,INV,GEX.HM,BA,16221973747692.0,0.230999
2021,INV,GMD.HM,SC,10948577147029.0,0.013606
2021,INV,GVR.HM,BC,130850673960000.0,0.014783
2021,INV,HAG.HM,SC,5471655769700.0,-0.302132
2021,INV,HCM.HM,SA,11643911428511.0,0.424704
2021,INV,HDB.HM,BN,51555687088701.0,0.062112
2021,INV,HDG.HM,SA,6437496427330.0,0.250158
2021,INV,HPG.HM,BA,202337516490627.0,0.301101
2021,INV,HPX.HM,SC,9177959661683.0,-0.095905
2021,INV,HSG.HM,BC,14922953803177.0,-0.156754
2021,INV,HT1.HM,SC,5382583951234.0,-0.032543
2021,INV,HVN.HM,BC,39144860101266.0,-0.07204
2021,INV,IJC.HM,SC,5721594039690.0,-0.069294
2021,INV,IMP.HM,SN,4951365706381.0,0.041103
2021,INV,KBC.HM,BC,18038791267200.0,-0.028193
2021,INV,KDC.HM,SC,12015342332733.0,-0.048049
2021,INV,KDH.HM,BA,23396904673006.0,0.294238
2021,INV,KLB.HM,SA,8349285099749.0,0.207808
2021,INV,LGC.HM,SA,9682782205615.0,0.20267
2021,INV,LPB.HM,BN,29980909554077.0,0.153994
2021,INV,MBB.HM,BN,92089361997746.0,0.135686
2021,INV,MCH.HM,BA,64446682729168.0,0.200366
2021,INV,MSB.HM,BN,34941403560059.0,0.139431
2021,INV,MSN.HM,BA,129437352664435.0,0.506648
2021,INV,MWG.HM,BA,69395823708707.0,0.483085
2021,INV,NAB.HM,SA,10133127227398.0,0.261507
2021,INV,NKG.HM,SC,5358161090983.0,-0.007099
2021,INV,NLG.HM,SN,10235390250985.0,0.138911
2021,INV,NVL.HM,BA,178306331248516.0,0.301743
2021,INV,ORS.HM,SA,5080001882856.0,3.573756
2021,INV,PAN.HM,SN,5047681893433.0,0.140464
2021,INV,PC1.HM,SA,5066467642889.0,0.260481
2021,INV,PDR.HM,BA,45464506308501.0,0.262625
2021,INV,PHR.HM,SN,6133818099299.0,0.150803
2021,INV,PLX.HM,BN,59826904228320.0,0.097352
2021,INV,PNJ.HM,BA,13688551415972.0,0.336301
2021,INV,PPC.HM,SN,5375129251636.0,0.040243
2021,INV,PVD.HM,SC,9060328345168.0,-0.005336
2021,INV,PVT.HM,SN,6401064977500.0,0.077931
2021,INV,REE.HM,BA,16597344361208.0,0.266012
2021,INV,SAB.HM,BA,88369415767850.0,0.205472
2021,INV,SBT.HM,BC,12226711741536.0,0.019558
2021,INV,SCS.HM,SN,5442759922246.0,0.105554
2021,INV,SHB.HM,BN,51012974371368.0,0.129853
2021,INV,SJS.HM,SC,6549104636244.0,0.031139
2021,INV,SSI.HM,BN,29802291735530.0,0.135085
2021,INV,STB.HM,BN,55191794927400.0,0.117083
2021,INV,TCB.HM,BN,179941969264968.0,0.195367
2021,INV,TCH.HM,SA,7116406024089.0,0.572092
2021,INV,TCM.HM,SC,6008971759393.0,-0.099935
2021,INV,TPB.HM,BA,32194165307046.0,0.207514
2021,INV,VBB.HM,SA,9075963273270.0,0.333954
2021,INV,VCB.HM,BN,423384856636704.0,0.138532
2021,INV,VCF.HM,SC,4635054985506.0,0.003921
2021,INV,VCG.HM,BC,19733423255524.0,-0.038178
2021,INV,VCI.HM,SN,11668605436666.0,0.112591
2021,INV,VGC.HM,SN,10471308258235.0,0.197768
2021,INV,VHC.HM,SN,7131993762170.0,0.049837
2021,INV,VHM.HM,BA,179632934665674.0,0.64795
2021,INV,VIB.HM,BA,56460419980532.0,0.325979
2021,INV,VIC.HM,BA,405806279469779.0,0.401259
2021,INV,VJC.HM,BA,50619843709795.0,0.250026
2021,INV,VND.HM,BN,17498865670321.0,0.108887
2021,INV,VNM.HM,BN,140940189938342.0,0.196268
2021,INV,VPB.HM,BN,143868251352469.0,0.166763
2021,INV,VPI.HM,SA,6375950178751.0,0.334701
2021,INV,VRE.HM,BC,72146109517500.0,-0.073545
2021,INV,VTP.HM,SN,7831436878853.0,0.197444
2022,BM,ACB.HM,BN,73458731545249.0,0.6561960979452495
2022,BM,ACG.HM,SN,7953369277581.0,0.4844349928236764
2022,BM,ANV.HM,SL,5998520292530.0,0.4238071146357276
2022,BM,BAF.HM,SL,4764863438456.0,0.3237310094101754
2022,BM,BCM.HM,BL,65715442843185.0,0.266756970988425
2022,BM,BHN.HM,SN,11064519617280.0,0.440084985325466
2022,BM,BID.HM,BN,155065458766580.0,0.5793535563276713
2022,BM,BSR.HM,BN,81670617463536.0,0.4882543802531395
2022,BM,BVB.HM,SH,4808879688309.0,0.993869946802648
2022,BM,BVH.HM,BN,34209341542650.0,0.6585097355605504
2022,BM,BWE.HM,SN,9034003755018.0,0.43920067179173916
2022,BM,CMG.HM,SL,6341502847772.0,0.42416986974342374
2022,BM,CTG.HM,BH,124660536813569.0,0.7885127524118015
2022,BM,CTR.HM,SL,6427966592437.0,0.21832350170210602
2022,BM,DCM.HM,SN,13376928951953.0,0.67076762921328
2022,BM,DGC.HM,BL,36622814884758.0,0.2078373824461499
2022,BM,DGW.HM,SL,9772349555233.0,0.20414761349645905
2022,BM,DHG.HM,SL,8996990933395.0,0.39585634635524386
2022,BM,DIG.HM,BN,17696134070953.0,0.43324587769797096
2022,BM,DPM.HM,SH,14056840829731.0,0.881382017075176
2022,BM,DXG.HM,SH,10391946796963.0,1.3443850852142447
2022,BM,DXS.HM,SH,7579514997692.0,1.055901334890032
2022,BM,EIB.HM,BN,38747223491044.0,0.47613850329854723
2022,BM,FPT.HM,BL,79461292001351.0,0.288938189441919
2022,BM,FRT.HM,SL,10722339120796.0,0.17240907619985466
2022,BM,GAS.HM,BL,187358867248017.0,0.29734020632473496
2022,BM,GEG.HM,SN,7887452580014.0,0.49544767122543687
2022,BM,GEX.HM,BH,15712796072297.0,1.3833039703538614
2022,BM,GMD.HM,SN,13577472099699.0,0.5425384709145751
2022,BM,GVR.HM,BN,84305219936000.0,0.6395563266441224
2022,BM,HAG.HM,SN,7715962034560.0,0.6216456450298649
2022,BM,HAH.HM,SN,4901335783916.0,0.4258315679609373
2022,BM,HCM.HM,SH,6977424130968.0,1.0903837284884255
2022,BM,HDB.HM,BN,44005493685367.0,0.7456224723803222
2022,BM,HDG.HM,SN,11153017483451.0,0.5114827636078333
2022,BM,HPG.HM,BH,115765214227987.0,0.8548158323980648
2022,BM,HPX.HM,SN,8303802261300.0,0.4270826083995397
2022,BM,HSG.HM,SH,5785704986140.0,1.9885424195549546
2022,BM,HT1.HM,SH,5467375445771.0,0.9511252173607921
2022,BM,KBC.HM,BN,25100675619300.0,0.6784430217117762
2022,BM,KDC.HM,SN,14179880622218.0,0.48161728993059555
2022,BM,KDH.HM,BN,25010261888919.0,0.4454439098830854
2022,BM,KLB.HM,SN,9000901415244.0,0.5315773142339539
2022,BM,KOS.HM,SL,7403661657000.0,0.3062518183529142
2022,BM,LGC.HM,SN,7279439310523.0,0.6451484878141786
2022,BM,LPB.HM,BH,18277821382612.0,0.9969820592149743
2022,BM,MBB.HM,BH,69401577854098.0,0.966311574946996
2022,BM,MCH.HM,BL,55233747537884.0,0.32932457430240214
2022,BM,MSB.HM,BH,25967494884893.0,0.8901455108574
2022,BM,MSN.HM,BL,158292181570365.0,0.23209260012421273
2022,BM,MWG.HM,BL,101384196066342.0,0.21512515212343516
2022,BM,NAB.HM,SH,8927593481600.0,1.274197690950561
2022,BM,NLG.HM,SH,12904550046596.0,1.0027462327181527
2022,BM,NT2.HM,SN,5779533242510.0,0.7563168043197628
2022,BM,NVL.HM,BL,145258584968000.0,0.2991321419638586
2022,BM,OCB.HM,BH,18982152528218.0,1.1838542355809227
2022,BM,PC1.HM,SN,9288796759907.0,0.692682535906235
2022,BM,PDR.HM,BL,34791268003852.0,0.2411085145469044
2022,BM,PGV.HM,BN,24483580379171.0,0.7455166758717351
2022,BM,PHR.HM,SN,7513598455966.0,0.4514994048230451
2022,BM,PLX.HM,BN,44944033079908.0,0.6380391834467006
2022,BM,PNJ.HM,BL,19054220448985.0,0.4202865851229611
2022,BM,POW.HM,BH,31849465972481.0,0.9968197764323422
2022,BM,PVD.HM,SH,8203718721032.0,1.6813202455660106
2022,BM,PVT.HM,SH,6393121049811.0,1.1203565968429063
2022,BM,REE.HM,BN,28839679948204.0,0.587579613380151
2022,BM,SAB.HM,BL,82574355581647.0,0.2763852189208304
2022,BM,SBT.HM,SH,11069488837997.0,0.8650485843548393
2022,BM,SCS.HM,SL,6394783283653.0,0.22469085108169676
2022,BM,SHB.HM,BH,33225203930097.0,1.138256008287188
2022,BM,SIP.HM,SL,8609479415102.0,0.4111208227137698
2022,BM,SJS.HM,SL,8189228231880.0,0.2699764025131394
2022,BM,SSB.HM,BL,62596417456639.0,0.36089656433850764
2022,BM,SSI.HM,BN,24501927107338.0,0.6149726206240052
2022,BM,STB.HM,BH,40532137894000.0,0.8753817302405924
2022,BM,TCB.HM,BH,121592096247196.0,0.810792749222575
2022,BM,TCH.HM,SH,5833719496485.0,2.115649851157312
2022,BM,TMS.HM,SN,7632470413629.0,0.4927151067238709
2022,BM,TPB.HM,BN,35104847354079.0,0.7799628274645818
2022,BM,VAB.HM,SH,5075619182499.0,1.269151321314731
2022,BM,VBB.HM,SH,4920127458559.0,1.1846376032110075
2022,BM,VCB.HM,BL,351427022851775.0,0.3331493607120277
2022,BM,VCF.HM,SL,5014154669399.0,0.26824541321841905
2022,BM,VCG.HM,SH,8206503996456.0,1.1148427264134646
2022,BM,VCI.HM,SH,7554930025500.0,0.9464266962832375
2022,BM,VGC.HM,BN,19256750267646.0,0.47241726721006444
2022,BM,VHC.HM,BL,15225617440083.0,0.42278892842121146
2022,BM,VHM.HM,BH,130195592898723.0,1.0451344317456897
2022,BM,VIB.HM,BN,33312551316480.0,0.7808309472571651
2022,BM,VIC.HM,BN,282342637862250.0,0.47657855724096726
2022,BM,VJC.HM,BL,54161149648340.0,0.3159337043851773
2022,BM,VND.HM,BN,19866700873143.0,0.49441942587078574
2022,BM,VNM.HM,BL,116423435174620.0,0.3004310213795765
2022,BM,VPB.HM,BH,90005298330581.0,1.0577379417190744
2022,BM,VPI.HM,SL,12359526785694.0,0.26054532325617524
2022,BM,VRE.HM,BN,64874690605500.0,0.4782824505273162
2022,BM,VSH.HM,SN,8513643536053.0,0.518497721271228
2022,BM,VTP.HM,SL,5312831571991.0,0.2667827159775433
2022,OP,ACB.HM,BR,73458731545249.0,0.081272
2022,OP,ACG.HM,SN,7953369277581.0,0.063059
2022,OP,ANV.HM,SN,5998520292530.0,0.034524
2022,OP,BCM.HM,BN,65715442843185.0,0.034691
2022,OP,BHN.HM,SW,11064519617280.0,-0.008558
2022,OP,BID.HM,BR,155065458766580.0,0.085764
2022,OP,BSR.HM,BN,81670617463536.0,0.041392
2022,OP,BVB.HM,SN,4808879688309.0,0.032045
2022,OP,BVH.HM,BR,34209341542650.0,0.457089
2022,OP,BWE.HM,SN,9034003755018.0,0.052476
2022,OP,CMG.HM,SN,6341502847772.0,0.039915
2022,OP,CTG.HM,BN,124660536813569.0,0.076262
2022,OP,CTR.HM,SR,6427966592437.0,0.125649
2022,OP,DCM.HM,SN,13376928951953.0,0.03454
2022,OP,DGC.HM,BN,36622814884758.0,0.067713
2022,OP,DGW.HM,SR,9772349555233.0,0.08044
2022,OP,DHG.HM,SR,8996990933395.0,0.07805
2022,OP,DIG.HM,BW,17696134070953.0,0.015621
2022,OP,DPM.HM,SW,14056840829731.0,-0.001797
2022,OP,DXG.HM,SW,10391946796963.0,0.002888
2022,OP,EIB.HM,BN,38747223491044.0,0.032107
2022,OP,FPT.HM,BN,79461292001351.0,0.073605
2022,OP,FRT.HM,SW,10722339120796.0,0.005846
2022,OP,GAS.HM,BN,187358867248017.0,0.042459
2022,OP,GEG.HM,SW,7887452580014.0,0.02729
2022,OP,GEX.HM,BN,15712796072297.0,0.044856
2022,OP,GMD.HM,SW,13577472099699.0,0.003269
2022,OP,GVR.HM,BW,84305219936000.0,0.021118
2022,OP,HAG.HM,SW,7715962034560.0,-0.222856
2022,OP,HAH.HM,SN,4901335783916.0,0.044668
2022,OP,HCM.HM,SN,6977424130968.0,0.055483
2022,OP,HDB.HM,BN,44005493685367.0,0.074227
2022,OP,HDG.HM,SR,11153017483451.0,0.084354
2022,OP,HPG.HM,BR,115765214227987.0,0.089995
2022,OP,HPX.HM,SW,8303802261300.0,-0.00237
2022,OP,HSG.HM,SR,5785704986140.0,0.099792
2022,OP,HT1.HM,SN,5467375445771.0,0.036443
2022,OP,KBC.HM,BW,25100675619300.0,0.004338
2022,OP,KDC.HM,SW,14179880622218.0,0.004141
2022,OP,KDH.HM,BN,25010261888919.0,0.059052
2022,OP,KLB.HM,SW,9000901415244.0,-0.0226
2022,OP,KOS.HM,SW,7403661657000.0,0.007604
2022,OP,LGC.HM,SW,7279439310523.0,0.011779
2022,OP,LPB.HM,BN,18277821382612.0,0.069951
2022,OP,MBB.HM,BR,69401577854098.0,0.079788
2022,OP,MCH.HM,BR,55233747537884.0,0.126272
2022,OP,MSB.HM,BN,25967494884893.0,0.046563
2022,OP,MSN.HM,BW,158292181570365.0,0.004952
2022,OP,MWG.HM,BR,101384196066342.0,0.082718
2022,OP,NAB.HM,SR,8927593481600.0,0.089382
2022,OP,NLG.HM,SW,12904550046596.0,0.007461
2022,OP,NT2.HM,SN,5779533242510.0,0.060518
2022,OP,NVL.HM,BW,145258584968000.0,0.003557
2022,OP,OCB.HM,BR,18982152528218.0,0.124541
2022,OP,PC1.HM,SN,9288796759907.0,0.034181
2022,OP,PDR.HM,BR,34791268003852.0,0.122876
2022,OP,PGV.HM,BN,24483580379171.0,0.058505
2022,OP,PHR.HM,SN,7513598455966.0,0.04342
2022,OP,PLX.HM,BN,44944033079908.0,0.041904
2022,OP,PNJ.HM,BR,19054220448985.0,0.102299
2022,OP,POW.HM,BN,31849465972481.0,0.036803
2022,OP,PVD.HM,SW,8203718721032.0,-0.010167
2022,OP,PVT.HM,SN,6393121049811.0,0.065998
2022,OP,REE.HM,BW,28839679948204.0,0.022739
2022,OP,SAB.HM,BR,82574355581647.0,0.083744
2022,OP,SBT.HM,SW,11069488837997.0,0.016029
2022,OP,SCS.HM,SR,6394783283653.0,0.136454
2022,OP,SHB.HM,BR,33225203930097.0,0.130246
2022,OP,SIP.HM,SR,8609479415102.0,0.15615
2022,OP,SJS.HM,SR,8189228231880.0,0.143676
2022,OP,SSI.HM,BN,24501927107338.0,0.040457
2022,OP,STB.HM,BN,40532137894000.0,0.058063
2022,OP,TCB.HM,BN,121592096247196.0,0.063812
2022,OP,TCH.HM,SW,5833719496485.0,0.025575
2022,OP,TMS.HM,SW,7632470413629.0,0.018342
2022,OP,TPB.HM,BR,35104847354079.0,0.097628
2022,OP,VBB.HM,SW,4920127458559.0,-0.00832
2022,OP,VCB.HM,BR,351427022851775.0,0.117397
2022,OP,VCF.HM,SR,5014154669399.0,0.208154
2022,OP,VCG.HM,SN,8206503996456.0,0.036623
2022,OP,VCI.HM,SN,7554930025500.0,0.075166
2022,OP,VGC.HM,BW,19256750267646.0,0.018919
2022,OP,VHC.HM,SN,15225617440083.0,0.030001
2022,OP,VHM.HM,BN,130195592898723.0,0.063533
2022,OP,VIB.HM,BR,33312551316480.0,0.110684
2022,OP,VIC.HM,BW,282342637862250.0,-0.033353
2022,OP,VJC.HM,BW,54161149648340.0,0.023548
2022,OP,VND.HM,BN,19866700873143.0,0.062096
2022,OP,VNM.HM,BN,116423435174620.0,0.071335
2022,OP,VPB.HM,BR,90005298330581.0,0.135505
2022,OP,VPI.HM,SR,12359526785694.0,0.093955
2022,OP,VRE.HM,BN,64874690605500.0,0.041169
2022,OP,VSH.HM,SW,8513643536053.0,0.024065
2022,OP,VTP.HM,SR,5312831571991.0,0.076801
2022,INV,ACB.HM,BN,73458731545249.0,0.159096
2022,INV,ACG.HM,SN,7953369277581.0,0.06548
2022,INV,ANV.HM,SN,5998520292530.0,0.169178
2022,INV,BCM.HM,BN,65715442843185.0,0.126947
2022,INV,BHN.HM,SC,11064519617280.0,-0.011334
2022,INV,BID.HM,BC,155065458766580.0,0.017939
2022,INV,BSR.HM,BC,81670617463536.0,0.043127
2022,INV,BVB.HM,SN,4808879688309.0,0.179369
2022,INV,BVH.HM,BN,34209341542650.0,0.141725
2022,INV,BWE.HM,SA,9034003755018.0,0.328372
2022,INV,CMG.HM,SN,6341502847772.0,0.079807
2022,INV,CTG.HM,BN,124660536813569.0,0.081243
2022,INV,CTR.HM,SA,6427966592437.0,0.587429
2022,INV,DCM.HM,SC,13376928951953.0,-0.143043
2022,INV,DGC.HM,BA,36622814884758.0,0.244457
2022,INV,DGW.HM,SA,9772349555233.0,0.275957
2022,INV,DHG.HM,SN,8996990933395.0,0.07251
2022,INV,DIG.HM,BA,17696134070953.0,0.442703
2022,INV,DPM.HM,SC,14056840829731.0,-0.01227
2022,INV,DXG.HM,SN,10391946796963.0,0.172577
2022,INV,EIB.HM,BC,38747223491044.0,-0.042397
2022,INV,FPT.HM,BA,79461292001351.0,0.249749
2022,INV,FRT.HM,SC,10722339120796.0,-0.182929
2022,INV,GAS.HM,BC,187358867248017.0,0.016559
2022,INV,GEG.HM,SN,7887452580014.0,0.149321
2022,INV,GEX.HM,BA,15712796072297.0,0.278925
2022,INV,GMD.HM,SC,13577472099699.0,-0.028198
2022,INV,GVR.HM,BC,84305219936000.0,0.02243
2022,INV,HAG.HM,SN,7715962034560.0,0.109913
2022,INV,HAH.HM,SN,4901335783916.0,0.146102
2022,INV,HCM.HM,SA,6977424130968.0,0.667694
2022,INV,HDB.HM,BA,44005493685367.0,0.390671
2022,INV,HDG.HM,SC,11153017483451.0,0.001347
2022,INV,HPG.HM,BA,115765214227987.0,0.292165
2022,INV,HPX.HM,SN,8303802261300.0,0.080368
2022,INV,HSG.HM,SC,5785704986140.0,0.037413
2022,INV,HT1.HM,SC,5467375445771.0,-0.024108
2022,INV,KBC.HM,BA,25100675619300.0,0.447447
2022,INV,KDC.HM,SC,14179880622218.0,0.034948
2022,INV,KDH.HM,BN,25010261888919.0,0.052665
2022,INV,KLB.HM,SN,9000901415244.0,0.120932
2022,INV,KOS.HM,SN,7403661657000.0,0.151815
2022,INV,LGC.HM,SN,7279439310523.0,0.057323
2022,INV,LPB.HM,BA,18277821382612.0,0.199373
2022,INV,MBB.HM,BA,69401577854098.0,0.202909
2022,INV,MCH.HM,BA,55233747537884.0,0.247381
2022,INV,MSB.HM,BN,25967494884893.0,0.125621
2022,INV,MSN.HM,BA,158292181570365.0,0.189515
2022,INV,MWG.HM,BN,101384196066342.0,0.103644
2022,INV,NAB.HM,SA,8927593481600.0,0.418511
2022,INV,NLG.HM,SA,12904550046596.0,0.25112
2022,INV,NT2.HM,SC,5779533242510.0,-0.156369
2022,INV,NVL.HM,BA,145258584968000.0,0.60633
2022,INV,OCB.HM,BA,18982152528218.0,0.290868
2022,INV,PC1.HM,SA,9288796759907.0,0.289394
2022,INV,PDR.HM,BN,34791268003852.0,0.118621
2022,INV,PGV.HM,BC,24483580379171.0,-0.041114
2022,INV,PHR.HM,SN,7513598455966.0,0.116903
2022,INV,PLX.HM,BC,44944033079908.0,-0.010625
2022,INV,PNJ.HM,BC,19054220448985.0,-0.013928
2022,INV,POW.HM,BC,31849465972481.0,-0.030014
2022,INV,PVD.HM,SC,8203718721032.0,-0.001701
2022,INV,PVT.HM,SC,6393121049811.0,0.009284
2022,INV,REE.HM,BC,28839679948204.0,0.046257
2022,INV,SAB.HM,BC,82574355581647.0,0.015299
2022,INV,SBT.HM,SN,11069488837997.0,0.113985
2022,INV,SCS.HM,SC,6394783283653.0,0.019593
2022,INV,SHB.HM,BN,33225203930097.0,0.129842
2022,INV,SIP.HM,SA,8609479415102.0,0.240189
2022,INV,SJS.HM,SN,8189228231880.0,0.059318
2022,INV,SSI.HM,BA,24501927107338.0,0.322636
2022,INV,STB.HM,BN,40532137894000.0,0.085839
2022,INV,TCB.HM,BN,121592096247196.0,0.145696
2022,INV,TCH.HM,SA,5833719496485.0,0.340611
2022,INV,TMS.HM,SN,7632470413629.0,0.184072
2022,INV,TPB.HM,BA,35104847354079.0,0.254661
2022,INV,VBB.HM,SA,4920127458559.0,0.329797
2022,INV,VCB.HM,BN,351427022851775.0,0.084572
2022,INV,VCF.HM,SC,5014154669399.0,-0.042039
2022,INV,VCG.HM,SC,8206503996456.0,0.015095
2022,INV,VCI.HM,SN,7554930025500.0,0.157318
2022,INV,VGC.HM,BC,19256750267646.0,-0.092194
2022,INV,VHC.HM,SN,15225617440083.0,0.089143
2022,INV,VHM.HM,BN,130195592898723.0,0.091692
2022,INV,VIB.HM,BA,33312551316480.0,0.325929
2022,INV,VIC.HM,BN,282342637862250.0,0.048546
2022,INV,VJC.HM,BC,54161149648340.0,-0.074949
2022,INV,VND.HM,BA,19866700873143.0,0.282009
2022,INV,VNM.HM,BN,116423435174620.0,0.083504
2022,INV,VPB.HM,BN,90005298330581.0,0.110875
2022,INV,VPI.HM,SN,12359526785694.0,0.081494
2022,INV,VRE.HM,BN,64874690605500.0,0.11099
2022,INV,VSH.HM,SN,8513643536053.0,0.069329
2022,INV,VTP.HM,SA,5312831571991.0,0.292742
2023,BM,ACB.HM,BN,80794645890955.0,0.7739394648055544
2023,BM,ACG.HM,SN,5333861206370.0,0.7421147826611477
2023,BM,BCM.HM,BL,78297347040345.0,0.22940950880699026
2023,BM,BHN.HM,SN,9227431445670.0,0.5744872301371071
2023,BM,BID.HM,BL,200659332467120.0,0.5474375931057168
2023,BM,BMP.HM,SL,5895196244266.0,0.492276041753438
2023,BM,BSI.HM,SN,5461064626336.0,0.8174386614238065
2023,BM,BSR.HM,BH,50200392100666.0,1.05200943246948
2023,BM,BVB.HM,SH,5418142021840.0,0.929122931755564
2023,BM,BVH.HM,BN,30639738997169.0,0.7117353877368838
2023,BM,BWE.HM,SL,8020715907714.0,0.5362498539552272
2023,BM,CMG.HM,SL,6919419325299.0,0.4513012438504095
2023,BM,CTD.HM,SH,4992105603983.0,1.6498094945913822
2023,BM,CTG.HM,BN,140630433501371.0,0.8031346429640275
2023,BM,CTR.HM,SL,7411303369531.0,0.23609795379037762
2023,BM,DBC.HM,SN,5154637585364.0,0.8381770895051012
2023,BM,DCM.HM,SH,11425943661792.0,0.9461474262318832
2023,BM,DGC.HM,BL,21875567452133.0,0.5045228943619404
2023,BM,DGW.HM,SL,6519045210856.0,0.3842879035631124
2023,BM,DHG.HM,BL,13585032304343.0,0.34247250649832034
2023,BM,DIG.HM,SN,12837383158537.0,0.6128101366948325
2023,BM,DPM.HM,SH,11460730742914.0,1.105847117795262
2023,BM,DSC.HM,SL,5407748258984.0,0.19908862973130964
2023,BM,DXG.HM,SH,7946460649102.0,1.762717585732199
2023,BM,EIB.HM,BN,30876609133686.0,0.6850177073662047
2023,BM,FPT.HM,BL,80732770976888.0,0.33519448033979926
2023,BM,FRT.HM,SL,9754955038080.0,0.21029374053083938
2023,BM,FTS.HM,SN,5458240158806.0,0.61845646471031
2023,BM,GAS.HM,BL,154974812922537.0,0.41664530392415183
2023,BM,GEE.HM,SN,6740625680460.0,0.8809812522821693
2023,BM,GEG.HM,SH,5279764175869.0,1.0858525130617969
2023,BM,GEX.HM,BH,15918837285429.0,1.3210942631056142
2023,BM,GMD.HM,BN,13891566028683.0,0.590275355163999
2023,BM,GVR.HM,BN,74467189148000.0,0.7290588341837274
2023,BM,HAG.HM,SN,7558304156450.0,0.7046862965225835
2023,BM,HCM.HM,SN,10118981269083.0,0.7921339133479182
2023,BM,HDB.HM,BN,44934661306085.0,0.9086035103700926
2023,BM,HDG.HM,SN,9167166321091.0,0.7532494241937354
2023,BM,HHV.HM,SH,5022594988557.0,1.683957695314579
2023,BM,HPG.HM,BN,149326743671869.0,0.645818511140818
2023,BM,HSG.HM,SH,7378930229187.0,1.4091887765265767
2023,BM,HT1.HM,SN,5942863594853.0,0.8442025186751906
2023,BM,KBC.HM,BN,22529199676650.0,0.838994654484621
2023,BM,KDC.HM,BL,14106226684210.0,0.48919916600386515
2023,BM,KDH.HM,BL,22078370392183.0,0.5328359780649925
2023,BM,KLB.HM,SH,4916154989648.0,1.0922948953618095
2023,BM,KOS.HM,SL,8247938863500.0,0.2776375546765715
2023,BM,LGC.HM,SL,9062736638164.0,0.5396748306988035
2023,BM,LPB.HM,BH,24401686759868.0,1.0367508709113866
2023,BM,MBB.HM,BH,71271814821645.0,1.1893549113647155
2023,BM,MCH.HM,BN,40826061754776.0,0.5837724625568839
2023,BM,MSB.HM,BH,25199987472598.0,1.11098944118299
2023,BM,MSN.HM,BL,107064103681600.0,0.3465784210023424
2023,BM,MWG.HM,BL,61368379741442.0,0.39032181563863716
2023,BM,NAB.HM,SH,11934723948694.0,1.1070559366767603
2023,BM,NLG.HM,SH,12133207775635.0,1.0759868353587763
2023,BM,NT2.HM,SN,7396587508637.0,0.6164716896925149
2023,BM,NVL.HM,BH,28959052389300.0,1.5334570188872958
2023,BM,OCB.HM,BH,20676987577663.0,1.2601687785448201
2023,BM,PC1.HM,SH,7220555686703.0,1.002269721222728
2023,BM,PDR.HM,SN,11283654487779.0,0.7309437407327443
2023,BM,PGV.HM,BN,25188928812575.0,0.725065746156077
2023,BM,PHR.HM,SN,5603799449274.0,0.6544985478586615
2023,BM,PLX.HM,BN,43423461015406.0,0.6546206918805693
2023,BM,PNJ.HM,BN,15397917445841.0,0.5970085522419111
2023,BM,POW.HM,BH,31381091472386.0,1.077355747007911
2023,BM,PVD.HM,SH,13318415518707.0,1.0588253838110513
2023,BM,PVT.HM,SH,7326769915774.0,1.126014769160042
2023,BM,REE.HM,BN,25457086304919.0,0.7776922515948941
2023,BM,SAB.HM,BL,84456681298995.0,0.302793740857922
2023,BM,SBT.HM,SN,11218588423052.0,0.9276926392308705
2023,BM,SCS.HM,SL,5058357690085.0,0.3083710103976037
2023,BM,SHB.HM,BH,35378494775264.0,1.294957750210223
2023,BM,SIP.HM,SL,9690926333849.0,0.3967021641333738
2023,BM,SJS.HM,SL,4772304074109.0,0.5418002940845181
2023,BM,SSB.HM,BL,66372553213073.0,0.4080976652057577
2023,BM,SSI.HM,BN,35183470435648.0,0.652941647435636
2023,BM,STB.HM,BN,56179428336800.0,0.7219331737740887
2023,BM,TCB.HM,BH,110846390450965.0,1.0642242432980642
2023,BM,TCH.HM,SH,5727521078158.0,2.03510729619081
2023,BM,TMS.HM,SN,5800834907401.0,0.7303557723450528
2023,BM,TPB.HM,BH,35946908505767.0,0.936444729164944
2023,BM,VBB.HM,SH,5158968597163.0,1.244614088857019
2023,BM,VCB.HM,BL,465942900961351.0,0.3104637021006982
2023,BM,VCG.HM,SN,10755161277318.0,0.9227288081237177
2023,BM,VCI.HM,SN,11442394300269.0,0.6002157228821893
2023,BM,VGC.HM,BL,16272122710305.0,0.5669639956376703
2023,BM,VHC.HM,SN,10866910981216.0,0.7260635239226103
2023,BM,VHM.HM,BH,115310106432041.0,1.3911888555453187
2023,BM,VIB.HM,BN,39188485312698.0,0.83112209466913
2023,BM,VIC.HM,BN,195911218108500.0,0.6957843267786095
2023,BM,VIX.HM,SH,6885720426924.0,1.1434551459875737
2023,BM,VJC.HM,BL,39287664706450.0,0.3855960303825314
2023,BM,VND.HM,BN,21579355148593.0,0.6789056127905759
2023,BM,VNM.HM,BL,120543470586233.0,0.2862886392351751
2023,BM,VPB.HM,BH,91526610924852.0,1.1482741241920396
2023,BM,VPI.HM,SL,11373978649569.0,0.33598767929213674
2023,BM,VRE.HM,BL,60898133388000.0,0.5655683365622963
2023,BM,VSH.HM,SN,8717011551862.0,0.6303732453597868
2023,OP,ACB.HM,BN,80794645890955.0,0.074198
2023,OP,ACG.HM,SN,5333861206370.0,0.035778
2023,OP,BCM.HM,BN,78297347040345.0,0.040846
2023,OP,BHN.HM,SW,9227431445670.0,-0.005249
2023,OP,BID.HM,BR,200659332467120.0,0.088886
2023,OP,BMP.HM,SR,5895196244266.0,0.082609
2023,OP,BSI.HM,SN,5461064626336.0,0.048233
2023,OP,BSR.HM,BN,50200392100666.0,0.074622
2023,OP,BVB.HM,SW,5418142021840.0,0.007316
2023,OP,BVH.HM,BR,30639738997169.0,0.431847
2023,OP,BWE.HM,SN,8020715907714.0,0.056772
2023,OP,CMG.HM,SN,6919419325299.0,0.049197
2023,OP,CTD.HM,SW,4992105603983.0,-0.017989
2023,OP,CTG.HM,BN,140630433501371.0,0.069406
2023,OP,CTR.HM,SR,7411303369531.0,0.125536
2023,OP,DBC.HM,SW,5154637585364.0,0.029646
2023,OP,DCM.HM,SR,11425943661792.0,0.143755
2023,OP,DGC.HM,BR,21875567452133.0,0.232281
2023,OP,DGW.HM,SR,6519045210856.0,0.213621
2023,OP,DHG.HM,BN,13585032304343.0,0.057579
2023,OP,DIG.HM,SW,12837383158537.0,0.024593
2023,OP,DPM.HM,SR,11460730742914.0,0.182391
2023,OP,DSC.HM,SW,5407748258984.0,0.006391
2023,OP,DXG.HM,SW,7946460649102.0,0.018328
2023,OP,EIB.HM,BN,30876609133686.0,0.033342
2023,OP,FPT.HM,BN,80732770976888.0,0.076374
2023,OP,FRT.HM,SR,9754955038080.0,0.245085
2023,OP,FTS.HM,SR,5458240158806.0,0.091009
2023,OP,GAS.HM,BN,154974812922537.0,0.047751
2023,OP,GEG.HM,SW,5279764175869.0,0.014437
2023,OP,GEX.HM,BW,15918837285429.0,0.025247
2023,OP,GMD.HM,BW,13891566028683.0,0.023503
2023,OP,GVR.HM,BN,74467189148000.0,0.036744
2023,OP,HAG.HM,SW,7558304156450.0,-0.030265
2023,OP,HCM.HM,SN,10118981269083.0,0.063047
2023,OP,HDB.HM,BR,44934661306085.0,0.096034
2023,OP,HDG.HM,SR,9167166321091.0,0.137737
2023,OP,HHV.HM,SW,5022594988557.0,0.00961
2023,OP,HPG.HM,BR,149326743671869.0,0.088978
2023,OP,HSG.HM,SN,7378930229187.0,0.060918
2023,OP,HT1.HM,SW,5942863594853.0,0.019403
2023,OP,KBC.HM,BW,22529199676650.0,0.026045
2023,OP,KDC.HM,BW,14106226684210.0,0.0189
2023,OP,KDH.HM,BN,22078370392183.0,0.032299
2023,OP,KLB.HM,SN,4916154989648.0,0.033454
2023,OP,KOS.HM,SW,8247938863500.0,-0.003657
2023,OP,LGC.HM,SW,9062736638164.0,0.006088
2023,OP,LPB.HM,BN,24401686759868.0,0.075417
2023,OP,MBB.HM,BR,71271814821645.0,0.091357
2023,OP,MCH.HM,BR,40826061754776.0,0.139356
2023,OP,MSB.HM,BN,25199987472598.0,0.038437
2023,OP,MSN.HM,BR,107064103681600.0,0.171078
2023,OP,MWG.HM,BR,61368379741442.0,0.096011
2023,OP,NAB.HM,SR,11934723948694.0,0.106487
2023,OP,NLG.HM,SN,12133207775635.0,0.067914
2023,OP,NT2.HM,SW,7396587508637.0,0.029728
2023,OP,NVL.HM,BW,28959052389300.0,0.026973
2023,OP,OCB.HM,BR,20676987577663.0,0.088687
2023,OP,PC1.HM,SN,7220555686703.0,0.039046
2023,OP,PDR.HM,SR,11283654487779.0,0.118339
2023,OP,PGV.HM,BN,25188928812575.0,0.051244
2023,OP,PHR.HM,SN,5603799449274.0,0.048786
2023,OP,PLX.HM,BW,43423461015406.0,0.017705
2023,OP,PNJ.HM,BR,15397917445841.0,0.097434
2023,OP,POW.HM,BW,31381091472386.0,-0.019902
2023,OP,PVD.HM,SW,13318415518707.0,0.000143
2023,OP,PVT.HM,SN,7326769915774.0,0.042905
2023,OP,REE.HM,BN,25457086304919.0,0.030931
2023,OP,SAB.HM,BN,84456681298995.0,0.070322
2023,OP,SBT.HM,SW,11218588423052.0,0.023769
2023,OP,SCS.HM,SR,5058357690085.0,0.135998
2023,OP,SHB.HM,BR,35378494775264.0,0.106681
2023,OP,SIP.HM,SN,9690926333849.0,0.056705
2023,OP,SJS.HM,SW,4772304074109.0,0.024577
2023,OP,SSB.HM,BN,66372553213073.0,0.061115
2023,OP,SSI.HM,BN,35183470435648.0,0.073394
2023,OP,STB.HM,BN,56179428336800.0,0.051451
2023,OP,TCB.HM,BN,110846390450965.0,0.066545
2023,OP,TCH.HM,SW,5727521078158.0,0.019888
2023,OP,TMS.HM,SW,5800834907401.0,0.022479
2023,OP,TPB.HM,BN,35946908505767.0,0.08085
2023,OP,VBB.HM,SR,5158968597163.0,0.098955
2023,OP,VCB.HM,BR,465942900961351.0,0.101106
2023,OP,VCG.HM,SW,10755161277318.0,0.006688
2023,OP,VCI.HM,SR,11442394300269.0,0.081752
2023,OP,VGC.HM,BN,16272122710305.0,0.039394
2023,OP,VHC.HM,SR,10866910981216.0,0.084142
2023,OP,VHM.HM,BN,115310106432041.0,0.078715
2023,OP,VIB.HM,BR,39188485312698.0,0.134642
2023,OP,VIC.HM,BW,195911218108500.0,-0.024704
2023,OP,VIX.HM,SN,6885720426924.0,0.062285
2023,OP,VJC.HM,BW,39287664706450.0,-0.006878
2023,OP,VND.HM,BN,21579355148593.0,0.070318
2023,OP,VNM.HM,BN,120543470586233.0,0.075376
2023,OP,VPB.HM,BR,91526610924852.0,0.088445
2023,OP,VPI.HM,SR,11373978649569.0,0.108316
2023,OP,VRE.HM,BW,60898133388000.0,0.006682
2023,OP,VSH.HM,SN,8717011551862.0,0.055577
2023,INV,ACB.HM,BN,80794645890955.0,0.187254
2023,INV,ACG.HM,SN,5333861206370.0,0.118973
2023,INV,BCM.HM,BC,78297347040345.0,-0.000843
2023,INV,BHN.HM,SC,9227431445670.0,-0.077609
2023,INV,BID.HM,BN,200659332467120.0,0.161543
2023,INV,BMP.HM,SC,5895196244266.0,-0.061112
2023,INV,BSI.HM,SA,5461064626336.0,1.055697
2023,INV,BSR.HM,BN,50200392100666.0,0.195022
2023,INV,BVB.HM,SN,5418142021840.0,0.2522
2023,INV,BVH.HM,BN,30639738997169.0,0.157714
2023,INV,BWE.HM,SN,8020715907714.0,0.100416
2023,INV,CMG.HM,SN,6919419325299.0,0.175408
2023,INV,CTD.HM,SC,4992105603983.0,0.063012
2023,INV,CTG.HM,BN,140630433501371.0,0.141689
2023,INV,CTR.HM,SC,7411303369531.0,0.021742
2023,INV,DBC.HM,SC,5154637585364.0,0.071681
2023,INV,DCM.HM,SN,11425943661792.0,0.270106
2023,INV,DGC.HM,BA,21875567452133.0,0.449996
2023,INV,DGW.HM,SA,6519045210856.0,1.132734
2023,INV,DHG.HM,BC,13585032304343.0,0.037552
2023,INV,DIG.HM,SA,12837383158537.0,0.424545
2023,INV,DPM.HM,SN,11460730742914.0,0.231682
2023,INV,DXG.HM,SN,7946460649102.0,0.212026
2023,INV,EIB.HM,BC,30876609133686.0,0.033639
2023,INV,FPT.HM,BN,80732770976888.0,0.286661
2023,INV,FRT.HM,SA,9754955038080.0,1.002026
2023,INV,FTS.HM,SA,5458240158806.0,1.784668
2023,INV,GAS.HM,BN,154974812922537.0,0.246165
2023,INV,GEG.HM,SA,5279764175869.0,0.604593
2023,INV,GEX.HM,BA,15918837285429.0,1.253578
2023,INV,GMD.HM,BN,13891566028683.0,0.091175
2023,INV,GVR.HM,BC,74467189148000.0,-0.015745
2023,INV,HAG.HM,SC,7558304156450.0,-0.505185
2023,INV,HCM.HM,SA,10118981269083.0,0.951272
2023,INV,HDB.HM,BN,44934661306085.0,0.173862
2023,INV,HDG.HM,SN,9167166321091.0,0.145035
2023,INV,HHV.HM,SC,5022594988557.0,0.04771
2023,INV,HPG.HM,BA,149326743671869.0,0.355292
2023,INV,HSG.HM,SA,7378930229187.0,0.32168
2023,INV,HT1.HM,SC,5942863594853.0,-0.115291
2023,INV,KBC.HM,BA,22529199676650.0,0.303372
2023,INV,KDC.HM,BN,14106226684210.0,0.139568
2023,INV,KDH.HM,BC,22078370392183.0,0.031449
2023,INV,KLB.HM,SA,4916154989648.0,0.463331
2023,INV,KOS.HM,SA,8247938863500.0,0.762504
2023,INV,LGC.HM,SC,9062736638164.0,0.022887
2023,INV,LPB.HM,BN,24401686759868.0,0.193325
2023,INV,MBB.HM,BN,71271814821645.0,0.226591
2023,INV,MCH.HM,BN,40826061754776.0,0.182927
2023,INV,MSB.HM,BN,25199987472598.0,0.152621
2023,INV,MSN.HM,BN,107064103681600.0,0.089487
2023,INV,MWG.HM,BA,61368379741442.0,0.368025
2023,INV,NAB.HM,SN,11934723948694.0,0.14088
2023,INV,NLG.HM,SA,12133207775635.0,0.731155
2023,INV,NT2.HM,SC,7396587508637.0,0.03804
2023,INV,NVL.HM,BA,28959052389300.0,0.396421
2023,INV,OCB.HM,BN,20676987577663.0,0.209548
2023,INV,PC1.HM,SA,7220555686703.0,0.742922
2023,INV,PDR.HM,SA,11283654487779.0,0.315953
2023,INV,PGV.HM,BC,25188928812575.0,-0.067802
2023,INV,PHR.HM,SC,5603799449274.0,-0.078276
2023,INV,PLX.HM,BC,43423461015406.0,0.060305
2023,INV,PNJ.HM,BN,15397917445841.0,0.251778
2023,INV,POW.HM,BC,31381091472386.0,-0.019856
2023,INV,PVD.HM,SC,13318415518707.0,-0.004554
2023,INV,PVT.HM,SN,7326769915774.0,0.125577
2023,INV,REE.HM,BA,25457086304919.0,0.550234
2023,INV,SAB.HM,BN,84456681298995.0,0.113682
2023,INV,SBT.HM,SN,11218588423052.0,0.224107
2023,INV,SCS.HM,SN,5058357690085.0,0.29355
2023,INV,SHB.HM,BN,35378494775264.0,0.227597
2023,INV,SIP.HM,SC,9690926333849.0,0.06688
2023,INV,SJS.HM,SC,4772304074109.0,-0.014401
2023,INV,SSI.HM,BA,35183470435648.0,0.420009
2023,INV,STB.HM,BC,56179428336800.0,0.058071
2023,INV,TCB.HM,BN,110846390450965.0,0.293733
2023,INV,TCH.HM,SA,5727521078158.0,0.306135
2023,INV,TMS.HM,SA,5800834907401.0,0.462931
2023,INV,TPB.HM,BA,35946908505767.0,0.419323
2023,INV,VBB.HM,SN,5158968597163.0,0.127829
2023,INV,VCB.HM,BC,465942900961351.0,0.066924
2023,INV,VCG.HM,SA,10755161277318.0,0.579268
2023,INV,VCI.HM,SA,11442394300269.0,0.984665
2023,INV,VGC.HM,BN,16272122710305.0,0.223607
2023,INV,VHC.HM,SN,10866910981216.0,0.213245
2023,INV,VHM.HM,BC,115310106432041.0,0.070545
2023,INV,VIB.HM,BN,39188485312698.0,0.26501
2023,INV,VIC.HM,BC,195911218108500.0,0.011914
2023,INV,VIX.HM,SA,6885720426924.0,1.236355
2023,INV,VJC.HM,BN,39287664706450.0,0.142861
2023,INV,VND.HM,BA,21579355148593.0,1.476934
2023,INV,VNM.HM,BN,120543470586233.0,0.10117
2023,INV,VPB.HM,BA,91526610924852.0,0.306384
2023,INV,VPI.HM,SC,11373978649569.0,0.013598
2023,INV,VRE.HM,BC,60898133388000.0,-0.048798
2023,INV,VSH.HM,SC,8717011551862.0,0.035184
2024,BM,ACB.HM,BN,100287982658220.0,0.7457596615028715
2024,BM,ACG.HM,SN,6535416304517.0,0.6510203992378176
2024,BM,BCM.HM,BL,63935415584685.0,0.3054080697034575
2024,BM,BHN.HM,SN,8341962549644.0,0.6335603365237533
2024,BM,BID.HM,BN,241039394054533.0,0.5352562202791253
2024,BM,BMP.HM,SL,6822571215546.0,0.4220702064590395
2024,BM,BSI.HM,SN,10301385902480.0,0.4680499872557183
2024,BM,BSR.HM,BH,64621886113387.0,0.8981549536911365
2024,BM,BVB.HM,SH,5919821838731.0,1.0065247168447353
2024,BM,BVH.HM,BN,32735720502408.0,0.6988061647433504
2024,BM,BWE.HM,SN,9496885262499.0,0.5294483041460805
2024,BM,CMG.HM,SL,11616799474640.0,0.2878717087736968
2024,BM,CTD.HM,SH,6820596406298.0,1.2491146268952487
2024,BM,CTG.HM,BN,162629911019658.0,0.802942627105144
2024,BM,CTR.HM,SL,15101478306343.0,0.12549741705724068
2024,BM,DBC.HM,SN,8127651698624.0,0.5830518756427862
2024,BM,DCM.HM,SN,18001059026400.0,0.5716824222189141
2024,BM,DGC.HM,BL,43390210106362.0,0.2883140182733235
2024,BM,DGW.HM,SL,9750009244970.0,0.27891208190176103
2024,BM,DHG.HM,SL,12410377529291.0,0.40894512727131693
2024,BM,DIG.HM,SN,16191568782327.0,0.48002266693147366
2024,BM,DPM.HM,SH,12872624638669.0,0.9170844547153392
2024,BM,DXG.HM,SH,11531251743709.0,1.3426982059495765
2024,BM,EIB.HM,BN,32405068520761.0,0.7087790289745889
2024,BM,EVF.HM,SH,10070751297049.0,0.8513389663899555
2024,BM,FPT.HM,BL,166550960169412.0,0.19049485514158482
2024,BM,FRT.HM,BL,22966575260329.0,0.07749774808042073
2024,BM,FTS.HM,SL,12035577955502.0,0.3131765688672975
2024,BM,GAS.HM,BL,154233287064025.0,0.4402439480310783
2024,BM,GEE.HM,SN,9961199105760.0,0.593254970142686
2024,BM,GEX.HM,SH,18181204341969.0,1.178923651593132
2024,BM,GMD.HM,BN,23601367406265.0,0.4402632180750574
2024,BM,GVR.HM,BL,133633434452000.0,0.4191928263563057
2024,BM,HAG.HM,SN,12794531324300.0,0.5496468712881715
2024,BM,HCM.HM,SN,16590089988218.0,0.517715098306683
2024,BM,HDB.HM,BN,64340855161154.0,0.7724524312820555
2024,BM,HDG.HM,SN,9297447738439.0,0.8059298664754911
2024,BM,HPG.HM,BN,177764085660568.0,0.5941840286837976
2024,BM,HSG.HM,SN,14303744813986.0,0.7802217676861669
2024,BM,KBC.HM,BH,22260538011000.0,0.9049259647057414
2024,BM,KDC.HM,SN,15384070421059.0,0.4637729147408482
2024,BM,KDH.HM,BN,29494617570799.0,0.5284452858419542
2024,BM,KOS.HM,SL,8507716465500.0,0.27143898290389024
2024,BM,LGC.HM,SN,10860549916286.0,0.4917479104158799
2024,BM,LPB.HM,BN,63486460781705.0,0.5736035770715711
2024,BM,MBB.HM,BH,112474931081042.0,0.9010134349580536
2024,BM,MCH.HM,BL,131610777929229.0,0.21344827827147977
2024,BM,MSB.HM,BH,28599985782364.0,1.1295503517320191
2024,BM,MSN.HM,BL,113015728098900.0,0.34361140394562456
2024,BM,MWG.HM,BL,88550355435632.0,0.29400400732797116
2024,BM,NAB.HM,SH,16875757007881.0,0.946213079066195
2024,BM,NKG.HM,SH,6200189341137.0,0.8988731872765648
2024,BM,NLG.HM,SH,15423420978258.0,0.8675992035898095
2024,BM,NT2.HM,SN,5812767224540.0,0.6840420601321532
2024,BM,NVL.HM,BH,25936402670855.0,1.7235222747221246
2024,BM,OCB.HM,BH,27481736545539.0,1.0732787211997306
2024,BM,PC1.HM,SN,8941117790219.0,0.8225684540816074
2024,BM,PDR.HM,BN,20693421520751.0,0.46541622474785754
2024,BM,PGV.HM,BN,26059583221989.0,0.578889510336021
2024,BM,PHR.HM,SN,7606778371550.0,0.5126817908832203
2024,BM,PLX.HM,BN,50281821454250.0,0.6028656587683107
2024,BM,PNJ.HM,BL,30499119768862.0,0.3434323297696216
2024,BM,POW.HM,BH,34893900218851.0,0.9705928389138155
2024,BM,PVD.HM,SH,15655933344405.0,0.977698615278036
2024,BM,PVT.HM,SH,10072478999718.0,0.9283903111478123
2024,BM,REE.HM,BN,28561892077368.0,0.7301460784385733
2024,BM,SAB.HM,BL,64817005919451.0,0.4081777011526621
2024,BM,SBT.HM,SH,8737910455403.0,1.2958229427759436
2024,BM,SCS.HM,SL,7152914046536.0,0.20939727934663946
2024,BM,SHB.HM,BH,38530395291916.0,1.3802343214256567
2024,BM,SIP.HM,SL,14507483211721.0,0.29543652125857284
2024,BM,SJS.HM,SL,7175540731644.0,0.3855613680262863
2024,BM,SSB.HM,BN,51910535142966.0,0.6080782622075747
2024,BM,SSI.HM,BN,46606456913337.0,0.5153986427162656
2024,BM,STB.HM,BH,54294212620800.0,0.8823960545225066
2024,BM,SZC.HM,SL,6778818807285.0,0.438322057334358
2024,BM,TAL.HM,SL,9484749021292.0,0.4205225668450724
2024,BM,TCB.HM,BH,156956782171411.0,0.878412032233373
2024,BM,TMS.HM,SN,6990295212676.0,0.6871403093532887
2024,BM,TPB.HM,BH,35300764947105.0,0.9685402866263929
2024,BM,VBB.HM,SH,5825759577388.0,1.193454159520483
2024,BM,VCB.HM,BL,468836459320660.0,0.3703085000077967
2024,BM,VCG.HM,SH,10543531092751.0,1.0173646265538
2024,BM,VCI.HM,BL,19652439229885.0,0.4160963712356357
2024,BM,VGC.HM,BN,20324298581864.0,0.4799446791445131
2024,BM,VHC.HM,SN,14788136670730.0,0.5633183972229124
2024,BM,VHM.HM,BH,157870018442412.0,1.2428974350919961
2024,BM,VIB.HM,BH,44367809823740.0,0.8658467738798501
2024,BM,VIC.HM,BH,158666244260200.0,0.9942425733686497
2024,BM,VIX.HM,SH,10456093980469.0,0.8599238569023168
2024,BM,VJC.HM,BL,54973566799373.0,0.2919946323040491
2024,BM,VND.HM,BN,22263142416315.0,0.7414864989992
2024,BM,VNM.HM,BL,117252945552700.0,0.30589927158267516
2024,BM,VPB.HM,BH,141539108020761.0,1.0098792623381088
2024,BM,VPI.HM,SL,12825975923970.0,0.3147117186575534
2024,BM,VRE.HM,BN,46468911484500.0,0.8373141473946161
2024,BM,VSH.HM,SL,10476459176307.0,0.43875846342106734
2024,BM,VTP.HM,SL,9807480052131.0,0.16639348112764354
2024,OP,ACB.HM,BN,100287982658220.0,0.063781
2024,OP,ACG.HM,SN,6535416304517.0,0.05223
2024,OP,BCM.HM,BW,63935415584685.0,-0.024282
2024,OP,BHN.HM,SW,8341962549644.0,0.012715
2024,OP,BID.HM,BR,241039394054533.0,0.092887
2024,OP,BMP.HM,SR,6822571215546.0,0.133122
2024,OP,BSI.HM,SW,10301385902480.0,0.004788
2024,OP,BSR.HM,BN,64621886113387.0,0.031897
2024,OP,BVB.HM,SN,5919821838731.0,0.021836
2024,OP,BVH.HM,BR,32735720502408.0,0.669719
2024,OP,BWE.HM,SN,9496885262499.0,0.035673
2024,OP,CMG.HM,SN,11616799474640.0,0.038586
2024,OP,CTD.HM,SW,6820596406298.0,0.016873
2024,OP,CTG.HM,BR,162629911019658.0,0.085611
2024,OP,CTR.HM,SR,15101478306343.0,0.104418
2024,OP,DBC.HM,SW,8127651698624.0,-0.056222
2024,OP,DCM.HM,SR,18001059026400.0,0.107161
2024,OP,DGC.HM,BR,43390210106362.0,0.10987
2024,OP,DGW.HM,SR,9750009244970.0,0.077901
2024,OP,DHG.HM,SR,12410377529291.0,0.067184
2024,OP,DIG.HM,SW,16191568782327.0,0.00022
2024,OP,DPM.HM,SR,12872624638669.0,0.087084
2024,OP,DXG.HM,SW,11531251743709.0,-0.025651
2024,OP,EIB.HM,BN,32405068520761.0,0.028179
2024,OP,EVF.HM,SW,10070751297049.0,0.012854
2024,OP,FPT.HM,BR,166550960169412.0,0.085992
2024,OP,FRT.HM,BN,22966575260329.0,0.052718
2024,OP,FTS.HM,SN,12035577955502.0,0.043371
2024,OP,GAS.HM,BR,154233287064025.0,0.066839
2024,OP,GEE.HM,SN,9961199105760.0,0.033425
2024,OP,GEX.HM,SW,18181204341969.0,0.016472
2024,OP,GMD.HM,BN,23601367406265.0,0.022379
2024,OP,GVR.HM,BW,133633434452000.0,0.021279
2024,OP,HAG.HM,SR,12794531324300.0,0.081192
2024,OP,HCM.HM,SN,16590089988218.0,0.049107
2024,OP,HDB.HM,BR,64340855161154.0,0.077238
2024,OP,HDG.HM,SN,9297447738439.0,0.066078
2024,OP,HPG.HM,BW,177764085660568.0,-0.025341
2024,OP,HSG.HM,SW,14303744813986.0,-0.064461
2024,OP,KBC.HM,BW,22260538011000.0,-0.028034
2024,OP,KDC.HM,SW,15384070421059.0,-0.021992
2024,OP,KDH.HM,BW,29494617570799.0,0.017163
2024,OP,KOS.HM,SW,8507716465500.0,-0.005109
2024,OP,LGC.HM,SN,10860549916286.0,0.02845
2024,OP,LPB.HM,BR,63486460781705.0,0.088669
2024,OP,MBB.HM,BR,112474931081042.0,0.096295
2024,OP,MCH.HM,BR,131610777929229.0,0.092587
2024,OP,MSB.HM,BN,28599985782364.0,0.026291
2024,OP,MSN.HM,BW,113015728098900.0,0.006781
2024,OP,MWG.HM,BN,88550355435632.0,0.032957
2024,OP,NAB.HM,SN,16875757007881.0,0.037287
2024,OP,NKG.HM,SW,6200189341137.0,-0.083409
2024,OP,NLG.HM,SN,15423420978258.0,0.049429
2024,OP,NT2.HM,SN,5812767224540.0,0.041502
2024,OP,NVL.HM,BW,25936402670855.0,0.006134
2024,OP,OCB.HM,BN,27481736545539.0,0.062193
2024,OP,PC1.HM,SN,8941117790219.0,0.037045
2024,OP,PDR.HM,BW,20693421520751.0,-0.158666
2024,OP,PGV.HM,BN,26059583221989.0,0.025724
2024,OP,PHR.HM,SN,7606778371550.0,0.032237
2024,OP,PLX.HM,BN,50281821454250.0,0.033524
2024,OP,PNJ.HM,BR,30499119768862.0,0.070378
2024,OP,POW.HM,BN,34893900218851.0,0.021342
2024,OP,PVD.HM,SW,15655933344405.0,0.003781
2024,OP,PVT.HM,SR,10072478999718.0,0.070382
2024,OP,REE.HM,BN,28561892077368.0,0.043416
2024,OP,SAB.HM,BN,64817005919451.0,0.053273
2024,OP,SBT.HM,SW,8737910455403.0,0.012336
2024,OP,SCS.HM,SR,7152914046536.0,0.118828
2024,OP,SHB.HM,BR,38530395291916.0,0.076918
2024,OP,SIP.HM,SR,14507483211721.0,0.091191
2024,OP,SJS.HM,SW,7175540731644.0,-0.007984
2024,OP,SSB.HM,BN,51910535142966.0,0.049609
2024,OP,SSI.HM,BW,46606456913337.0,0.017808
2024,OP,STB.HM,BR,54294212620800.0,0.09554
2024,OP,SZC.HM,SN,6778818807285.0,0.024672
2024,OP,TCB.HM,BN,156956782171411.0,0.043587
2024,OP,TMS.HM,SN,6990295212676.0,0.031544
2024,OP,TPB.HM,BN,35300764947105.0,0.059195
2024,OP,VBB.HM,SN,5825759577388.0,0.021611
2024,OP,VCB.HM,BR,468836459320660.0,0.101553
2024,OP,VCG.HM,SW,10543531092751.0,-0.00231
2024,OP,VCI.HM,SN,19652439229885.0,0.034245
2024,OP,VGC.HM,BN,20324298581864.0,0.024023
2024,OP,VHC.HM,SN,14788136670730.0,0.031604
2024,OP,VHM.HM,BR,157870018442412.0,0.097258
2024,OP,VIB.HM,BR,44367809823740.0,0.092973
2024,OP,VIC.HM,BN,158666244260200.0,0.028767
2024,OP,VIX.HM,SW,10456093980469.0,0.002539
2024,OP,VJC.HM,BW,54973566799373.0,-0.312967
2024,OP,VND.HM,BW,22263142416315.0,0.017496
2024,OP,VNM.HM,BR,117252945552700.0,0.070781
2024,OP,VPB.HM,BR,141539108020761.0,0.075646
2024,OP,VPI.HM,SN,12825975923970.0,0.024715
2024,OP,VRE.HM,BN,46468911484500.0,0.032452
2024,OP,VSH.HM,SR,10476459176307.0,0.102085
2024,OP,VTP.HM,SW,9807480052131.0,0.004438
2024,INV,ACB.HM,BN,100287982658220.0,0.151781
2024,INV,ACG.HM,SN,6535416304517.0,0.09719
2024,INV,BCM.HM,BC,63935415584685.0,-0.014143
2024,INV,BHN.HM,SC,8341962549644.0,0.020521
2024,INV,BID.HM,BA,241039394054533.0,0.203732
2024,INV,BMP.HM,SN,6822571215546.0,0.072857
2024,INV,BSI.HM,SC,10301385902480.0,-0.068887
2024,INV,BSR.HM,BA,64621886113387.0,0.175045
2024,INV,BVB.HM,SC,5919821838731.0,0.033408
2024,INV,BVH.HM,BA,32735720502408.0,0.189729
2024,INV,BWE.HM,SN,9496885262499.0,0.100667
2024,INV,CMG.HM,SA,11616799474640.0,0.154527
2024,INV,CTD.HM,SA,6820596406298.0,0.260313
2024,INV,CTG.HM,BA,162629911019658.0,0.181004
2024,INV,CTR.HM,SA,15101478306343.0,0.528978
2024,INV,DBC.HM,SA,8127651698624.0,0.198494
2024,INV,DCM.HM,SA,18001059026400.0,0.279507
2024,INV,DGC.HM,BA,43390210106362.0,0.573306
2024,INV,DGW.HM,SC,9750009244970.0,-0.028939
2024,INV,DHG.HM,SN,12410377529291.0,0.119984
2024,INV,DIG.HM,SC,16191568782327.0,-0.124599
2024,INV,DPM.HM,SA,12872624638669.0,0.271654
2024,INV,DXG.HM,SN,11531251743709.0,0.073144
2024,INV,EIB.HM,BN,32405068520761.0,0.115925
2024,INV,EVF.HM,SA,10070751297049.0,0.302909
2024,INV,FPT.HM,BC,166550960169412.0,-0.038131
2024,INV,FRT.HM,BC,22966575260329.0,-0.024316
2024,INV,FTS.HM,SC,12035577955502.0,-0.440776
2024,INV,GAS.HM,BN,154233287064025.0,0.049444
2024,INV,GEX.HM,SC,18181204341969.0,-0.14389
2024,INV,GMD.HM,BA,23601367406265.0,0.214276
2024,INV,GVR.HM,BC,133633434452000.0,-0.007167
2024,INV,HAG.HM,SN,12794531324300.0,0.073684
2024,INV,HCM.HM,SC,16590089988218.0,-0.366125
2024,INV,HDB.HM,BN,64340855161154.0,0.111212
2024,INV,HDG.HM,SC,9297447738439.0,-0.049499
2024,INV,HPG.HM,BC,177764085660568.0,-0.044328
2024,INV,HSG.HM,SC,14303744813986.0,-0.303874
2024,INV,KBC.HM,BN,22260538011000.0,0.12595
2024,INV,KDC.HM,SC,15384070421059.0,-0.004826
2024,INV,KDH.HM,BA,29494617570799.0,0.498623
2024,INV,KOS.HM,SA,8507716465500.0,0.247947
2024,INV,LGC.HM,SN,10860549916286.0,0.046962
2024,INV,LPB.HM,BN,63486460781705.0,0.133308
2024,INV,MBB.HM,BA,112474931081042.0,0.19994
2024,INV,MCH.HM,BN,131610777929229.0,0.10967
2024,INV,MSB.HM,BC,28599985782364.0,0.044732
2024,INV,MSN.HM,BN,113015728098900.0,0.120937
2024,INV,MWG.HM,BC,88550355435632.0,-0.113342
2024,INV,NAB.HM,SA,16875757007881.0,0.158846
2024,INV,NKG.HM,SC,6200189341137.0,-0.125806
2024,INV,NLG.HM,SN,15423420978258.0,0.1468
2024,INV,NT2.HM,SN,5812767224540.0,0.123899
2024,INV,NVL.HM,BA,25936402670855.0,0.276967
2024,INV,OCB.HM,BN,27481736545539.0,0.05151
2024,INV,PC1.HM,SA,8941117790219.0,0.164145
2024,INV,PDR.HM,BN,20693421520751.0,0.111494
2024,INV,PGV.HM,BC,26059583221989.0,-0.024382
2024,INV,PHR.HM,SN,7606778371550.0,0.050806
2024,INV,PLX.HM,BN,50281821454250.0,0.14947
2024,INV,PNJ.HM,BA,30499119768862.0,0.255966
2024,INV,POW.HM,BN,34893900218851.0,0.072981
2024,INV,PVD.HM,SC,15655933344405.0,-0.002753
2024,INV,PVT.HM,SN,10072478999718.0,0.140751
2024,INV,REE.HM,BN,28561892077368.0,0.065591
2024,INV,SAB.HM,BN,64817005919451.0,0.130483
2024,INV,SBT.HM,SA,8737910455403.0,0.2358
2024,INV,SCS.HM,SN,7152914046536.0,0.098929
2024,INV,SHB.HM,BN,38530395291916.0,0.087445
2024,INV,SIP.HM,SN,14507483211721.0,0.066574
2024,INV,SJS.HM,SC,7175540731644.0,-0.023973
2024,INV,SSB.HM,BN,51910535142966.0,0.093354
2024,INV,SSI.HM,BC,46606456913337.0,0.028219
2024,INV,STB.HM,BN,54294212620800.0,0.135844
2024,INV,SZC.HM,SN,6778818807285.0,0.127951
2024,INV,TCB.HM,BA,156956782171411.0,0.229114
2024,INV,TMS.HM,SC,6990295212676.0,-0.02851
2024,INV,TPB.HM,BN,35300764947105.0,0.12228
2024,INV,VBB.HM,SN,5825759577388.0,0.076703
2024,INV,VCB.HM,BA,468836459320660.0,0.281861
2024,INV,VCG.HM,SC,10543531092751.0,0.033255
2024,INV,VCI.HM,SC,19652439229885.0,-0.143873
2024,INV,VGC.HM,BC,20324298581864.0,0.043727
2024,INV,VHC.HM,SA,14788136670730.0,0.325679
2024,INV,VHM.HM,BA,157870018442412.0,0.569574
2024,INV,VIB.HM,BN,44367809823740.0,0.107528
2024,INV,VIC.HM,BA,158666244260200.0,0.347872
2024,INV,VIX.HM,SA,10456093980469.0,0.722787
2024,INV,VJC.HM,BA,54973566799373.0,0.317175
2024,INV,VND.HM,BN,22263142416315.0,0.047873
2024,INV,VNM.HM,BC,117252945552700.0,-0.090934
2024,INV,VPB.HM,BA,141539108020761.0,0.152726
2024,INV,VPI.HM,SN,12825975923970.0,0.128159
2024,INV,VRE.HM,BN,46468911484500.0,0.127466
2024,INV,VSH.HM,SC,10476459176307.0,-0.030579
2024,INV,VTP.HM,SN,9807480052131.0,0.056175
2025,BM,ACB.HM,BH,106853229214568.0,0.8148988817656486
2025,BM,BAF.HM,SL,10701566748178.0,0.28680826323085495
2025,BM,BCM.HM,BL,65315540484000.0,0.322201417045247
2025,BM,BHN.HM,SN,8507060000000.0,0.5831840588605229
2025,BM,BID.HM,BN,249185048353366.0,0.625664786190989
2025,BM,BMP.HM,SL,10450444046323.0,0.2859791693975478
2025,BM,BSI.HM,SN,10072272956182.0,0.5100354033290928
2025,BM,BSR.HM,BH,54726769049083.0,1.022122446900075
2025,BM,BVB.HM,SN,8138411257139.0,0.7641799859333134
2025,BM,BVH.HM,BN,38674676688665.0,0.627612686725549
2025,BM,BWE.HM,SN,10248841041025.0,0.5160771014582953
2025,BM,CII.HM,SH,7914558687020.0,1.4575348354992683
2025,BM,CMG.HM,SL,8726724175491.0,0.42140849088507926
2025,BM,CTD.HM,SH,8444086194643.0,1.0358130480538972
2025,BM,CTG.HM,BN,219812686181728.0,0.7005154009750681
2025,BM,CTR.HM,SL,11275053161240.0,0.17788507940945464
2025,BM,DBC.HM,SN,11239891430279.0,0.6436352177366562
2025,BM,DCM.HM,SN,16867208635400.0,0.6263493034599237
2025,BM,DGC.HM,BL,37005180058737.0,0.38682679834652756
2025,BM,DGW.HM,SL,9415172625747.0,0.3309722980814453
2025,BM,DHG.HM,SL,12395763091981.0,0.351813350611887
2025,BM,DIG.HM,SN,11441833680411.0,0.697670666914139
2025,BM,DPM.HM,SH,13564169944324.0,0.839638900761472
2025,BM,DXG.HM,SH,17219143131664.0,0.9920589944852392
2025,BM,EIB.HM,BN,42563165869950.0,0.6051580391999224
2025,BM,EVF.HM,SH,7985940921000.0,1.1579935403331292
2025,BM,FPT.HM,BL,155395835745939.0,0.24387175187178312
2025,BM,FRT.HM,BL,24414637389265.0,0.09554093647528969
2025,BM,FTS.HM,SL,12838057924043.0,0.33267770981126593
2025,BM,GAS.HM,BL,149784046736524.0,0.42946622148131064
2025,BM,GEE.HM,BL,34085380673329.0,0.21841021032677563
2025,BM,GEX.HM,BN,33227464186347.0,0.7434796474535281
2025,BM,GMD.HM,SN,22880639555899.0,0.6162919709814446
2025,BM,GVR.HM,BN,119495928000000.0,0.5028054327940865
2025,BM,HAG.HM,SN,13693320714850.0,0.7115346973823311
2025,BM,HAH.HM,SN,8337438562968.0,0.5397090718838404
2025,BM,HCM.HM,SN,22433175196685.0,0.45961742476863604
2025,BM,HDB.HM,BH,76192336449057.0,0.8010324902007303
2025,BM,HDG.HM,SH,9209881013894.0,0.8233454957649765
2025,BM,HPG.HM,BN,171105085456394.0,0.6896164352707121
2025,BM,HSG.HM,SH,10308309412953.0,1.0974815088882879
2025,BM,IMP.HM,SL,7831132281498.0,0.27877439559511513
2025,BM,KBC.HM,BH,25191939803250.0,0.8532096871921339
2025,BM,KDC.HM,SL,16274062082727.0,0.4422912949461891
2025,BM,KDH.HM,BN,29727594343668.0,0.6582470648577059
2025,BM,KOS.HM,SL,8388651731250.0,0.2767226809428047
2025,BM,LGC.HM,SN,11944646817323.0,0.4902454248899581
2025,BM,LPB.HM,BN,91036724467130.0,0.5038868244492118
2025,BM,MBB.HM,BH,150321263476818.0,0.8227481936983116
2025,BM,MCH.HM,BL,127489012912144.0,0.127146944560302
2025,BM,MSB.HM,BH,31199975166248.0,1.2186114507273895
2025,BM,MSN.HM,BL,116192877081600.0,0.37290095648093197
2025,BM,MWG.HM,BL,94010884993841.0,0.31559253569131634
2025,BM,NAB.HM,BH,22990212572245.0,0.8792276685776697
2025,BM,NLG.HM,SH,14771822950566.0,0.9829105223919349
2025,BM,NVL.HM,BH,29544097779207.0,1.6536303109714163
2025,BM,OCB.HM,BH,27364803817276.0,1.1835721064413263
2025,BM,PC1.HM,SH,7832360488953.0,0.9943976067474308
2025,BM,PDR.HM,SN,16375594480649.0,0.678335800165452
2025,BM,PGV.HM,SN,20310355583421.0,0.7223136282157088
2025,BM,PHR.HM,SN,8068650687833.0,0.5034931712836449
2025,BM,PLX.HM,BN,45692809883764.0,0.6460573429709865
2025,BM,PNJ.HM,BL,27358287564732.0,0.42876555744551437
2025,BM,POW.HM,BH,30444342472195.0,1.1507653343393778
2025,BM,PVD.HM,SH,10899356373637.0,1.4912153784303182
2025,BM,PVT.HM,SH,8411769939541.0,1.2680758198340654
2025,BM,REE.HM,BN,36301404013341.0,0.6398510565593482
2025,BM,SAB.HM,BN,54095319010225.0,0.4733504856178774
2025,BM,SBT.HM,SN,16087260578443.0,0.6640171745152943
2025,BM,SHB.HM,BH,52441765613252.0,1.1722171303947435
2025,BM,SIP.HM,SL,13276505829670.0,0.39908634424865824
2025,BM,SJS.HM,SL,11275849721324.0,0.2712502207210034
2025,BM,SSB.HM,BN,51636723237395.0,0.7475223751619933
2025,BM,SSI.HM,BN,45556600952731.0,0.6081084305034012
2025,BM,STB.HM,BN,88039573937200.0,0.6572314518613429
2025,BM,TAL.HM,SL,16377151031974.0,0.2683632713030705
2025,BM,TCB.HM,BN,230536677390233.0,0.6678011791564166
2025,BM,TCH.HM,SH,13364315560960.0,1.0063330648329079
2025,BM,TPB.HM,BH,35534312705144.0,1.1113651283392667
2025,BM,VAB.HM,SH,8207384210383.0,1.0395168667806116
2025,BM,VBB.HM,SH,8374522756143.0,1.062506994022199
2025,BM,VCB.HM,BL,468918308142964.0,0.43705231900972663
2025,BM,VCG.HM,SN,14254626808800.0,0.7904017215793026
2025,BM,VCI.HM,BN,25167746633711.0,0.499850970795078
2025,BM,VGC.HM,SN,18063240579662.0,0.5674441662837442
2025,BM,VHC.HM,SN,12949444313502.0,0.7108381483072029
2025,BM,VHM.HM,BN,303370419756122.0,0.7363803273225747
2025,BM,VIB.HM,BH,47205502548830.0,0.9245377052146585
2025,BM,VIC.HM,BL,368167304642600.0,0.4276658600981632
2025,BM,VIX.HM,SH,18595930623403.0,0.8828285161780591
2025,BM,VJC.HM,BL,47715972758865.0,0.37361033601241933
2025,BM,VND.HM,BN,25448062261650.0,0.7897496662499486
2025,BM,VNM.HM,BL,112111378038267.0,0.3355813585591046
2025,BM,VPB.HM,BH,144215956917301.0,1.0485203248813277
2025,BM,VPI.HM,SL,15507858327240.0,0.3369006512806366
2025,BM,VPL.HM,BL,169646215664200.0,0.20976894686787717
2025,BM,VRE.HM,BH,54094383622824.0,0.7967562640239575
2025,BM,VSH.HM,SN,10820082013426.0,0.44623873295949135
2025,BM,VTP.HM,SL,14209594304894.0,0.11550453823925999
2025,OP,ACB.HM,BR,106853229214568.0,0.075808
2025,OP,BAF.HM,SW,10701566748178.0,-0.017201
2025,OP,BCM.HM,BR,65315540484000.0,0.088005
2025,OP,BHN.HM,SW,8507060000000.0,0.015305
2025,OP,BID.HM,BR,249185048353366.0,0.108814
2025,OP,BMP.HM,SR,10450444046323.0,0.133391
2025,OP,BSI.HM,SN,10072272956182.0,0.01907
2025,OP,BSR.HM,BN,54726769049083.0,0.04233
2025,OP,BVB.HM,SW,8138411257139.0,0.016959
2025,OP,BVH.HM,BR,38674676688665.0,0.6889
2025,OP,BWE.HM,SN,10248841041025.0,0.036564
2025,OP,CII.HM,SW,7914558687020.0,0.006226
2025,OP,CMG.HM,SN,8726724175491.0,0.0468
2025,OP,CTD.HM,SW,8444086194643.0,0.007799
2025,OP,CTG.HM,BR,219812686181728.0,0.082982
2025,OP,CTR.HM,SR,11275053161240.0,0.094108
2025,OP,DBC.HM,SW,11239891430279.0,0.001303
2025,OP,DCM.HM,SR,16867208635400.0,0.055316
2025,OP,DGC.HM,BR,37005180058737.0,0.06581
2025,OP,DGW.HM,SN,9415172625747.0,0.032931
2025,OP,DHG.HM,SR,12395763091981.0,0.064088
2025,OP,DIG.HM,SW,11441833680411.0,0.004454
2025,OP,DPM.HM,SW,13564169944324.0,0.010732
2025,OP,DXG.HM,SW,17219143131664.0,0.016405
2025,OP,EIB.HM,BN,42563165869950.0,0.02771
2025,OP,EVF.HM,SN,7985940921000.0,0.018682
2025,OP,FPT.HM,BR,155395835745939.0,0.085096
2025,OP,FRT.HM,BW,24414637389265.0,-0.056503
2025,OP,FTS.HM,SN,12838057924043.0,0.04552
2025,OP,GAS.HM,BN,149784046736524.0,0.050519
2025,OP,GEE.HM,BN,34085380673329.0,0.042146
2025,OP,GEX.HM,BW,33227464186347.0,0.001847
2025,OP,GMD.HM,BW,22880639555899.0,0.013426
2025,OP,GVR.HM,BN,119495928000000.0,0.019008
2025,OP,HAG.HM,SR,13693320714850.0,0.154769
2025,OP,HAH.HM,SN,8337438562968.0,0.021934
2025,OP,HCM.HM,SN,22433175196685.0,0.046364
2025,OP,HDB.HM,BR,76192336449057.0,0.123631
2025,OP,HDG.HM,SN,9209881013894.0,0.050404
2025,OP,HPG.HM,BN,171105085456394.0,0.032984
2025,OP,HSG.HM,SW,10308309412953.0,0.007881
2025,OP,IMP.HM,SN,7831132281498.0,0.047258
2025,OP,KBC.HM,BW,25191939803250.0,0.011202
2025,OP,KDC.HM,SN,16274062082727.0,0.022488
2025,OP,KDH.HM,BW,29727594343668.0,0.013669
2025,OP,KOS.HM,SW,8388651731250.0,0.003659
2025,OP,LGC.HM,SN,11944646817323.0,0.042391
2025,OP,LPB.HM,BR,91036724467130.0,0.138999
2025,OP,MBB.HM,BR,150321263476818.0,0.073467
2025,OP,MCH.HM,BR,127489012912144.0,0.098184
2025,OP,MSB.HM,BN,31199975166248.0,0.037093
2025,OP,MSN.HM,BW,116192877081600.0,-0.006318
2025,OP,MWG.HM,BN,94010884993841.0,0.019236
2025,OP,NAB.HM,BR,22990212572245.0,0.095079
2025,OP,NLG.HM,SN,14771822950566.0,0.021785
2025,OP,NVL.HM,BN,29544097779207.0,0.019061
2025,OP,OCB.HM,BN,27364803817276.0,0.032174
2025,OP,PC1.HM,SW,7832360488953.0,0.013342
2025,OP,PDR.HM,SW,16375594480649.0,-0.009219
2025,OP,PGV.HM,SW,20310355583421.0,-0.021691
2025,OP,PHR.HM,SN,8068650687833.0,0.020888
2025,OP,PLX.HM,BW,45692809883764.0,0.018212
2025,OP,PNJ.HM,BR,27358287564732.0,0.080972
2025,OP,POW.HM,BN,30444342472195.0,0.024114
2025,OP,PVD.HM,SW,10899356373637.0,-0.008139
2025,OP,PVT.HM,SN,8411769939541.0,0.031361
2025,OP,REE.HM,BN,36301404013341.0,0.018802
2025,OP,SAB.HM,BN,54095319010225.0,0.048386
2025,OP,SBT.HM,SW,16087260578443.0,0.015845
2025,OP,SHB.HM,BR,52441765613252.0,0.077889
2025,OP,SIP.HM,SR,13276505829670.0,0.085813
2025,OP,SJS.HM,SN,11275849721324.0,0.035794
2025,OP,SSB.HM,BR,51636723237395.0,0.058001
2025,OP,SSI.HM,BN,45556600952731.0,0.031412
2025,OP,STB.HM,BR,88039573937200.0,0.071523
2025,OP,TAL.HM,SR,16377151031974.0,0.14655
2025,OP,TCB.HM,BN,230536677390233.0,0.053751
2025,OP,TCH.HM,SN,13364315560960.0,0.048259
2025,OP,TPB.HM,BR,35534312705144.0,0.080683
2025,OP,VAB.HM,SR,8207384210383.0,0.109883
2025,OP,VBB.HM,SN,8374522756143.0,0.052836
2025,OP,VCB.HM,BR,468918308142964.0,0.059331
2025,OP,VCG.HM,SN,14254626808800.0,0.023354
2025,OP,VCI.HM,BN,25167746633711.0,0.022402
2025,OP,VGC.HM,SW,18063240579662.0,-0.002795
2025,OP,VHC.HM,SW,12949444313502.0,0.010908
2025,OP,VHM.HM,BW,303370419756122.0,-0.006539
2025,OP,VIB.HM,BR,47205502548830.0,0.097466
2025,OP,VIC.HM,BW,368167304642600.0,-0.082715
2025,OP,VIX.HM,SW,18595930623403.0,0.014691
2025,OP,VJC.HM,BW,47715972758865.0,-0.145068
2025,OP,VND.HM,BN,25448062261650.0,0.04631
2025,OP,VNM.HM,BR,112111378038267.0,0.078209
2025,OP,VPB.HM,BR,144215956917301.0,0.066087
2025,OP,VPI.HM,SW,15507858327240.0,-0.001326
2025,OP,VRE.HM,BN,54094383622824.0,0.036254
2025,OP,VSH.HM,SN,10820082013426.0,0.053664
2025,OP,VTP.HM,SR,14209594304894.0,0.082875
2025,INV,ACB.HM,BA,106853229214568.0,0.182471
2025,INV,BAF.HM,SA,10701566748178.0,0.381588
2025,INV,BCM.HM,BN,65315540484000.0,0.10596
2025,INV,BHN.HM,SC,8507060000000.0,-0.011502
2025,INV,BID.HM,BN,249185048353366.0,0.085004
2025,INV,BMP.HM,SN,10450444046323.0,0.069039
2025,INV,BSI.HM,SA,10072272956182.0,0.489224
2025,INV,BSR.HM,BN,54726769049083.0,0.103286
2025,INV,BVB.HM,SN,8138411257139.0,0.111506
2025,INV,BVH.HM,BN,38674676688665.0,0.096386
2025,INV,BWE.HM,SA,10248841041025.0,0.213714
2025,INV,CII.HM,SN,7914558687020.0,0.161929
2025,INV,CMG.HM,SC,8726724175491.0,0.051465
2025,INV,CTD.HM,SN,8444086194643.0,0.141552
2025,INV,CTG.HM,BN,219812686181728.0,0.123729
2025,INV,CTR.HM,SN,11275053161240.0,0.153629
2025,INV,DBC.HM,SC,11239891430279.0,0.002898
2025,INV,DCM.HM,SN,16867208635400.0,0.075606
2025,INV,DGC.HM,BN,37005180058737.0,0.163767
2025,INV,DGW.HM,SA,9415172625747.0,0.173649
2025,INV,DHG.HM,SA,12395763091981.0,0.182325
2025,INV,DIG.HM,SN,11441833680411.0,0.141025
2025,INV,DPM.HM,SC,13564169944324.0,-0.248013
2025,INV,DXG.HM,SC,17219143131664.0,-0.0506
2025,INV,EIB.HM,BN,42563165869950.0,0.08841
2025,INV,EVF.HM,SN,7985940921000.0,0.166435
2025,INV,FPT.HM,BN,155395835745939.0,0.167132
2025,INV,FRT.HM,BA,24414637389265.0,0.244651
2025,INV,FTS.HM,SA,12838057924043.0,0.557241
2025,INV,GAS.HM,BN,149784046736524.0,0.061597
2025,INV,GEE.HM,BC,34085380673329.0,-0.212214
2025,INV,GEX.HM,BC,33227464186347.0,0.05139
2025,INV,GMD.HM,SC,22880639555899.0,0.039551
2025,INV,GVR.HM,BC,119495928000000.0,-0.004918
2025,INV,HAG.HM,SC,13693320714850.0,0.055806
2025,INV,HAH.HM,SN,8337438562968.0,0.0613
2025,INV,HCM.HM,SN,22433175196685.0,0.159496
2025,INV,HDB.HM,BA,76192336449057.0,0.446923
2025,INV,HDG.HM,SC,9209881013894.0,-0.044129
2025,INV,HPG.HM,BN,171105085456394.0,0.102428
2025,INV,HSG.HM,SA,10308309412953.0,0.177571
2025,INV,IMP.HM,SC,7831132281498.0,0.050801
2025,INV,KBC.HM,BC,25191939803250.0,-0.042178
2025,INV,KDC.HM,SC,16274062082727.0,-0.11523
2025,INV,KDH.HM,BA,29727594343668.0,0.229417
2025,INV,KOS.HM,SC,8388651731250.0,-0.017078
2025,INV,LGC.HM,SA,11944646817323.0,0.797141
2025,INV,LPB.HM,BN,91036724467130.0,0.168171
2025,INV,MBB.HM,BA,150321263476818.0,0.297065
2025,INV,MCH.HM,BA,127489012912144.0,0.209927
2025,INV,MSB.HM,BA,31199975166248.0,0.254869
2025,INV,MSN.HM,BC,116192877081600.0,0.042738
2025,INV,MWG.HM,BN,94010884993841.0,0.076604
2025,INV,NAB.HM,BA,22990212572245.0,0.18199
2025,INV,NLG.HM,SN,14771822950566.0,0.056361
2025,INV,NVL.HM,BC,29544097779207.0,-0.063043
2025,INV,OCB.HM,BA,27364803817276.0,0.237739
2025,INV,PC1.HM,SC,7832360488953.0,-0.069853
2025,INV,PDR.HM,SC,16375594480649.0,-0.077724
2025,INV,PGV.HM,SC,20310355583421.0,-0.112506
2025,INV,PHR.HM,SC,8068650687833.0,-0.027279
2025,INV,PLX.HM,BN,45692809883764.0,0.069822
2025,INV,PNJ.HM,BN,27358287564732.0,0.081759
2025,INV,POW.HM,BA,30444342472195.0,0.237827
2025,INV,PVD.HM,SC,10899356373637.0,0.044861
2025,INV,PVT.HM,SA,8411769939541.0,0.227223
2025,INV,REE.HM,BC,36301404013341.0,0.029419
2025,INV,SAB.HM,BC,54095319010225.0,-0.011851
2025,INV,SBT.HM,SA,16087260578443.0,0.175397
2025,INV,SHB.HM,BN,52441765613252.0,0.144484
2025,INV,SIP.HM,SN,13276505829670.0,0.108244
2025,INV,SJS.HM,SN,11275849721324.0,0.102434
2025,INV,SSB.HM,BN,51636723237395.0,0.149937
2025,INV,SSI.HM,BA,45556600952731.0,0.325792
2025,INV,STB.HM,BN,88039573937200.0,0.139349
2025,INV,TCB.HM,BA,230536677390233.0,0.215225
2025,INV,TCH.HM,SA,13364315560960.0,0.172212
2025,INV,TPB.HM,BN,35534312705144.0,0.085201
2025,INV,VAB.HM,SN,8207384210383.0,0.067033
2025,INV,VBB.HM,SA,8374522756143.0,0.242137
2025,INV,VCB.HM,BC,468918308142964.0,0.014284
2025,INV,VCG.HM,SC,14254626808800.0,-0.04078
2025,INV,VCI.HM,BA,25167746633711.0,0.211503
2025,INV,VGC.HM,SC,18063240579662.0,0.049709
2025,INV,VHC.HM,SC,12949444313502.0,0.031015
2025,INV,VHM.HM,BA,303370419756122.0,0.228898
2025,INV,VIB.HM,BA,47205502548830.0,0.19569
2025,INV,VIC.HM,BN,368167304642600.0,0.1563
2025,INV,VIX.HM,SN,18595930623403.0,0.11521
2025,INV,VJC.HM,BA,47715972758865.0,0.277621
2025,INV,VND.HM,BN,25448062261650.0,0.073873
2025,INV,VNM.HM,BN,112111378038267.0,0.086437
2025,INV,VPB.HM,BA,144215956917301.0,0.295642
2025,INV,VPI.HM,SN,15507858327240.0,0.129314
2025,INV,VRE.HM,BN,54094383622824.0,0.115984
2025,INV,VSH.HM,SC,10820082013426.0,-0.01824
2025,INV,VTP.HM,SN,14209594304894.0,0.122005
