period,sort,portfolio,ticker_count
2018,BM,BH,6
2018,BM,BL,25
2018,BM,BN,18
2018,BM,SH,24
2018,BM,SL,5
2018,BM,SN,20
2019,BM,BH,8
2019,BM,BL,22
2019,BM,BN,20
2019,BM,SH,22
2019,BM,SL,8
2019,BM,SN,20
2020,BM,BH,9
2020,BM,BL,21
2020,BM,BN,20
2020,BM,SH,21
2020,BM,SL,9
2020,BM,SN,20
2020,OP,BN,18
2020,OP,BR,20
2020,OP,BW,8
2020,OP,SN,19
2020,OP,SR,8
2020,OP,SW,20
2021,BM,BH,5
2021,BM,BL,19
2021,BM,BN,26
2021,BM,SH,25
2021,BM,SL,11
2021,BM,SN,14
2021,OP,BN,18
2021,OP,BR,17
2021,OP,BW,14
2021,OP,SN,20
2021,OP,SR,13
2021,OP,SW,16
2021,INV,BA,16
2021,INV,BC,11
2021,INV,BN,19
2021,INV,SA,12
2021,INV,SC,17
2021,INV,SN,17
2022,BM,BH,13
2022,BM,BL,16
2022,BM,BN,20
2022,BM,SH,17
2022,BM,SL,14
2022,BM,SN,18
2022,OP,BN,22
2022,OP,BR,16
2022,OP,BW,9
2022,OP,SN,16
2022,OP,SR,12
2022,OP,SW,19
2022,INV,BA,17
2022,INV,BC,13
2022,INV,BN,17
2022,INV,SA,11
2022,INV,SC,15
2022,INV,SN,21
2023,BM,BH,13
2023,BM,BL,17
2023,BM,BN,19
2023,BM,SH,17
2023,BM,SL,13
2023,BM,SN,20
2023,OP,BN,24
2023,OP,BR,15
2023,OP,BW,10
2023,OP,SN,14
2023,OP,SR,15
2023,OP,SW,20
2023,INV,BA,11
2023,INV,BC,13
2023,INV,BN,24
2023,INV,SA,18
2023,INV,SC,16
2023,INV,SN,14
2024,BM,BH,15
2024,BM,BL,15
2024,BM,BN,19
2024,BM,SH,15
2024,BM,SL,15
2024,BM,SN,19
2024,OP,BN,19
2024,OP,BR,18
2024,OP,BW,11
2024,OP,SN,20
2024,OP,SR,11
2024,OP,SW,18
2024,INV,BA,16
2024,INV,BC,11
2024,INV,BN,21
2024,INV,SA,13
2024,INV,SC,18
2024,INV,SN,17
2025,BM,BH,15
2025,BM,BL,15
2025,BM,BN,19
2025,BM,SH,15
2025,BM,SL,15
2025,BM,SN,20
2025,OP,BN,18
2025,OP,BR,21
2025,OP,BW,10
2025,OP,SN,20
2025,OP,SR,9
2025,OP,SW,20
2025,INV,BA,17
2025,INV,BC,9
2025,INV,BN,22
2025,INV,SA,12
2025,INV,SC,20
2025,INV,SN,17
