model,portfolio,factor_source,maxlags,kernel,use_correction,inference_reference,term,coefficient_unit,observations,coefficient_ols,coefficient_hac,se_ols,t_ols,p_ols,log_p_ols,se_hac,z_hac,p_hac,log_p_hac,hac_covariance_manual_max_abs_gap
CAPM,SMALL LoBM,ff3_factors_monthly.csv,12,bartlett,True,standard normal (z),const,decimal return per month,606,-0.00447853864670632,-0.00447853864670632,0.00194912526452636,-2.2977172007437,0.021918819552797,-3.82040967087081,0.00234580431367472,-1.90916975495312,0.056240196584041,-2.87812353603703,2.16840434497101e-18
CAPM,SMALL LoBM,ff3_factors_monthly.csv,12,bartlett,True,standard normal (z),Mkt-RF,slope per decimal factor return,606,1.43190372416083,1.43190372416083,0.043231573866726,33.1217116585924,6.35129203939163e-138,-315.908084570201,0.0523198979586869,27.3682438236309,6.55121147356729e-165,-378.046890353676,2.16840434497101e-18
CAPM,SMALL LoBM,ff3_factors_monthly.csv,6,bartlett,True,standard normal (z),const,decimal return per month,606,-0.00447853864670632,-0.00447853864670632,0.00194912526452636,-2.2977172007437,0.021918819552797,-3.82040967087081,0.0021695092554771,-2.06430953700699,0.0389883773543248,-3.24449169382402,2.16840434497101e-18
CAPM,SMALL LoBM,ff3_factors_monthly.csv,6,bartlett,True,standard normal (z),Mkt-RF,slope per decimal factor return,606,1.43190372416083,1.43190372416083,0.043231573866726,33.1217116585924,6.35129203939163e-138,-315.908084570201,0.0485580621824665,29.4884857385819,4.04474801730043e-191,-438.39633350815,2.16840434497101e-18
FF3,SMALL LoBM,ff3_factors_monthly.csv,12,bartlett,True,standard normal (z),const,decimal return per month,606,-0.00494138782068176,-0.00494138782068176,0.000959675528464663,-5.1490193030005,3.5517773062135e-07,-14.8506475231166,0.00111587801156095,-4.42825091048211,9.50003483702314e-06,-11.5642150923094,2.81892564846231e-18
FF3,SMALL LoBM,ff3_factors_monthly.csv,12,bartlett,True,standard normal (z),Mkt-RF,slope per decimal factor return,606,1.1107038095983,1.1107038095983,0.0224546175757498,49.464383254419,3.15131802559088e-214,-491.605389114579,0.0312799230278396,35.5085211881679,3.63130316025811e-276,-634.223894085188,2.81892564846231e-18
FF3,SMALL LoBM,ff3_factors_monthly.csv,12,bartlett,True,standard normal (z),SMB,slope per decimal factor return,606,1.35891015356796,1.35891015356796,0.0322195291002988,42.1765988366153,6.8606514683437e-182,-417.144684521457,0.0457376747336385,29.7109584490644,5.5430512347273e-194,-444.98896292731,2.81892564846231e-18
FF3,SMALL LoBM,ff3_factors_monthly.csv,12,bartlett,True,standard normal (z),HML,slope per decimal factor return,606,-0.275116920157374,-0.275116920157374,0.0352454882534458,-7.80573440149397,2.6322108271343e-14,-31.2683671901667,0.0492528642706548,-5.58580550047909,2.32619467990551e-08,-17.5764469960645,2.81892564846231e-18
FF3,SMALL LoBM,ff3_factors_monthly.csv,6,bartlett,True,standard normal (z),const,decimal return per month,606,-0.00494138782068176,-0.00494138782068176,0.000959675528464663,-5.1490193030005,3.5517773062135e-07,-14.8506475231166,0.00104334920829059,-4.73608239831579,2.17889028975436e-06,-13.0366948521659,2.60208521396521e-18
FF3,SMALL LoBM,ff3_factors_monthly.csv,6,bartlett,True,standard normal (z),Mkt-RF,slope per decimal factor return,606,1.1107038095983,1.1107038095983,0.0224546175757498,49.464383254419,3.15131802559088e-214,-491.605389114579,0.0283098737703037,39.2337959049256,0,-773.541349021225,2.60208521396521e-18
FF3,SMALL LoBM,ff3_factors_monthly.csv,6,bartlett,True,standard normal (z),SMB,slope per decimal factor return,606,1.35891015356796,1.35891015356796,0.0322195291002988,42.1765988366153,6.8606514683437e-182,-417.144684521457,0.0427533625708422,31.7848719224423,1.0475926275491e-221,-508.824810755525,2.60208521396521e-18
FF3,SMALL LoBM,ff3_factors_monthly.csv,6,bartlett,True,standard normal (z),HML,slope per decimal factor return,606,-0.275116920157374,-0.275116920157374,0.0352454882534458,-7.80573440149397,2.6322108271343e-14,-31.2683671901667,0.0485273381805745,-5.66931817141174,1.43366909871678e-08,-18.0604437824357,2.60208521396521e-18
FF5,SMALL LoBM,ff5_factors_monthly.csv,12,bartlett,True,standard normal (z),const,decimal return per month,606,-0.00274699402810541,-0.00274699402810541,0.000898625169210321,-3.05688525341369,0.00233598304186219,-6.05932247351931,0.000848845602542573,-3.23615274659757,0.00121152535001264,-6.71587509344238,2.42861286636753e-17
FF5,SMALL LoBM,ff5_factors_monthly.csv,12,bartlett,True,standard normal (z),Mkt-RF,slope per decimal factor return,606,1.05354871866435,1.05354871866435,0.0217668773892806,48.4014633712775,2.41834653215935e-209,-480.357200380283,0.0232286579210693,45.3555570125618,0,-1032.60408554329,2.42861286636753e-17
FF5,SMALL LoBM,ff5_factors_monthly.csv,12,bartlett,True,standard normal (z),SMB,slope per decimal factor return,606,1.24369424065629,1.24369424065629,0.0305541134347785,40.7046417272458,9.39869233593245e-175,-400.711820707558,0.0485643906608179,25.6091803836779,1.2055455037938e-144,-331.385321226394,2.42861286636753e-17
FF5,SMALL LoBM,ff5_factors_monthly.csv,12,bartlett,True,standard normal (z),HML,slope per decimal factor return,606,-0.389785866298322,-0.389785866298322,0.0431971886241005,-9.02340820580286,2.45136318724722e-18,-40.5498874011129,0.0539236576101726,-7.228476026537,4.88444030335308e-13,-28.3475515045359,2.42861286636753e-17
FF5,SMALL LoBM,ff5_factors_monthly.csv,12,bartlett,True,standard normal (z),RMW,slope per decimal factor return,606,-0.476671064090183,-0.476671064090183,0.0419209458163163,-11.3707134895953,2.88270475763082e-27,-61.1110685054635,0.0567754667371131,-8.39572250981764,4.63038019994925e-17,-37.6113075995523,2.42861286636753e-17
FF5,SMALL LoBM,ff5_factors_monthly.csv,12,bartlett,True,standard normal (z),CMA,slope per decimal factor return,606,-0.168380197929218,-0.168380197929218,0.0640374987698516,-2.62939997913364,0.00877285631966364,-4.73609283353029,0.0833999061299446,-2.0189494897856,0.0434924696462195,-3.1351674674542,2.42861286636753e-17
FF5,SMALL LoBM,ff5_factors_monthly.csv,6,bartlett,True,standard normal (z),const,decimal return per month,606,-0.00274699402810541,-0.00274699402810541,0.000898625169210321,-3.05688525341369,0.00233598304186219,-6.05932247351931,0.00085182345154697,-3.22483963445322,0.00126043251198471,-6.67630035344025,2.60208521396521e-17
FF5,SMALL LoBM,ff5_factors_monthly.csv,6,bartlett,True,standard normal (z),Mkt-RF,slope per decimal factor return,606,1.05354871866435,1.05354871866435,0.0217668773892806,48.4014633712775,2.41834653215935e-209,-480.357200380283,0.0243108269043914,43.3366056534278,0,-943.026015564032,2.60208521396521e-17
FF5,SMALL LoBM,ff5_factors_monthly.csv,6,bartlett,True,standard normal (z),SMB,slope per decimal factor return,606,1.24369424065629,1.24369424065629,0.0305541134347785,40.7046417272458,9.39869233593245e-175,-400.711820707558,0.0455230043354485,27.3201265780218,2.44622687331042e-164,-376.729408465275,2.60208521396521e-17
FF5,SMALL LoBM,ff5_factors_monthly.csv,6,bartlett,True,standard normal (z),HML,slope per decimal factor return,606,-0.389785866298322,-0.389785866298322,0.0431971886241005,-9.02340820580286,2.45136318724722e-18,-40.5498874011129,0.0521626919600279,-7.47250288763881,7.86836419533388e-14,-30.1733411142895,2.60208521396521e-17
FF5,SMALL LoBM,ff5_factors_monthly.csv,6,bartlett,True,standard normal (z),RMW,slope per decimal factor return,606,-0.476671064090183,-0.476671064090183,0.0419209458163163,-11.3707134895953,2.88270475763082e-27,-61.1110685054635,0.0542127102605381,-8.7926071542886,1.46128709496921e-18,-41.0672140546321,2.60208521396521e-17
FF5,SMALL LoBM,ff5_factors_monthly.csv,6,bartlett,True,standard normal (z),CMA,slope per decimal factor return,606,-0.168380197929218,-0.168380197929218,0.0640374987698516,-2.62939997913364,0.00877285631966364,-4.73609283353029,0.0873456210509549,-1.92774630145443,0.0538866898825583,-2.92087177251651,2.60208521396521e-17
