scenario,model,t_months,mean_r_squared,mean_abs_alpha_pct,grs_f,grs_p_value,hml_spanning_alpha_pct_per_month,hml_spanning_p_ols,hml_spanning_p_hac12,hml_premium_mean_decimal,hml_premium_t,sample_start,sample_end,dropped_factor_months,dropped_asset_months
baseline,CAPM,60,0.3097396035,0.7005839487,0.4837243525,0.9738450684,0.8096927533,0.2992245615,0.2665901569,0.01740973257,2.602717377,2021-07-31,2026-06-30,,
baseline,FF3,60,0.3683374417,0.7359189689,0.7079463399,0.821143032,0.8096927533,0.2992245615,0.2665901569,0.01740973257,2.602717377,2021-07-31,2026-06-30,,
baseline,FF5,60,0.4702336658,0.7922734853,0.7727485682,0.7518755504,0.8096927533,0.2992245615,0.2665901569,0.01740973257,2.602717377,2021-07-31,2026-06-30,,
semiannual,CAPM,59,0.3100669389,0.7272962977,0.4869708988,0.9720407655,0.5625007784,0.4874518017,0.3126686794,0.01565590712,2.291403252,2021-08-31,2026-06-30,,2021-07-31
semiannual,FF3,59,0.3689819152,0.7592842804,0.9241140187,0.5853694318,0.5625007784,0.4874518017,0.3126686794,0.01565590712,2.291403252,2021-08-31,2026-06-30,,2021-07-31
semiannual,FF5,59,0.4810928399,0.8163135646,0.9844211867,0.5217705202,0.5625007784,0.4874518017,0.3126686794,0.01565590712,2.291403252,2021-08-31,2026-06-30,,2021-07-31
formation_weights,CAPM,60,0.3097396035,0.7005839487,0.4837243525,0.9738450684,1.125602945,0.125513247,0.08642087712,0.01669236005,2.802630126,2021-07-31,2026-06-30,,
formation_weights,FF3,60,0.3737403927,0.7613819956,0.7535618259,0.7748286018,1.125602945,0.125513247,0.08642087712,0.01669236005,2.802630126,2021-07-31,2026-06-30,,
formation_weights,FF5,60,0.4805723409,0.7645245335,0.766871877,0.7581078489,1.125602945,0.125513247,0.08642087712,0.01669236005,2.802630126,2021-07-31,2026-06-30,,
ex_financials,CAPM,60,0.2499283583,0.8561779109,0.5525245496,0.9441489264,1.369161739,0.1118627482,0.1424782097,0.0197546584,2.931095555,2021-07-31,2026-06-30,,
ex_financials,FF3,60,0.3582844069,0.9237070585,0.9134076451,0.5971905942,1.369161739,0.1118627482,0.1424782097,0.0197546584,2.931095555,2021-07-31,2026-06-30,,
ex_financials,FF5,60,0.4402013722,1.078817553,0.9242578219,0.5853819097,1.369161739,0.1118627482,0.1424782097,0.0197546584,2.931095555,2021-07-31,2026-06-30,,
